{
  "InputCols": {
    "List of Main Ingredients": "Chicken, yogurt, tomatoes, spices (fenugreek seeds, fennel seeds, mustard seeds, nigella seeds), ginger, garlic",
    "Nutritional Value per Serving": {
      "Calories": 320,
      "Saturated Fat in daily %": 12,
      "Sugar in g": 3,
      "Protein in g": 30,
      "Glycemic Index": 15
    },
    "Region where Dish is Popular": "North India",
    "Description": "Achari Chicken is a traditional North Indian dish made with marinated chicken cooked in a tangy and spicy pickle-like gravy. The combination of pickling spices gives it a unique and flavorful taste.",
    "Spice Level": 8,
    "Cooking Method": "Stovetop cooking",
    "Preparation Time": 45,
    "Contains Allergens": false
  },
  "OutputCols": {
    "Cuisine Type": "Indian",
    "Meal Type": "Lunch, Dinner",
    "Dietary Preference": "Non-Veg",
    "Protein Rich": true,
    "Pregnancy Safe": false,
    "Diabetic Friendly": false
  }
}