{
  "InputCols": {
    "List of Main Ingredients": "Espresso, Vanilla Ice Cream",
    "Nutritional Value per Serving": {
      "Calories": 140,
      "Saturated Fat in daily %": 12,
      "Sugar in g": 10,
      "Protein in g": 2,
      "Glycemic Index": 50
    },
    "Region where Dish is Popular": "Italy",
    "Description": "Affogato is a classic Italian dessert where a scoop of vanilla ice cream is 'drowned' in a shot of hot espresso. The contrast between the cold ice cream and hot coffee creates a delightful flavor combination.",
    "Spice Level": 1,
    "Cooking Method": "Pouring hot espresso over ice cream",
    "Preparation Time": 5,
    "Contains Allergens": false
  },
  "OutputCols": {
    "Cuisine Type": "Italian",
    "Meal Type": "Dessert",
    "Dietary Preference": "Non-Veg",
    "Protein Rich": false,
    "Pregnancy Safe": true,
    "Diabetic Friendly": false
  }
}