{
  "InputCols": {
    "List of Main Ingredients": "Rice flour, grated coconut, green chili, coriander leaves, salt, water",
    "Nutritional Value per Serving": {
      "Calories": 120,
      "Saturated Fat in daily %": 5,
      "Sugar in g": 1,
      "Protein in g": 2,
      "Glycemic Index": 45
    },
    "Region where Dish is Popular": "Karnataka, India",
    "Description": "Akki Roti is a popular South Indian flatbread made from rice flour, grated coconut, and spices. It is typically flavored with green chilies and coriander leaves, giving it a unique taste. The dough is flattened by hand on a skillet and cooked until crisp. Akki Roti is often served with chutney or curry and is a staple in Karnataka cuisine.",
    "Spice Level": 5,
    "Cooking Method": "Pan-frying",
    "Preparation Time": 30,
    "Contains Allergens": false
  },
  "OutputCols": {
    "Cuisine Type": "South Indian",
    "Meal Type": "Breakfast, Lunch, Dinner",
    "Dietary Preference": "Vegan",
    "Protein Rich": false,
    "Pregnancy Safe": true,
    "Diabetic Friendly": true
  }
}