{
  "InputCols": {
    "List of Main Ingredients": "Potatoes, Cauliflower, Onion, Tomato, Spices",
    "Nutritional Value per Serving": {
      "Calories": 170,
      "Saturated Fat in daily %": 4,
      "Sugar in g": 6,
      "Protein in g": 5,
      "Glycemic Index": 15
    },
    "Region where Dish is Popular": "India",
    "Description": "Aloo Gobi is a classic North Indian vegetarian dish made with potatoes, cauliflower, and a blend of aromatic spices. It is a comforting and flavorful curry that is often enjoyed with naan or rice.",
    "Spice Level": 6,
    "Cooking Method": "Stir-frying",
    "Preparation Time": 35,
    "Contains Allergens": false
  },
  "OutputCols": {
    "Cuisine Type": "Indian",
    "Meal Type": "Lunch, Dinner",
    "Dietary Preference": "Veg",
    "Protein Rich": false,
    "Pregnancy Safe": true,
    "Diabetic Friendly": true
  }
}