{
  "InputCols": {
    "List of Main Ingredients": "Wheat flour, potatoes, spices",
    "Nutritional Value per Serving": {
      "Calories": 250,
      "Saturated Fat in daily %": 12,
      "Sugar in g": 2,
      "Protein in g": 6,
      "Glycemic Index": 45
    },
    "Region where Dish is Popular": "India",
    "Description": "Aloo Paratha is a popular North Indian dish consisting of unleavened dough stuffed with a spiced mixture of mashed potatoes, which is rolled out and cooked on a hot griddle with ghee or oil. It is often served with yogurt, pickles, or chutney.",
    "Spice Level": 5,
    "Cooking Method": "Griddling",
    "Preparation Time": 40,
    "Contains Allergens": false
  },
  "OutputCols": {
    "Cuisine Type": "Indian",
    "Meal Type": "Breakfast, Lunch, Dinner",
    "Dietary Preference": "Vegetarian",
    "Protein Rich": false,
    "Pregnancy Safe": true,
    "Diabetic Friendly": false
  }
}