{
  "InputCols": {
    "List of Main Ingredients": "Potatoes, Green Peas, Spices",
    "Nutritional Value per Serving": {
      "Calories": 180,
      "Saturated Fat in daily %": 5,
      "Sugar in g": 5,
      "Protein in g": 4,
      "Glycemic Index": 35
    },
    "Region where Dish is Popular": "India",
    "Description": "Aloo Mutter is a classic North Indian dish made with potatoes, green peas, and aromatic spices. It is a comforting and flavorful curry that pairs well with rice or roti.",
    "Spice Level": 6,
    "Cooking Method": "Pan-frying and simmering",
    "Preparation Time": 40,
    "Contains Allergens": false
  },
  "OutputCols": {
    "Cuisine Type": "Indian",
    "Meal Type": "Lunch, Dinner",
    "Dietary Preference": "Veg",
    "Protein Rich": false,
    "Pregnancy Safe": true,
    "Diabetic Friendly": true
  }
}