{
  "InputCols": {
    "List of Main Ingredients": "Fish fillets, Gram flour (besan), Ginger, Garlic, Lemon juice, Spices",
    "Nutritional Value per Serving": {
      "Calories": 300,
      "Saturated Fat in daily %": 15,
      "Sugar in g": 2,
      "Protein in g": 25,
      "Glycemic Index": 45
    },
    "Region where Dish is Popular": "Punjab, India",
    "Description": "Amritsari Fish is a popular Punjabi dish known for its crispy and flavorful coating made with gram flour and spices. The fish fillets are marinated in a mix of ginger, garlic, lemon juice, and spices before being deep-fried to perfection. It is often served hot as a starter or main course and pairs well with mint chutney or a squeeze of lemon.",
    "Spice Level": 7,
    "Cooking Method": "Deep-fried",
    "Preparation Time": 45,
    "Contains Allergens": true
  },
  "OutputCols": {
    "Cuisine Type": "Punjabi",
    "Meal Type": "Starter, Main Course",
    "Dietary Preference": "Non-Veg",
    "Protein Rich": true,
    "Pregnancy Safe": false,
    "Diabetic Friendly": false
  }
}