{
  "InputCols": {
    "List of Main Ingredients": "Chicken, Onions, Tomatoes, Ginger, Garlic, Green Chilies, Curry Leaves, Spices",
    "Nutritional Value per Serving": {
      "Calories": 350,
      "Saturated Fat in daily %": 20,
      "Sugar in g": 5,
      "Protein in g": 30,
      "Glycemic Index": 30
    },
    "Region where Dish is Popular": "Andhra Pradesh, India",
    "Description": "Andhra Chicken Curry is a spicy and flavorful dish from the southern state of Andhra Pradesh in India. It is known for its rich, aromatic gravy made with a blend of spices and herbs, creating a perfect balance of heat and tanginess.",
    "Spice Level": 8,
    "Cooking Method": "Stovetop cooking",
    "Preparation Time": 40,
    "Contains Allergens": true
  },
  "OutputCols": {
    "Cuisine Type": "Indian",
    "Meal Type": "Lunch, Dinner",
    "Dietary Preference": "Non-Veg",
    "Protein Rich": true,
    "Pregnancy Safe": false,
    "Diabetic Friendly": false
  }
}