{
  "InputCols": {
    "List of Main Ingredients": "Rice flour, Coconut milk",
    "Nutritional Value per Serving": {
      "Calories": 120,
      "Saturated Fat in daily %": 5,
      "Sugar in g": 2,
      "Protein in g": 1,
      "Glycemic Index": 50
    },
    "Region where Dish is Popular": "South India",
    "Description": "Appam is a light and fluffy South Indian pancake made from fermented rice flour and coconut milk. It has a slightly sweet and tangy flavor with a crispy lace-like edge. Best enjoyed with coconut chutney or vegetable stew.",
    "Spice Level": 2,
    "Cooking Method": "Pouring batter into a special appam pan and cooking with a lid",
    "Preparation Time": 240,
    "Contains Allergens": false
  },
  "OutputCols": {
    "Cuisine Type": "South Indian",
    "Meal Type": "Breakfast, Snack",
    "Dietary Preference": "Vegan",
    "Protein Rich": false,
    "Pregnancy Safe": true,
    "Diabetic Friendly": true
  }
}