{
  "InputCols": {
    "List of Main Ingredients": "Rice flour, Coconut milk, Fish, Spices",
    "Nutritional Value per Serving": {
      "Calories": 350,
      "Saturated Fat in daily %": 10,
      "Sugar in g": 2,
      "Protein in g": 20,
      "Glycemic Index": 45
    },
    "Region where Dish is Popular": "Kerala, India",
    "Description": "Appam is a traditional South Indian pancake made from fermented rice flour and coconut milk. It is soft, fluffy, and slightly sweet, complementing the spicy and tangy flavors of fish curry that is a staple in Kerala cuisine.",
    "Spice Level": 8,
    "Cooking Method": "Steaming",
    "Preparation Time": 60,
    "Contains Allergens": true
  },
  "OutputCols": {
    "Cuisine Type": "South Indian",
    "Meal Type": "Breakfast, Dinner",
    "Dietary Preference": "Non-Vegetarian",
    "Protein Rich": true,
    "Pregnancy Safe": false,
    "Diabetic Friendly": false
  }
}