{
  "InputCols": {
    "List of Main Ingredients": "Rice flour, Coconut milk, Chicken, Onions, Ginger, Garlic, Curry leaves",
    "Nutritional Value per Serving": {
      "Calories": 350,
      "Saturated Fat in daily %": 12,
      "Sugar in g": 5,
      "Protein in g": 25,
      "Glycemic Index": 45
    },
    "Region where Dish is Popular": "Kerala, India",
    "Description": "Appam is a South Indian pancake made with rice flour and coconut milk, typically served with a flavorful chicken curry. The dish has a mild sweetness and a spongy texture, perfect for soaking up the spicy and aromatic curry.",
    "Spice Level": 7,
    "Cooking Method": "Steaming",
    "Preparation Time": 60,
    "Contains Allergens": true
  },
  "OutputCols": {
    "Cuisine Type": "South Indian",
    "Meal Type": "Breakfast, Lunch, Dinner",
    "Dietary Preference": "Non-Veg",
    "Protein Rich": true,
    "Pregnancy Safe": false,
    "Diabetic Friendly": false
  }
}