{
  "InputCols": {
    "List of Main Ingredients": "Rice flour, Coconut milk, Vegetables (carrots, potatoes, peas)",
    "Nutritional Value per Serving": {
      "Calories": 210,
      "Saturated Fat in daily %": 8,
      "Sugar in g": 6,
      "Protein in g": 3,
      "Glycemic Index": 52
    },
    "Region where Dish is Popular": "South India",
    "Description": "Appam is a popular South Indian dish made from fermented rice flour and coconut milk. It is soft in the center with a thin crispy edge, often enjoyed with vegetable stew which is a flavorful coconut-based curry loaded with mixed vegetables.",
    "Spice Level": 3,
    "Cooking Method": "Steaming",
    "Preparation Time": 45,
    "Contains Allergens": false
  },
  "OutputCols": {
    "Cuisine Type": "South Indian",
    "Meal Type": "Breakfast, Brunch",
    "Dietary Preference": "Veg",
    "Protein Rich": false,
    "Pregnancy Safe": true,
    "Diabetic Friendly": false
  }
}