{
  "InputCols": {
    "List of Main Ingredients": "Apples, sugar, flour, butter, cinnamon",
    "Nutritional Value per Serving": {
      "Calories": 277,
      "Saturated Fat in daily %": 21,
      "Sugar in g": 19,
      "Protein in g": 2,
      "Glycemic Index": 41
    },
    "Region where Dish is Popular": "United States",
    "Description": "Apple pie is a classic American dessert consisting of a flaky pastry crust filled with a mixture of sliced apples, sugar, and cinnamon. The warm, aromatic pie is often served with a scoop of vanilla ice cream or a dollop of whipped cream.",
    "Spice Level": 2,
    "Cooking Method": "Baking",
    "Preparation Time": 60,
    "Contains Allergens": true
  },
  "OutputCols": {
    "Cuisine Type": "American",
    "Meal Type": "Dessert",
    "Dietary Preference": "Non-Veg",
    "Protein Rich": false,
    "Pregnancy Safe": true,
    "Diabetic Friendly": false
  }
}