{
  "InputCols": {
    "List of Main Ingredients": "Toor dal, tamarind, mixed vegetables, sambar powder, fresh coconut, curry leaves, mustard seeds, dried red chilies, turmeric powder, asafoetida",
    "Nutritional Value per Serving": {
      "Calories": 150,
      "Saturated Fat in daily %": 5,
      "Sugar in g": 8,
      "Protein in g": 7,
      "Glycemic Index": 45
    },
    "Region where Dish is Popular": "Tamil Nadu, South India",
    "Description": "Arachuvitta Sambar is a traditional South Indian lentil stew cooked with a blend of spices, fresh coconut, and mixed vegetables. It has a rich aroma and flavors that come from roasted spices and coconut, making it a popular dish in Tamil Nadu.",
    "Spice Level": 6,
    "Cooking Method": "Pressure cooking, tempering",
    "Preparation Time": 45,
    "Contains Allergens": false
  },
  "OutputCols": {
    "Cuisine Type": "South Indian",
    "Meal Type": "Lunch, Dinner",
    "Dietary Preference": "Veg",
    "Protein Rich": true,
    "Pregnancy Safe": true,
    "Diabetic Friendly": true
  }
}