{
  "InputCols": {
    "List of Main Ingredients": "Arborio rice, mozzarella cheese, parmesan cheese, breadcrumbs, eggs, marinara sauce",
    "Nutritional Value per Serving": {
      "Calories": 150,
      "Saturated Fat in daily %": 12,
      "Sugar in g": 2,
      "Protein in g": 5,
      "Glycemic Index": 50
    },
    "Region where Dish is Popular": "Italy",
    "Description": "Arancini are Italian rice balls filled with gooey cheese, coated in crispy breadcrumbs, and deep-fried to perfection. These savory delights are commonly served as antipasto or street food, offering a delightful contrast of textures from the crunchy exterior to the molten cheese center.",
    "Spice Level": 3,
    "Cooking Method": "Deep-fried",
    "Preparation Time": 60,
    "Contains Allergens": true
  },
  "OutputCols": {
    "Cuisine Type": "Italian",
    "Meal Type": "Appetizer, Snack",
    "Dietary Preference": "Non-Veg",
    "Protein Rich": true,
    "Pregnancy Safe": false,
    "Diabetic Friendly": false
  }
}