{
  "InputCols": {
    "List of Main Ingredients": "Vegetables (like carrots, beans, and cucumbers), coconut, yogurt, curry leaves, and green chilies",
    "Nutritional Value per Serving": {
      "Calories": 150,
      "Saturated Fat in daily %": 5,
      "Sugar in g": 8,
      "Protein in g": 6,
      "Glycemic Index": 50
    },
    "Region where Dish is Popular": "South India",
    "Description": "Avial is a traditional South Indian dish made with a variety of vegetables cooked in a coconut and yogurt-based gravy. It is a signature dish of Kerala cuisine and is known for its creamy texture and blend of flavors.",
    "Spice Level": 3,
    "Cooking Method": "Stir-frying and simmering",
    "Preparation Time": 40,
    "Contains Allergens": false
  },
  "OutputCols": {
    "Cuisine Type": "South Indian",
    "Meal Type": "Lunch, Dinner",
    "Dietary Preference": "Vegetarian",
    "Protein Rich": true,
    "Pregnancy Safe": true,
    "Diabetic Friendly": true
  }
}