{
  "InputCols": {
    "List of Main Ingredients": "Almonds, milk, sugar, saffron, cardamom",
    "Nutritional Value per Serving": {
      "Calories": 250,
      "Saturated Fat in daily %": 20,
      "Sugar in g": 20,
      "Protein in g": 7,
      "Glycemic Index": 30
    },
    "Region where Dish is Popular": "Southern India",
    "Description": "Badam Payasam is a traditional Indian sweet dish made from ground almonds, milk, and sugar. It is flavored with saffron and cardamom, giving it a rich and aromatic taste. This creamy dessert is often served warm during festivals, celebrations, and special occasions in Southern India.",
    "Spice Level": 2,
    "Cooking Method": "Boiling and simmering",
    "Preparation Time": 45,
    "Contains Allergens": true
  },
  "OutputCols": {
    "Cuisine Type": "Indian",
    "Meal Type": "Dessert",
    "Dietary Preference": "Vegetarian",
    "Protein Rich": false,
    "Pregnancy Safe": true,
    "Diabetic Friendly": false
  }
}