{
  "InputCols": {
    "List of Main Ingredients": "Eggplant, tomatoes, onions, green chilies, garlic, spices",
    "Nutritional Value per Serving": {
      "Calories": 150,
      "Saturated Fat in daily %": 5,
      "Sugar in g": 8,
      "Protein in g": 3,
      "Glycemic Index": 15
    },
    "Region where Dish is Popular": "India",
    "Description": "Baingan Bharta is a smoky and flavorful Indian dish made with roasted eggplant seasoned with spices and aromatic herbs. It has a rich and earthy taste with a hint of tanginess from tomatoes.",
    "Spice Level": 7,
    "Cooking Method": "Roasting and mashing",
    "Preparation Time": 45,
    "Contains Allergens": false
  },
  "OutputCols": {
    "Cuisine Type": "Indian",
    "Meal Type": "Lunch, Dinner",
    "Dietary Preference": "Veg",
    "Protein Rich": false,
    "Pregnancy Safe": true,
    "Diabetic Friendly": true
  }
}