{
  "InputCols": {
    "List of Main Ingredients": "Beans, Tomato Sauce, Molasses, Brown Sugar, Onion, Mustard, Salt, Pepper",
    "Nutritional Value per Serving": {
      "Calories": 220,
      "Saturated Fat in daily %": 2,
      "Sugar in g": 15,
      "Protein in g": 8,
      "Glycemic Index": 48
    },
    "Region where Dish is Popular": "United States",
    "Description": "Baked beans is a classic American dish made with tender beans stewed in a rich, sweet, and savory sauce, typically flavored with molasses, brown sugar, and mustard. It is often served as a side dish at barbecues, picnics, and gatherings.",
    "Spice Level": 2,
    "Cooking Method": "Baking",
    "Preparation Time": 60,
    "Contains Allergens": false
  },
  "OutputCols": {
    "Cuisine Type": "American",
    "Meal Type": "Side Dish",
    "Dietary Preference": "Veg",
    "Protein Rich": true,
    "Pregnancy Safe": true,
    "Diabetic Friendly": true
  }
}