{
  "InputCols": {
    "List of Main Ingredients": "Chicken, Tomatoes, Onions, Bell Peppers, Garlic, Ginger, Yogurt, Spices",
    "Nutritional Value per Serving": {
      "Calories": 320,
      "Saturated Fat in daily %": 12,
      "Sugar in g": 4,
      "Protein in g": 25,
      "Glycemic Index": 45
    },
    "Region where Dish is Popular": "Kashmir, India",
    "Description": "Balti Chicken is a spicy and flavorful curry dish cooked in a 'balti' pan, known for its rich tomato-based sauce combined with tender pieces of chicken and vibrant spices. Originating from Kashmir, India, this dish showcases the perfect balance of heat and aromatic flavors, making it a popular choice for those who enjoy a zesty and robust curry experience.",
    "Spice Level": 8,
    "Cooking Method": "Stovetop cooking",
    "Preparation Time": 40,
    "Contains Allergens": true
  },
  "OutputCols": {
    "Cuisine Type": "Indian",
    "Meal Type": "Dinner",
    "Dietary Preference": "Non-Veg",
    "Protein Rich": true,
    "Pregnancy Safe": false,
    "Diabetic Friendly": false
  }
}