{
  "InputCols": {
    "List of Main Ingredients": "Bananas, Ice Cream, Chocolate sauce, Whipped cream, Nuts, Cherries",
    "Nutritional Value per Serving": {
      "Calories": 490,
      "Saturated Fat in daily %": 24,
      "Sugar in g": 45,
      "Protein in g": 5,
      "Glycemic Index": 30
    },
    "Region where Dish is Popular": "United States",
    "Description": "Banana Split is a classic American dessert featuring a split banana topped with scoops of ice cream, drizzled with chocolate sauce, dollops of whipped cream, sprinkled with nuts, and finished with a cherry on top. It is a delightful combination of flavors and textures that create a sweet and indulgent treat.",
    "Spice Level": 0,
    "Cooking Method": "Assembling",
    "Preparation Time": 10,
    "Contains Allergens": true
  },
  "OutputCols": {
    "Cuisine Type": "American",
    "Meal Type": "Dessert",
    "Dietary Preference": "Non-Veg",
    "Protein Rich": false,
    "Pregnancy Safe": false,
    "Diabetic Friendly": false
  }
}