{
  "InputCols": {
    "List of Main Ingredients": "Ripe bananas, ghee, sugar, cardamom, almonds",
    "Nutritional Value per Serving": {
      "Calories": 250,
      "Saturated Fat in daily %": 12,
      "Sugar in g": 20,
      "Protein in g": 2,
      "Glycemic Index": 55
    },
    "Region where Dish is Popular": "India",
    "Description": "Banana Halwa is a traditional Indian dessert made by cooking ripe bananas with ghee, sugar, and cardamom until it reaches a smooth, fudge-like consistency. The addition of almonds provides a delightful crunch to this sweet treat.",
    "Spice Level": 2,
    "Cooking Method": "Stovetop cooking",
    "Preparation Time": 45,
    "Contains Allergens": true
  },
  "OutputCols": {
    "Cuisine Type": "Indian",
    "Meal Type": "Dessert",
    "Dietary Preference": "Vegetarian",
    "Protein Rich": false,
    "Pregnancy Safe": true,
    "Diabetic Friendly": false
  }
}