{
  "InputCols": {
    "List of Main Ingredients": "Pork, Shrimp, Mushrooms, Green Onions",
    "Nutritional Value per Serving": {
      "Calories": 160,
      "Saturated Fat in daily %": 12,
      "Sugar in g": 2,
      "Protein in g": 8,
      "Glycemic Index": 50
    },
    "Region where Dish is Popular": "China",
    "Description": "Baozi are a type of filled bun or bread-like dumpling originating from China. They are typically steamed and filled with a savory mixture of ingredients such as pork, shrimp, mushrooms, and green onions, creating a delicious and satisfying meal or snack.",
    "Spice Level": 2,
    "Cooking Method": "Steaming",
    "Preparation Time": 60,
    "Contains Allergens": true
  },
  "OutputCols": {
    "Cuisine Type": "Chinese",
    "Meal Type": "Snack",
    "Dietary Preference": "Non-Veg",
    "Protein Rich": true,
    "Pregnancy Safe": false,
    "Diabetic Friendly": false
  }
}