{
  "InputCols": {
    "List of Main Ingredients": "Pork Ribs, BBQ Sauce, Brown Sugar, Paprika, Garlic Powder, Onion Powder, Salt, Pepper",
    "Nutritional Value per Serving": {
      "Calories": 402,
      "Saturated Fat in daily %": 34,
      "Sugar in g": 15,
      "Protein in g": 19,
      "Glycemic Index": 15
    },
    "Region where Dish is Popular": "Southern United States",
    "Description": "BBQ Ribs are a classic American dish known for their tender, fall-off-the-bone meat smothered in a tangy and sweet BBQ sauce. The dish is a favorite at summer cookouts and BBQ joints, where the ribs are slow-cooked to perfection, resulting in a flavorful and delicious meal.",
    "Spice Level": 5,
    "Cooking Method": "Grilling or Smoking",
    "Preparation Time": 240,
    "Contains Allergens": true
  },
  "OutputCols": {
    "Cuisine Type": "American",
    "Meal Type": "Lunch, Dinner",
    "Dietary Preference": "Non-Veg",
    "Protein Rich": true,
    "Pregnancy Safe": false,
    "Diabetic Friendly": false
  }
}