{
  "InputCols": {
    "List of Main Ingredients": "Beef Patty, Buns, Lettuce, Tomato, Onion, Cheese, Pickles",
    "Nutritional Value per Serving": {
      "Calories": 540,
      "Saturated Fat in daily %": 42,
      "Sugar in g": 9,
      "Protein in g": 28,
      "Glycemic Index": 55
    },
    "Region where Dish is Popular": "United States",
    "Description": "A classic American dish that consists of a juicy beef patty grilled to perfection, sandwiched between soft burger buns with crisp lettuce, ripe tomato slices, onion rings, melted cheese, and tangy pickles. It's a filling and flavorful meal that is a staple in fast-food chains and backyard barbecues.",
    "Spice Level": 2,
    "Cooking Method": "Grilling",
    "Preparation Time": 20,
    "Contains Allergens": true
  },
  "OutputCols": {
    "Cuisine Type": "American",
    "Meal Type": "Lunch, Dinner",
    "Dietary Preference": "Non-Veg",
    "Protein Rich": true,
    "Pregnancy Safe": false,
    "Diabetic Friendly": false
  }
}