{
  "InputCols": {
    "List of Main Ingredients": "Beef, Mushrooms, Onion, Sour Cream, Beef Broth, Butter, Garlic, Paprika",
    "Nutritional Value per Serving": {
      "Calories": 350,
      "Saturated Fat in daily %": 35,
      "Sugar in g": 4,
      "Protein in g": 25,
      "Glycemic Index": 40
    },
    "Region where Dish is Popular": "Russia",
    "Description": "Beef Stroganoff is a classic Russian dish featuring tender beef strips saut\u00e9ed with mushrooms and onions in a rich sour cream sauce. Seasoned with garlic and paprika, it is a hearty and flavorful meal often served over pasta or rice.",
    "Spice Level": 3,
    "Cooking Method": "Saut\u00e9ing",
    "Preparation Time": 30,
    "Contains Allergens": false
  },
  "OutputCols": {
    "Cuisine Type": "Russian",
    "Meal Type": "Dinner",
    "Dietary Preference": "Non-Veg",
    "Protein Rich": true,
    "Pregnancy Safe": false,
    "Diabetic Friendly": false
  }
}