{
  "InputCols": {
    "List of Main Ingredients": "Beef, Rice Noodles, Bean Sprouts, Green Onions, Soy Sauce",
    "Nutritional Value per Serving": {
      "Calories": 450,
      "Saturated Fat in daily %": 20,
      "Sugar in g": 8,
      "Protein in g": 25,
      "Glycemic Index": 45
    },
    "Region where Dish is Popular": "China",
    "Description": "Beef Chow Fun is a classic Chinese stir-fried noodle dish featuring tender beef slices, chewy rice noodles, crunchy bean sprouts, and flavorful soy sauce. It has a satisfying umami flavor with a hint of sweetness and is commonly enjoyed in Chinese homes and restaurants.",
    "Spice Level": 3,
    "Cooking Method": "Stir-Frying",
    "Preparation Time": 30,
    "Contains Allergens": false
  },
  "OutputCols": {
    "Cuisine Type": "Chinese",
    "Meal Type": "Lunch, Dinner",
    "Dietary Preference": "Non-Veg",
    "Protein Rich": true,
    "Pregnancy Safe": false,
    "Diabetic Friendly": false
  }
}