{
  "InputCols": {
    "List of Main Ingredients": "Beef, Broccoli",
    "Nutritional Value per Serving": {
      "Calories": 250,
      "Saturated Fat in daily %": 15,
      "Sugar in g": 5,
      "Protein in g": 20,
      "Glycemic Index": 45
    },
    "Region where Dish is Popular": "North America",
    "Description": "Beef and Broccoli is a popular Chinese-American dish known for its savory stir-fried beef slices and vibrant green broccoli florets, all coated in a flavorful brown sauce. This dish strikes a perfect balance between tender beef, crisp broccoli, and a delicious umami sauce, making it a favorite in both Chinese restaurants and home kitchens.",
    "Spice Level": 3,
    "Cooking Method": "Stir-Frying",
    "Preparation Time": 30,
    "Contains Allergens": true
  },
  "OutputCols": {
    "Cuisine Type": "Chinese-American",
    "Meal Type": "Lunch, Dinner",
    "Dietary Preference": "Non-Veg",
    "Protein Rich": true,
    "Pregnancy Safe": false,
    "Diabetic Friendly": false
  }
}