{
  "InputCols": {
    "List of Main Ingredients": "Puffed rice, Sev, Tomatoes, Onions, Potatoes, Green Chilies, Coriander Leaves, Tamarind Chutney, Green Chutney",
    "Nutritional Value per Serving": {
      "Calories": 180,
      "Saturated Fat in daily %": 3,
      "Sugar in g": 7,
      "Protein in g": 4,
      "Glycemic Index": 55
    },
    "Region where Dish is Popular": "India",
    "Description": "Bhel Puri is a popular Indian street food snack made with a combination of puffed rice, vegetables, chutneys, and spices. It is a flavorful and crunchy dish with a perfect balance of tangy and spicy flavors.",
    "Spice Level": 5,
    "Cooking Method": "Mixing",
    "Preparation Time": 15,
    "Contains Allergens": true
  },
  "OutputCols": {
    "Cuisine Type": "Indian",
    "Meal Type": "Snack",
    "Dietary Preference": "Veg",
    "Protein Rich": false,
    "Pregnancy Safe": true,
    "Diabetic Friendly": false
  }
}