{
  "InputCols": {
    "List of Main Ingredients": "Okra, Tomatoes, Onions, Spices",
    "Nutritional Value per Serving": {
      "Calories": 150,
      "Saturated Fat in daily %": 5,
      "Sugar in g": 5,
      "Protein in g": 3,
      "Glycemic Index": 15
    },
    "Region where Dish is Popular": "North India",
    "Description": "Bhindi Masala is a popular North Indian dish made with tender okra cooked with tangy tomatoes, onions, and aromatic spices. It is a vegetarian delight known for its flavorful taste and unique texture.",
    "Spice Level": 7,
    "Cooking Method": "Stir-Frying",
    "Preparation Time": 30,
    "Contains Allergens": false
  },
  "OutputCols": {
    "Cuisine Type": "Indian",
    "Meal Type": "Lunch, Dinner",
    "Dietary Preference": "Vegetarian",
    "Protein Rich": false,
    "Pregnancy Safe": true,
    "Diabetic Friendly": true
  }
}