{
  "InputCols": {
    "List of Main Ingredients": "Rice, assorted vegetables, beef, egg, gochujang (chili pepper paste)",
    "Nutritional Value per Serving": {
      "Calories": 600,
      "Saturated Fat in daily %": 20,
      "Sugar in g": 8,
      "Protein in g": 25,
      "Glycemic Index": 55
    },
    "Region where Dish is Popular": "South Korea",
    "Description": "Bibimbap is a popular Korean mixed rice dish topped with assorted vegetables, beef, a fried egg, and spicy gochujang sauce. It is known for its colorful presentation and delicious blend of flavors.",
    "Spice Level": 7,
    "Cooking Method": "Stir-fry, assemble",
    "Preparation Time": 45,
    "Contains Allergens": true
  },
  "OutputCols": {
    "Cuisine Type": "Korean",
    "Meal Type": "Lunch, Dinner",
    "Dietary Preference": "Non-Veg",
    "Protein Rich": true,
    "Pregnancy Safe": false,
    "Diabetic Friendly": false
  }
}