{
  "InputCols": {
    "List of Main Ingredients": "Flour, milk, sausage",
    "Nutritional Value per Serving": {
      "Calories": 350,
      "Saturated Fat in daily %": 35,
      "Sugar in g": 5,
      "Protein in g": 10,
      "Glycemic Index": 30
    },
    "Region where Dish is Popular": "Southern United States",
    "Description": "Biscuits and Gravy is a classic comfort food dish originating from the Southern United States. It consists of fluffy biscuits smothered in a creamy sausage gravy, creating a hearty and indulgent meal typically enjoyed for breakfast or brunch.",
    "Spice Level": 3,
    "Cooking Method": "Baking, Stovetop",
    "Preparation Time": 40,
    "Contains Allergens": true
  },
  "OutputCols": {
    "Cuisine Type": "American",
    "Meal Type": "Breakfast, Brunch",
    "Dietary Preference": "Non-Veg",
    "Protein Rich": true,
    "Pregnancy Safe": false,
    "Diabetic Friendly": false
  }
}