{
  "InputCols": {
    "List of Main Ingredients": "Rice, Toor Dal (Pigeon Pea), Vegetables (carrots, beans, peas), Tamarind, Spices",
    "Nutritional Value per Serving": {
      "Calories": 350,
      "Saturated Fat in daily %": 10,
      "Sugar in g": 10,
      "Protein in g": 12,
      "Glycemic Index": 50
    },
    "Region where Dish is Popular": "Karnataka, India",
    "Description": "Bisi Bele Bath is a flavorful and spicy South Indian dish made with rice, lentils, and an assortment of vegetables. Tamarind pulp adds a tangy twist to this one-pot meal. It is seasoned with a special spice blend that includes cinnamon, cloves, and fenugreek, offering a unique taste experience.",
    "Spice Level": 7,
    "Cooking Method": "Pressure cooking",
    "Preparation Time": 45,
    "Contains Allergens": true
  },
  "OutputCols": {
    "Cuisine Type": "South Indian",
    "Meal Type": "Lunch, Dinner",
    "Dietary Preference": "Veg",
    "Protein Rich": true,
    "Pregnancy Safe": true,
    "Diabetic Friendly": false
  }
}