{
  "InputCols": {
    "List of Main Ingredients": "Bombay Duck (Bombil), Spices, Oil, Lime Juice",
    "Nutritional Value per Serving": {
      "Calories": 200,
      "Saturated Fat in daily %": 10,
      "Sugar in g": 2,
      "Protein in g": 25,
      "Glycemic Index": 50
    },
    "Region where Dish is Popular": "Maharashtra, India",
    "Description": "Bombay Duck Fry is a popular Maharashtrian seafood dish made with marinated Bombay Duck coated in a flavorful spice mix and deep-fried until crispy. It is tangy, spicy, and succulent, perfect for seafood lovers.",
    "Spice Level": 8,
    "Cooking Method": "Deep frying",
    "Preparation Time": 30,
    "Contains Allergens": true
  },
  "OutputCols": {
    "Cuisine Type": "Maharashtrian",
    "Meal Type": "Lunch, Dinner",
    "Dietary Preference": "Non-Veg",
    "Protein Rich": true,
    "Pregnancy Safe": false,
    "Diabetic Friendly": false
  }
}