{
  "InputCols": {
    "List of Main Ingredients": "Cocoa powder, butter, sugar, eggs, flour, vanilla extract",
    "Nutritional Value per Serving": {
      "Calories": 250,
      "Saturated Fat in daily %": 30,
      "Sugar in g": 20,
      "Protein in g": 3,
      "Glycemic Index": 50
    },
    "Region where Dish is Popular": "North America",
    "Description": "Brownies are decadent, chocolatey treats with a fudgy or cakey texture. They are typically enjoyed as a dessert or snack, especially with a glass of milk or scoop of ice cream.",
    "Spice Level": 2,
    "Cooking Method": "Baking",
    "Preparation Time": 40,
    "Contains Allergens": true
  },
  "OutputCols": {
    "Cuisine Type": "American",
    "Meal Type": "Dessert, Snack",
    "Dietary Preference": "Non-Veg",
    "Protein Rich": false,
    "Pregnancy Safe": true,
    "Diabetic Friendly": false
  }
}