{
  "InputCols": {
    "List of Main Ingredients": "Bread, Tomatoes, Olive Oil, Garlic, Basil",
    "Nutritional Value per Serving": {
      "Calories": 150,
      "Saturated Fat in daily %": 5,
      "Sugar in g": 3,
      "Protein in g": 4,
      "Glycemic Index": 35
    },
    "Region where Dish is Popular": "Italy",
    "Description": "Bruschetta is a classic Italian appetizer that consists of grilled bread rubbed with garlic and topped with ripe tomatoes, fresh basil, and a drizzle of olive oil.",
    "Spice Level": 2,
    "Cooking Method": "Grilling",
    "Preparation Time": 15,
    "Contains Allergens": false
  },
  "OutputCols": {
    "Cuisine Type": "Italian",
    "Meal Type": "Appetizer, Snack",
    "Dietary Preference": "Veg",
    "Protein Rich": false,
    "Pregnancy Safe": true,
    "Diabetic Friendly": true
  }
}