{
  "InputCols": {
    "List of Main Ingredients": "Chicken wings, hot sauce, butter",
    "Nutritional Value per Serving": {
      "Calories": 290,
      "Saturated Fat in daily %": 24,
      "Sugar in g": 0,
      "Protein in g": 20,
      "Glycemic Index": 0
    },
    "Region where Dish is Popular": "United States",
    "Description": "Buffalo wings are crispy chicken wings coated in a spicy, tangy sauce made of hot sauce and butter. They are a popular American appetizer known for their bold flavors and served with a side of blue cheese dressing or celery sticks.",
    "Spice Level": 8,
    "Cooking Method": "Deep frying",
    "Preparation Time": 45,
    "Contains Allergens": true
  },
  "OutputCols": {
    "Cuisine Type": "American",
    "Meal Type": "Appetizer",
    "Dietary Preference": "Non-Veg",
    "Protein Rich": true,
    "Pregnancy Safe": false,
    "Diabetic Friendly": false
  }
}