{
  "InputCols": {
    "List of Main Ingredients": "Tortilla, Rice, Beans, Meat, Cheese, Salsa, Guacamole",
    "Nutritional Value per Serving": {
      "Calories": 350,
      "Saturated Fat in daily %": 12,
      "Sugar in g": 3,
      "Protein in g": 20,
      "Glycemic Index": 50
    },
    "Region where Dish is Popular": "Mexico",
    "Description": "A burrito is a Mexican dish consisting of a flour tortilla filled with ingredients such as rice, beans, meat, cheese, salsa, and guacamole. It is typically folded into a cylinder shape for easy consumption, offering a delicious blend of flavors and textures.",
    "Spice Level": 6,
    "Cooking Method": "Grilling or Pan-Searing",
    "Preparation Time": 30,
    "Contains Allergens": true
  },
  "OutputCols": {
    "Cuisine Type": "Mexican",
    "Meal Type": "Lunch, Dinner",
    "Dietary Preference": "Non-Veg",
    "Protein Rich": true,
    "Pregnancy Safe": false,
    "Diabetic Friendly": false
  }
}