{
  "InputCols": {
    "List of Main Ingredients": "Chicken, Butter, Tomato, Cream, Spices",
    "Nutritional Value per Serving": {
      "Calories": 380,
      "Saturated Fat in daily %": 30,
      "Sugar in g": 8,
      "Protein in g": 25,
      "Glycemic Index": 15
    },
    "Region where Dish is Popular": "North India",
    "Description": "Butter Chicken is a popular North Indian dish featuring tender chicken cooked in a creamy, buttery tomato sauce infused with aromatic spices.",
    "Spice Level": 6,
    "Cooking Method": "Simmering",
    "Preparation Time": 45,
    "Contains Allergens": true
  },
  "OutputCols": {
    "Cuisine Type": "Indian",
    "Meal Type": "Lunch, Dinner",
    "Dietary Preference": "Non-Veg",
    "Protein Rich": true,
    "Pregnancy Safe": false,
    "Diabetic Friendly": false
  }
}