{
  "InputCols": {
    "List of Main Ingredients": "All-purpose flour, yogurt, butter",
    "Nutritional Value per Serving": {
      "Calories": 320,
      "Saturated Fat in daily %": 35,
      "Sugar in g": 3,
      "Protein in g": 7,
      "Glycemic Index": 30
    },
    "Region where Dish is Popular": "India",
    "Description": "Butter Naan is a popular Indian flatbread made with all-purpose flour and yogurt, cooked in a tandoor oven and brushed with melted butter. It is soft, fluffy, and typically served alongside a variety of Indian curries.",
    "Spice Level": 3,
    "Cooking Method": "Baking/Grilling",
    "Preparation Time": 60,
    "Contains Allergens": true
  },
  "OutputCols": {
    "Cuisine Type": "Indian",
    "Meal Type": "Dinner",
    "Dietary Preference": "Non-Veg",
    "Protein Rich": false,
    "Pregnancy Safe": true,
    "Diabetic Friendly": false
  }
}