{
  "InputCols": {
    "List of Main Ingredients": "Cabbage, Lentils, Coconut, Spices",
    "Nutritional Value per Serving": {
      "Calories": 150,
      "Saturated Fat in daily %": 5,
      "Sugar in g": 5,
      "Protein in g": 8,
      "Glycemic Index": 35
    },
    "Region where Dish is Popular": "South India",
    "Description": "Cabbage Kootu is a traditional South Indian dish made with cabbage, lentils, and coconut. It is mildly spiced and has a creamy texture from the coconut. This dish is often served with rice and helps balance the flavors of a meal with its subtle taste.",
    "Spice Level": 3,
    "Cooking Method": "Boiling and Tempering",
    "Preparation Time": 30,
    "Contains Allergens": false
  },
  "OutputCols": {
    "Cuisine Type": "South Indian",
    "Meal Type": "Lunch, Dinner",
    "Dietary Preference": "Veg",
    "Protein Rich": true,
    "Pregnancy Safe": true,
    "Diabetic Friendly": true
  }
}