{
  "InputCols": {
    "List of Main Ingredients": "Cabbage, Coconut, Mustard Seeds, Urad Dal (Black Lentils), Curry Leaves",
    "Nutritional Value per Serving": {
      "Calories": 120,
      "Saturated Fat in daily %": 8,
      "Sugar in g": 5,
      "Protein in g": 3,
      "Glycemic Index": 15
    },
    "Region where Dish is Popular": "South India",
    "Description": "Cabbage Poriyal is a traditional South Indian stir-fry made with cabbage, coconut, and aromatic spices. It is a flavorful and nutritious dish often served as a side with rice and curry.",
    "Spice Level": 5,
    "Cooking Method": "Stir-frying",
    "Preparation Time": 20,
    "Contains Allergens": false
  },
  "OutputCols": {
    "Cuisine Type": "South Indian",
    "Meal Type": "Lunch, Dinner",
    "Dietary Preference": "Veg",
    "Protein Rich": false,
    "Pregnancy Safe": true,
    "Diabetic Friendly": true
  }
}