{
  "InputCols": {
    "List of Main Ingredients": "Romaine lettuce, croutons, Parmesan cheese, Caesar dressing",
    "Nutritional Value per Serving": {
      "Calories": 184,
      "Saturated Fat in daily %": 20,
      "Sugar in g": 2,
      "Protein in g": 5,
      "Glycemic Index": 15
    },
    "Region where Dish is Popular": "North America",
    "Description": "Caesar salad is a classic salad made with crisp Romaine lettuce, crunchy croutons, savory Parmesan cheese, and a creamy Caesar dressing. It is a refreshing and flavorful dish that is popular for its simplicity and delicious taste.",
    "Spice Level": 2,
    "Cooking Method": "Tossing",
    "Preparation Time": 15,
    "Contains Allergens": false
  },
  "OutputCols": {
    "Cuisine Type": "American",
    "Meal Type": "Lunch, Dinner",
    "Dietary Preference": "Veg",
    "Protein Rich": false,
    "Pregnancy Safe": true,
    "Diabetic Friendly": true
  }
}