{
  "InputCols": {
    "List of Main Ingredients": "Pizza dough, ricotta cheese, mozzarella cheese, pepperoni, marinara sauce",
    "Nutritional Value per Serving": {
      "Calories": 250,
      "Saturated Fat in daily %": 20,
      "Sugar in g": 3,
      "Protein in g": 12,
      "Glycemic Index": 45
    },
    "Region where Dish is Popular": "Italy",
    "Description": "Calzone is a folded pizza filled with delicious ingredients like ricotta cheese, mozzarella, pepperoni, and marinara sauce. It is baked to perfection, creating a crispy crust with gooey cheese and savory fillings inside.",
    "Spice Level": 3,
    "Cooking Method": "Baking",
    "Preparation Time": 30,
    "Contains Allergens": true
  },
  "OutputCols": {
    "Cuisine Type": "Italian",
    "Meal Type": "Dinner",
    "Dietary Preference": "Non-Veg",
    "Protein Rich": true,
    "Pregnancy Safe": false,
    "Diabetic Friendly": false
  }
}