{
  "InputCols": {
    "List of Main Ingredients": "Ricotta cheese, sugar, vanilla extract, cinnamon, chocolate chips, pistachios",
    "Nutritional Value per Serving": {
      "Calories": 210,
      "Saturated Fat in daily %": 28,
      "Sugar in g": 20,
      "Protein in g": 5,
      "Glycemic Index": 50
    },
    "Region where Dish is Popular": "Sicily, Italy",
    "Description": "Cannoli are traditional Sicilian pastries consisting of tube-shaped shells of fried pastry dough, filled with a sweet, creamy filling usually containing ricotta. They are often garnished with pistachios, chocolate chips, and sometimes a dusting of powdered sugar. Cannoli are a delightful Italian dessert enjoyed by many around the world.",
    "Spice Level": 2,
    "Cooking Method": "Frying",
    "Preparation Time": 60,
    "Contains Allergens": true
  },
  "OutputCols": {
    "Cuisine Type": "Italian",
    "Meal Type": "Dessert",
    "Dietary Preference": "Non-Veg",
    "Protein Rich": false,
    "Pregnancy Safe": false,
    "Diabetic Friendly": false
  }
}