{
  "InputCols": {
    "List of Main Ingredients": "Tomatoes, fresh mozzarella, basil, balsamic glaze, olive oil",
    "Nutritional Value per Serving": {
      "Calories": 220,
      "Saturated Fat in daily %": 18,
      "Sugar in g": 6,
      "Protein in g": 12,
      "Glycemic Index": 40
    },
    "Region where Dish is Popular": "Italy",
    "Description": "Caprese Salad is a simple, refreshing dish that highlights the flavors of ripe tomatoes, creamy fresh mozzarella, and fragrant basil. Drizzled with balsamic glaze and olive oil, it's a popular traditional Italian salad that is perfect for showcasing the bounty of summer produce.",
    "Spice Level": 2,
    "Cooking Method": "Assembly",
    "Preparation Time": 15,
    "Contains Allergens": false
  },
  "OutputCols": {
    "Cuisine Type": "Italian",
    "Meal Type": "Lunch, Dinner",
    "Dietary Preference": "Vegetarian",
    "Protein Rich": true,
    "Pregnancy Safe": true,
    "Diabetic Friendly": true
  }
}