{
  "InputCols": {
    "List of Main Ingredients": "Capsicum, Onion, Tomato, Ginger, Garlic, Green Chilies, Indian Spices",
    "Nutritional Value per Serving": {
      "Calories": 150,
      "Saturated Fat in daily %": 8,
      "Sugar in g": 8,
      "Protein in g": 2,
      "Glycemic Index": 30
    },
    "Region where Dish is Popular": "India",
    "Description": "Capsicum Masala is a spicy and flavorful Indian dish made with stir-fried capsicum, onions, and tomatoes cooked with a blend of aromatic Indian spices. It is a popular vegetarian curry enjoyed with rice or roti.",
    "Spice Level": 7,
    "Cooking Method": "Stir-Frying",
    "Preparation Time": 30,
    "Contains Allergens": false
  },
  "OutputCols": {
    "Cuisine Type": "Indian",
    "Meal Type": "Lunch, Dinner",
    "Dietary Preference": "Veg",
    "Protein Rich": false,
    "Pregnancy Safe": true,
    "Diabetic Friendly": false
  }
}