{
  "InputCols": {
    "List of Main Ingredients": "Vanilla Ice Cream, Caramel Sauce, Whipped Cream, Nuts, Cherry",
    "Nutritional Value per Serving": {
      "Calories": 380,
      "Saturated Fat in daily %": 30,
      "Sugar in g": 40,
      "Protein in g": 5,
      "Glycemic Index": 45
    },
    "Region where Dish is Popular": "North America",
    "Description": "Caramel Sundae is a classic dessert featuring creamy vanilla ice cream drizzled with rich caramel sauce, topped with whipped cream, crunchy nuts, and a cherry on top. It offers a delightful combination of flavors and textures, perfect for satisfying your sweet cravings.",
    "Spice Level": 0,
    "Cooking Method": "Assembly",
    "Preparation Time": 10,
    "Contains Allergens": true
  },
  "OutputCols": {
    "Cuisine Type": "Dessert",
    "Meal Type": "Dessert",
    "Dietary Preference": "Non-Veg",
    "Protein Rich": false,
    "Pregnancy Safe": true,
    "Diabetic Friendly": false
  }
}