{
  "InputCols": {
    "List of Main Ingredients": "Pizza dough, eggs, pancetta, Parmesan cheese, black pepper",
    "Nutritional Value per Serving": {
      "Calories": 350,
      "Saturated Fat in daily %": 35,
      "Sugar in g": 2,
      "Protein in g": 15,
      "Glycemic Index": 45
    },
    "Region where Dish is Popular": "Italy",
    "Description": "Carbonara Pizza is a fusion of classic carbonara pasta and traditional pizza. It features a creamy egg base topped with crispy pancetta, savory Parmesan cheese, and a generous sprinkle of black pepper on a golden pizza crust.",
    "Spice Level": 3,
    "Cooking Method": "Baking",
    "Preparation Time": 30,
    "Contains Allergens": true
  },
  "OutputCols": {
    "Cuisine Type": "Italian",
    "Meal Type": "Lunch, Dinner",
    "Dietary Preference": "Non-Veg",
    "Protein Rich": true,
    "Pregnancy Safe": false,
    "Diabetic Friendly": false
  }
}