{
  "InputCols": {
    "List of Main Ingredients": "Carrots, ghee, sugar, milk, cardamom, nuts",
    "Nutritional Value per Serving": {
      "Calories": 300,
      "Saturated Fat in daily %": 20,
      "Sugar in g": 20,
      "Protein in g": 5,
      "Glycemic Index": 45
    },
    "Region where Dish is Popular": "India",
    "Description": "Carrot halwa is a popular Indian dessert made by slow-cooking grated carrots in ghee, milk, and sugar, flavored with cardamom and garnished with nuts. It has a rich, sweet taste with a hint of spiciness from the cardamom.",
    "Spice Level": 3,
    "Cooking Method": "Slow-cooking",
    "Preparation Time": 60,
    "Contains Allergens": true
  },
  "OutputCols": {
    "Cuisine Type": "Indian",
    "Meal Type": "Dessert",
    "Dietary Preference": "Vegetarian",
    "Protein Rich": false,
    "Pregnancy Safe": true,
    "Diabetic Friendly": false
  }
}