{
  "InputCols": {
    "List of Main Ingredients": "Chicken, cashews, bell peppers, soy sauce, garlic, ginger",
    "Nutritional Value per Serving": {
      "Calories": 350,
      "Saturated Fat in daily %": 15,
      "Sugar in g": 8,
      "Protein in g": 25,
      "Glycemic Index": 35
    },
    "Region where Dish is Popular": "China",
    "Description": "Cashew Chicken is a popular Chinese-American dish that combines tender chicken pieces, crunchy cashews, and colorful bell peppers stir-fried in a savory soy sauce with hints of garlic and ginger. This dish offers a delightful blend of flavors and textures, making it a favorite in Chinese cuisine.",
    "Spice Level": 5,
    "Cooking Method": "Stir-fry",
    "Preparation Time": 30,
    "Contains Allergens": true
  },
  "OutputCols": {
    "Cuisine Type": "Chinese",
    "Meal Type": "Lunch, Dinner",
    "Dietary Preference": "Non-Veg",
    "Protein Rich": true,
    "Pregnancy Safe": true,
    "Diabetic Friendly": false
  }
}