{
  "InputCols": {
    "List of Main Ingredients": "Cauliflower, Olive Oil, Garlic, Salt, Pepper",
    "Nutritional Value per Serving": {
      "Calories": 50,
      "Saturated Fat in daily %": 2,
      "Sugar in g": 2,
      "Protein in g": 2,
      "Glycemic Index": 15
    },
    "Region where Dish is Popular": "Global",
    "Description": "Cauliflower rice is a low-carb, gluten-free alternative to traditional rice. It is made by grating cauliflower into rice-sized granules and can be used in various dishes as a healthy substitute. This light and fluffy 'rice' is easy to make and versatile in many cuisines.",
    "Spice Level": 3,
    "Cooking Method": "Sauteed",
    "Preparation Time": 15,
    "Contains Allergens": false
  },
  "OutputCols": {
    "Cuisine Type": "Multi-Cuisine",
    "Meal Type": "Side Dish, Main Course",
    "Dietary Preference": "Vegan",
    "Protein Rich": false,
    "Pregnancy Safe": true,
    "Diabetic Friendly": true
  }
}