{
  "InputCols": {
    "List of Main Ingredients": "Fish, Lime Juice, Onion, Cilantro, Chili Peppers",
    "Nutritional Value per Serving": {
      "Calories": 120,
      "Saturated Fat in daily %": 5,
      "Sugar in g": 2,
      "Protein in g": 20,
      "Glycemic Index": 15
    },
    "Region where Dish is Popular": "Latin America",
    "Description": "Ceviche is a popular Latin American dish made with raw fish marinated in citrus juices, typically lime or lemon, along with various seasonings like onion, cilantro, and chili peppers. The acidity of the citrus juice 'cooks' the fish by denaturing the proteins, resulting in a fresh and flavorful seafood dish.",
    "Spice Level": 4,
    "Cooking Method": "Raw marination",
    "Preparation Time": 30,
    "Contains Allergens": true
  },
  "OutputCols": {
    "Cuisine Type": "Latin American",
    "Meal Type": "Appetizer, Main Course",
    "Dietary Preference": "Non-Veg",
    "Protein Rich": true,
    "Pregnancy Safe": false,
    "Diabetic Friendly": true
  }
}