{
  "InputCols": {
    "List of Main Ingredients": "Chickpeas, tomatoes, onions, spices",
    "Nutritional Value per Serving": {
      "Calories": 180,
      "Saturated Fat in daily %": 5,
      "Sugar in g": 5,
      "Protein in g": 6,
      "Glycemic Index": 33
    },
    "Region where Dish is Popular": "India",
    "Description": "Chana Masala is a popular North Indian dish made with chickpeas cooked in a flavorful and aromatic tomato-based curry. It is often spiced with a blend of garam masala, cumin, coriander, and turmeric, offering a rich and robust flavor profile. This hearty and wholesome dish is commonly enjoyed with rice or flatbreads.",
    "Spice Level": 7,
    "Cooking Method": "Stovetop",
    "Preparation Time": 40,
    "Contains Allergens": true
  },
  "OutputCols": {
    "Cuisine Type": "Indian",
    "Meal Type": "Lunch, Dinner",
    "Dietary Preference": "Veg",
    "Protein Rich": true,
    "Pregnancy Safe": true,
    "Diabetic Friendly": true
  }
}