{
  "InputCols": {
    "List of Main Ingredients": "Pork, honey, soy sauce, hoisin sauce, garlic, ginger",
    "Nutritional Value per Serving": {
      "Calories": 250,
      "Saturated Fat in daily %": 20,
      "Sugar in g": 15,
      "Protein in g": 20,
      "Glycemic Index": 35
    },
    "Region where Dish is Popular": "China",
    "Description": "Char Siu, also known as Chinese BBQ pork, is a popular Cantonese dish featuring marinated and roasted pork with a sweet and savory taste. The pork is typically cooked to achieve a glossy, caramelized exterior while remaining tender and juicy inside.",
    "Spice Level": 4,
    "Cooking Method": "Roasting",
    "Preparation Time": 180,
    "Contains Allergens": true
  },
  "OutputCols": {
    "Cuisine Type": "Chinese",
    "Meal Type": "Lunch, Dinner",
    "Dietary Preference": "Non-Veg",
    "Protein Rich": true,
    "Pregnancy Safe": false,
    "Diabetic Friendly": false
  }
}