{
  "InputCols": {
    "List of Main Ingredients": "Ground beef, cheese, lettuce, tomato, onion, pickles, ketchup, mustard, hamburger buns",
    "Nutritional Value per Serving": {
      "Calories": 350,
      "Saturated Fat in daily %": 30,
      "Sugar in g": 6,
      "Protein in g": 25,
      "Glycemic Index": 50
    },
    "Region where Dish is Popular": "United States",
    "Description": "A classic American sandwich consisting of a grilled beef patty topped with melted cheese, fresh veggies, and condiments, sandwiched between soft burger buns. It is a popular choice at fast-food chains and backyard BBQs.",
    "Spice Level": 2,
    "Cooking Method": "Grilling",
    "Preparation Time": 20,
    "Contains Allergens": true
  },
  "OutputCols": {
    "Cuisine Type": "American",
    "Meal Type": "Lunch, Dinner",
    "Dietary Preference": "Non-Veg",
    "Protein Rich": true,
    "Pregnancy Safe": false,
    "Diabetic Friendly": false
  }
}