{
  "InputCols": {
    "List of Main Ingredients": "Chicken, onions, tomatoes, coconut milk, garlic, ginger, curry leaves, spices",
    "Nutritional Value per Serving": {
      "Calories": 320,
      "Saturated Fat in daily %": 20,
      "Sugar in g": 6,
      "Protein in g": 25,
      "Glycemic Index": 45
    },
    "Region where Dish is Popular": "Chettinad region in Tamil Nadu, India",
    "Description": "Chettinad Chicken Curry is a spicy and flavorful dish from the Chettinad region of Tamil Nadu, India. It is known for its robust flavors, rich coconut-based gravy, and aromatic spices like peppercorns, fennel, and cumin. The dish is a perfect blend of heat and tanginess, making it a favorite among spice lovers.",
    "Spice Level": 8,
    "Cooking Method": "Slow cooking in a mix of spices and coconut milk",
    "Preparation Time": 60,
    "Contains Allergens": false
  },
  "OutputCols": {
    "Cuisine Type": "Indian",
    "Meal Type": "Lunch, Dinner",
    "Dietary Preference": "Non-Veg",
    "Protein Rich": true,
    "Pregnancy Safe": false,
    "Diabetic Friendly": false
  }
}