{
  "InputCols": {
    "List of Main Ingredients": "Chicken, Bread, Lettuce, Tomato, Cheese, Mayonnaise",
    "Nutritional Value per Serving": {
      "Calories": 350,
      "Saturated Fat in daily %": 15,
      "Sugar in g": 3,
      "Protein in g": 25,
      "Glycemic Index": 50
    },
    "Region where Dish is Popular": "Global",
    "Description": "A classic sandwich featuring grilled chicken, fresh vegetables, cheese, and creamy mayonnaise layered between two slices of bread. It's a popular choice for a quick and satisfying meal.",
    "Spice Level": 3,
    "Cooking Method": "Grilling",
    "Preparation Time": 20,
    "Contains Allergens": false
  },
  "OutputCols": {
    "Cuisine Type": "American",
    "Meal Type": "Lunch, Dinner",
    "Dietary Preference": "Non-Veg",
    "Protein Rich": true,
    "Pregnancy Safe": true,
    "Diabetic Friendly": false
  }
}