{
  "InputCols": {
    "List of Main Ingredients": "Dough, Mozzarella Cheese, Tomato Sauce, Sausage, Pepperoni",
    "Nutritional Value per Serving": {
      "Calories": 350,
      "Saturated Fat in daily %": 35,
      "Sugar in g": 3,
      "Protein in g": 14,
      "Glycemic Index": 45
    },
    "Region where Dish is Popular": "Chicago, United States",
    "Description": "Chicago Deep Dish Pizza is a hearty pizza famous for its thick crust, layers of toppings, and chunky tomato sauce. It is baked in a deep-dish pan, creating a crispy outer crust while maintaining a soft and doughy center.",
    "Spice Level": 3,
    "Cooking Method": "Baking",
    "Preparation Time": 60,
    "Contains Allergens": true
  },
  "OutputCols": {
    "Cuisine Type": "American",
    "Meal Type": "Dinner",
    "Dietary Preference": "Non-Veg",
    "Protein Rich": true,
    "Pregnancy Safe": false,
    "Diabetic Friendly": false
  }
}