{
  "InputCols": {
    "List of Main Ingredients": "Chicken, Curry Paste, Coconut Milk, Vegetables, Spices",
    "Nutritional Value per Serving": {
      "Calories": 350,
      "Saturated Fat in daily %": 25,
      "Sugar in g": 8,
      "Protein in g": 25,
      "Glycemic Index": 45
    },
    "Region where Dish is Popular": "South Asia",
    "Description": "Chicken Curry is a flavorful dish with tender chicken cooked in a rich, spiced coconut curry sauce. It is a staple in South Asian cuisine, known for its aromatic blend of spices and creamy texture. This dish is perfect when served with rice or naan bread.",
    "Spice Level": 7,
    "Cooking Method": "Stovetop",
    "Preparation Time": 45,
    "Contains Allergens": true
  },
  "OutputCols": {
    "Cuisine Type": "South Asian",
    "Meal Type": "Lunch, Dinner",
    "Dietary Preference": "Non-Veg",
    "Protein Rich": true,
    "Pregnancy Safe": false,
    "Diabetic Friendly": false
  }
}