{
  "InputCols": {
    "List of Main Ingredients": "Chicken, Onions, Tomatoes, Yogurt, Spices",
    "Nutritional Value per Serving": {
      "Calories": 300,
      "Saturated Fat in daily %": 12,
      "Sugar in g": 5,
      "Protein in g": 25,
      "Glycemic Index": 30
    },
    "Region where Dish is Popular": "Indian Subcontinent",
    "Description": "Chicken Do Pyaza is a traditional Indian dish with succulent pieces of chicken cooked in a rich, spiced onion and tomato gravy. The dish gets its name 'Do Pyaza' which means 'double onions' as it contains a generous amount of onions. It is a flavorful and aromatic dish that pairs well with rice or Indian bread.",
    "Spice Level": 7,
    "Cooking Method": "Stovetop cooking",
    "Preparation Time": 45,
    "Contains Allergens": true
  },
  "OutputCols": {
    "Cuisine Type": "Indian",
    "Meal Type": "Lunch, Dinner",
    "Dietary Preference": "Non-Veg",
    "Protein Rich": true,
    "Pregnancy Safe": false,
    "Diabetic Friendly": false
  }
}