{
  "InputCols": {
    "List of Main Ingredients": "Chicken, Parmesan cheese, Tomato sauce, Mozzarella cheese, Bread crumbs, Olive oil, Spices",
    "Nutritional Value per Serving": {
      "Calories": 450,
      "Saturated Fat in daily %": 35,
      "Sugar in g": 8,
      "Protein in g": 40,
      "Glycemic Index": 50
    },
    "Region where Dish is Popular": "Italy",
    "Description": "Chicken Parmesan, also known as Chicken Parmigiana, is a classic Italian-American dish featuring breaded chicken cutlets topped with tomato sauce and melted cheese. It is a comforting and hearty meal with a crispy exterior, tender chicken, and gooey cheese.",
    "Spice Level": 3,
    "Cooking Method": "Baking and Frying",
    "Preparation Time": 45,
    "Contains Allergens": true
  },
  "OutputCols": {
    "Cuisine Type": "Italian-American",
    "Meal Type": "Lunch, Dinner",
    "Dietary Preference": "Non-Veg",
    "Protein Rich": true,
    "Pregnancy Safe": false,
    "Diabetic Friendly": false
  }
}