{
  "InputCols": {
    "List of Main Ingredients": "Chicken breast, burger buns, lettuce, tomato, onion, cheese, mayonnaise",
    "Nutritional Value per Serving": {
      "Calories": 450,
      "Saturated Fat in daily %": 20,
      "Sugar in g": 5,
      "Protein in g": 30,
      "Glycemic Index": 55
    },
    "Region where Dish is Popular": "Global",
    "Description": "A classic chicken burger featuring a juicy grilled chicken breast topped with fresh lettuce, tomato, onion, cheese, and creamy mayonnaise, all sandwiched between soft and toasted burger buns. It's a satisfying and flavorful sandwich loved by people worldwide.",
    "Spice Level": 3,
    "Cooking Method": "Grilling",
    "Preparation Time": 30,
    "Contains Allergens": true
  },
  "OutputCols": {
    "Cuisine Type": "Fast Food",
    "Meal Type": "Lunch, Dinner",
    "Dietary Preference": "Non-Veg",
    "Protein Rich": true,
    "Pregnancy Safe": false,
    "Diabetic Friendly": false
  }
}