{
  "InputCols": {
    "List of Main Ingredients": "Chicken, Coriander, Mint, Green Chilies, Garlic, Ginger, Vinegar, Spices",
    "Nutritional Value per Serving": {
      "Calories": 320,
      "Saturated Fat in daily %": 12,
      "Sugar in g": 2,
      "Protein in g": 25,
      "Glycemic Index": 15
    },
    "Region where Dish is Popular": "Goa, India",
    "Description": "Chicken Cafreal is a spicy and flavorful chicken dish from the Indian state of Goa. It is marinated in a vibrant green paste made from fresh coriander, mint, green chilies, and aromatic spices, giving it a unique taste. The chicken is typically pan-fried until tender and served hot with lemon wedges.",
    "Spice Level": 8,
    "Cooking Method": "Pan-Frying",
    "Preparation Time": 45,
    "Contains Allergens": false
  },
  "OutputCols": {
    "Cuisine Type": "Indian",
    "Meal Type": "Lunch, Dinner",
    "Dietary Preference": "Non-Veg",
    "Protein Rich": true,
    "Pregnancy Safe": false,
    "Diabetic Friendly": false
  }
}