{
  "InputCols": {
    "List of Main Ingredients": "Chicken, Onions, Tomatoes, Coconut, Spices",
    "Nutritional Value per Serving": {
      "Calories": 350,
      "Saturated Fat in daily %": 15,
      "Sugar in g": 5,
      "Protein in g": 25,
      "Glycemic Index": 30
    },
    "Region where Dish is Popular": "Maharashtra, India",
    "Description": "Chicken Kolhapuri is a spicy and flavorful dish originating from the city of Kolhapur in Maharashtra, India. It is made with succulent pieces of chicken cooked in a rich and aromatic gravy made from coconut, onions, tomatoes, and a blend of spices. This dish is known for its vibrant red color and bold flavors.",
    "Spice Level": 8,
    "Cooking Method": "Stovetop cooking",
    "Preparation Time": 45,
    "Contains Allergens": true
  },
  "OutputCols": {
    "Cuisine Type": "Indian",
    "Meal Type": "Lunch, Dinner",
    "Dietary Preference": "Non-Veg",
    "Protein Rich": true,
    "Pregnancy Safe": false,
    "Diabetic Friendly": false
  }
}