{
  "InputCols": {
    "List of Main Ingredients": "Chicken, Coconut, Black Pepper, Curry Leaves, Cumin, Coriander, Turmeric, Ginger, Garlic, Green Chilies",
    "Nutritional Value per Serving": {
      "Calories": 320,
      "Saturated Fat in daily %": 12,
      "Sugar in g": 3,
      "Protein in g": 25,
      "Glycemic Index": 45
    },
    "Region where Dish is Popular": "Chettinad region in Tamil Nadu, India",
    "Description": "Chicken Chettinad is a spicy and flavorful dish originating from the Chettinad region in Tamil Nadu, India. It is known for its rich coconut-based gravy seasoned with a blend of aromatic spices like black pepper, cumin, and coriander. The dish is cooked with tender chicken pieces and fresh curry leaves, creating a delicious and satisfying meal.",
    "Spice Level": 8,
    "Cooking Method": "Stovetop cooking",
    "Preparation Time": 45,
    "Contains Allergens": true
  },
  "OutputCols": {
    "Cuisine Type": "Indian",
    "Meal Type": "Lunch, Dinner",
    "Dietary Preference": "Non-Veg",
    "Protein Rich": true,
    "Pregnancy Safe": false,
    "Diabetic Friendly": false
  }
}