{
  "InputCols": {
    "List of Main Ingredients": "Chicken, spices, yogurt, curry leaves",
    "Nutritional Value per Serving": {
      "Calories": 300,
      "Saturated Fat in daily %": 20,
      "Sugar in g": 2,
      "Protein in g": 25,
      "Glycemic Index": 50
    },
    "Region where Dish is Popular": "South India",
    "Description": "Chicken 65 is a spicy, deep-fried chicken dish originating from South India. It is marinated in a blend of spices and yogurt, giving it a tangy and flavorful taste. The dish is crispy on the outside and tender on the inside, often garnished with curry leaves for an extra aromatic touch.",
    "Spice Level": 8,
    "Cooking Method": "Deep-frying",
    "Preparation Time": 30,
    "Contains Allergens": true
  },
  "OutputCols": {
    "Cuisine Type": "Indian",
    "Meal Type": "Appetizer",
    "Dietary Preference": "Non-Veg",
    "Protein Rich": true,
    "Pregnancy Safe": false,
    "Diabetic Friendly": false
  }
}