{
  "InputCols": {
    "List of Main Ingredients": "Chicken, Basmati Rice, Yogurt, Onions, Tomatoes, Spices",
    "Nutritional Value per Serving": {
      "Calories": 400,
      "Saturated Fat in daily %": 20,
      "Sugar in g": 5,
      "Protein in g": 25,
      "Glycemic Index": 50
    },
    "Region where Dish is Popular": "South Asia",
    "Description": "Chicken Biryani is a flavorful and aromatic dish made with marinated chicken pieces layered with long-grain basmati rice, saffron-infused milk, and caramelized onions. It is cooked with a blend of spices and served with yogurt-based raita.",
    "Spice Level": 7,
    "Cooking Method": "Layered cooking",
    "Preparation Time": 60,
    "Contains Allergens": true
  },
  "OutputCols": {
    "Cuisine Type": "South Asian",
    "Meal Type": "Lunch, Dinner",
    "Dietary Preference": "Non-Veg",
    "Protein Rich": true,
    "Pregnancy Safe": false,
    "Diabetic Friendly": false
  }
}