{
  "InputCols": {
    "List of Main Ingredients": "Chicken breast, Parmesan cheese, Tomato sauce, Mozzarella cheese, Bread crumbs, Olive oil",
    "Nutritional Value per Serving": {
      "Calories": 420,
      "Saturated Fat in daily %": 24,
      "Sugar in g": 6,
      "Protein in g": 40,
      "Glycemic Index": 50
    },
    "Region where Dish is Popular": "Italy",
    "Description": "Chicken Parmigiana is a classic Italian-American dish featuring breaded chicken topped with tomato sauce and melted cheese. It is a comforting and satisfying meal with a flavorful blend of crispy chicken, tangy tomato sauce, and gooey cheese.",
    "Spice Level": 3,
    "Cooking Method": "Baking",
    "Preparation Time": 45,
    "Contains Allergens": true
  },
  "OutputCols": {
    "Cuisine Type": "Italian-American",
    "Meal Type": "Dinner",
    "Dietary Preference": "Non-Veg",
    "Protein Rich": true,
    "Pregnancy Safe": false,
    "Diabetic Friendly": false
  }
}