{
  "InputCols": {
    "List of Main Ingredients": "Chicken, Spices",
    "Nutritional Value per Serving": {
      "Calories": 250,
      "Saturated Fat in daily %": 12,
      "Sugar in g": 5,
      "Protein in g": 30,
      "Glycemic Index": 15
    },
    "Region where Dish is Popular": "India",
    "Description": "Chicken 69 is a spicy Indian dish made with marinated chicken cooked with aromatic spices. It has a fiery taste that is balanced with flavors of Indian herbs and condiments.",
    "Spice Level": 8,
    "Cooking Method": "Grilling",
    "Preparation Time": 45,
    "Contains Allergens": true
  },
  "OutputCols": {
    "Cuisine Type": "Indian",
    "Meal Type": "Dinner",
    "Dietary Preference": "Non-Veg",
    "Protein Rich": true,
    "Pregnancy Safe": false,
    "Diabetic Friendly": false
  }
}