{
  "InputCols": {
    "List of Main Ingredients": "Chicken, coconut, dried red chilies, coriander seeds, cumin seeds, turmeric, garlic, ginger, onions",
    "Nutritional Value per Serving": {
      "Calories": 320,
      "Saturated Fat in daily %": 15,
      "Sugar in g": 3,
      "Protein in g": 25,
      "Glycemic Index": 30
    },
    "Region where Dish is Popular": "Goa, India",
    "Description": "Chicken Xacuti is a flavorful Goan dish made with tender chicken cooked in a rich coconut-based gravy infused with aromatic spices like coriander, cumin, and turmeric. The dish has a perfect balance of heat and coconut sweetness, making it a favorite in Goan cuisine.",
    "Spice Level": 7,
    "Cooking Method": "Stovetop cooking",
    "Preparation Time": 45,
    "Contains Allergens": true
  },
  "OutputCols": {
    "Cuisine Type": "Indian",
    "Meal Type": "Lunch, Dinner",
    "Dietary Preference": "Non-Veg",
    "Protein Rich": true,
    "Pregnancy Safe": true,
    "Diabetic Friendly": false
  }
}