{
  "InputCols": {
    "List of Main Ingredients": "Ground beef, kidney beans, tomatoes, onions, garlic, chili peppers",
    "Nutritional Value per Serving": {
      "Calories": 300,
      "Saturated Fat in daily %": 20,
      "Sugar in g": 6,
      "Protein in g": 25,
      "Glycemic Index": 35
    },
    "Region where Dish is Popular": "Mexico",
    "Description": "Chili Con Carne is a hearty and flavorful dish made with ground beef, kidney beans, tomatoes, and a mix of spices including chili peppers. It has a rich and savory taste with a spicy kick.",
    "Spice Level": 8,
    "Cooking Method": "Stovetop",
    "Preparation Time": 60,
    "Contains Allergens": true
  },
  "OutputCols": {
    "Cuisine Type": "Mexican",
    "Meal Type": "Lunch, Dinner",
    "Dietary Preference": "Non-Veg",
    "Protein Rich": true,
    "Pregnancy Safe": false,
    "Diabetic Friendly": false
  }
}