{
  "InputCols": {
    "List of Main Ingredients": "Milk, cream, sugar, cocoa powder, chocolate",
    "Nutritional Value per Serving": {
      "Calories": 250,
      "Saturated Fat in daily %": 30,
      "Sugar in g": 20,
      "Protein in g": 5,
      "Glycemic Index": 30
    },
    "Region where Dish is Popular": "Global",
    "Description": "Chocolate ice cream is a creamy dessert made with rich cocoa powder and chunks of chocolate, creating a decadent treat loved by chocolate enthusiasts worldwide.",
    "Spice Level": 0,
    "Cooking Method": "Churning and freezing",
    "Preparation Time": 240,
    "Contains Allergens": true
  },
  "OutputCols": {
    "Cuisine Type": "Dessert",
    "Meal Type": "Dessert",
    "Dietary Preference": "Non-Veg",
    "Protein Rich": false,
    "Pregnancy Safe": true,
    "Diabetic Friendly": false
  }
}