{
  "InputCols": {
    "List of Main Ingredients": "Chickpeas, Wheat flour, Onions, Tomatoes",
    "Nutritional Value per Serving": {
      "Calories": 450,
      "Saturated Fat in daily %": 20,
      "Sugar in g": 10,
      "Protein in g": 15,
      "Glycemic Index": 30
    },
    "Region where Dish is Popular": "North India",
    "Description": "Chole Bhature is a popular North Indian dish consisting of spicy chickpeas curry (chole) served with deep-fried bread (bhature). It is a flavorful and fulfilling meal often enjoyed with pickles, onions, and achaar.",
    "Spice Level": 7,
    "Cooking Method": "Frying, Simmering",
    "Preparation Time": 60,
    "Contains Allergens": false
  },
  "OutputCols": {
    "Cuisine Type": "Indian",
    "Meal Type": "Lunch, Dinner",
    "Dietary Preference": "Veg",
    "Protein Rich": true,
    "Pregnancy Safe": true,
    "Diabetic Friendly": false
  }
}