{
  "InputCols": {
    "List of Main Ingredients": "Pork, Chicken, Shrimp, Mixed Vegetables, Soy Sauce",
    "Nutritional Value per Serving": {
      "Calories": 400,
      "Saturated Fat in daily %": 20,
      "Sugar in g": 8,
      "Protein in g": 25,
      "Glycemic Index": 45
    },
    "Region where Dish is Popular": "United States",
    "Description": "Chop Suey is a popular Chinese-American stir-fry dish made with a combination of meat, seafood, and vegetables cooked in a savory sauce. It is often served over steamed rice.",
    "Spice Level": 3,
    "Cooking Method": "Stir-Fry",
    "Preparation Time": 30,
    "Contains Allergens": true
  },
  "OutputCols": {
    "Cuisine Type": "Chinese-American",
    "Meal Type": "Lunch, Dinner",
    "Dietary Preference": "Non-Veg",
    "Protein Rich": true,
    "Pregnancy Safe": false,
    "Diabetic Friendly": false
  }
}