{
  "InputCols": {
    "List of Main Ingredients": "Noodles, vegetables, protein (chicken, beef, shrimp, or tofu)",
    "Nutritional Value per Serving": {
      "Calories": 400,
      "Saturated Fat in daily %": 12,
      "Sugar in g": 8,
      "Protein in g": 20,
      "Glycemic Index": 45
    },
    "Region where Dish is Popular": "China",
    "Description": "Chow Mein is a Chinese stir-fried noodle dish made with vegetables, protein, and a savory sauce. It is a popular Chinese takeout dish known for its flavorful combination of ingredients and crispy texture.",
    "Spice Level": 4,
    "Cooking Method": "Stir-fry",
    "Preparation Time": 30,
    "Contains Allergens": true
  },
  "OutputCols": {
    "Cuisine Type": "Chinese",
    "Meal Type": "Lunch, Dinner",
    "Dietary Preference": "Non-Veg",
    "Protein Rich": true,
    "Pregnancy Safe": true,
    "Diabetic Friendly": false
  }
}