{
  "InputCols": {
    "List of Main Ingredients": "Clams, potatoes, onions, celery, bacon, cream",
    "Nutritional Value per Serving": {
      "Calories": 350,
      "Saturated Fat in daily %": 20,
      "Sugar in g": 5,
      "Protein in g": 12,
      "Glycemic Index": 50
    },
    "Region where Dish is Popular": "New England, United States",
    "Description": "Clam chowder is a creamy soup made with clams, potatoes, onions, celery, bacon, and cream. It is a classic dish originating from the New England region in the United States, known for its rich and comforting flavors.",
    "Spice Level": 2,
    "Cooking Method": "Simmering",
    "Preparation Time": 45,
    "Contains Allergens": true
  },
  "OutputCols": {
    "Cuisine Type": "American",
    "Meal Type": "Lunch, Dinner",
    "Dietary Preference": "Non-Veg",
    "Protein Rich": true,
    "Pregnancy Safe": false,
    "Diabetic Friendly": false
  }
}