{
  "InputCols": {
    "List of Main Ingredients": "Coconut, Green Chilies, Ginger, Curry Leaves, Mustard Seeds, Urad Dal, Salt, Water",
    "Nutritional Value per Serving": {
      "Calories": 120,
      "Saturated Fat in daily %": 5,
      "Sugar in g": 2,
      "Protein in g": 2,
      "Glycemic Index": 15
    },
    "Region where Dish is Popular": "South India",
    "Description": "Coconut chutney is a popular South Indian condiment made from freshly grated coconut, green chilies, and aromatic spices like mustard seeds and curry leaves. It is usually served as a side dish with dosa, idli, or vada, adding a refreshing and spicy kick to the meal.",
    "Spice Level": 4,
    "Cooking Method": "Grinding and Tempering",
    "Preparation Time": 15,
    "Contains Allergens": false
  },
  "OutputCols": {
    "Cuisine Type": "South Indian",
    "Meal Type": "Breakfast, Snack",
    "Dietary Preference": "Veg",
    "Protein Rich": false,
    "Pregnancy Safe": true,
    "Diabetic Friendly": true
  }
}