{
  "InputCols": {
    "List of Main Ingredients": "Cornmeal, flour, baking powder, salt, milk, eggs, butter, sugar",
    "Nutritional Value per Serving": {
      "Calories": 198,
      "Saturated Fat in daily %": 17,
      "Sugar in g": 6,
      "Protein in g": 4,
      "Glycemic Index": 45
    },
    "Region where Dish is Popular": "Southern United States",
    "Description": "Cornbread is a classic Southern comfort food made with cornmeal and a touch of sweetness. It has a crumbly texture and slightly crispy crust, perfect for soaking up sauces or enjoying on its own.",
    "Spice Level": 2,
    "Cooking Method": "Baking",
    "Preparation Time": 40,
    "Contains Allergens": true
  },
  "OutputCols": {
    "Cuisine Type": "American",
    "Meal Type": "Side Dish, Snack",
    "Dietary Preference": "Vegetarian",
    "Protein Rich": false,
    "Pregnancy Safe": true,
    "Diabetic Friendly": false
  }
}