{
  "InputCols": {
    "List of Main Ingredients": "Corn",
    "Nutritional Value per Serving": {
      "Calories": 77,
      "Saturated Fat in daily %": 2,
      "Sugar in g": 6,
      "Protein in g": 2,
      "Glycemic Index": 52
    },
    "Region where Dish is Popular": "North America",
    "Description": "Corn on the cob is a classic summer dish where fresh corn is boiled or grilled and served with butter and seasoning. It is a popular street food item during fairs and barbecues.",
    "Spice Level": 1,
    "Cooking Method": "Boiling or Grilling",
    "Preparation Time": 20,
    "Contains Allergens": false
  },
  "OutputCols": {
    "Cuisine Type": "American",
    "Meal Type": "Side Dish, Snack",
    "Dietary Preference": "Veg",
    "Protein Rich": false,
    "Pregnancy Safe": true,
    "Diabetic Friendly": true
  }
}