{
  "InputCols": {
    "List of Main Ingredients": "Cucumber, Yogurt, Cumin, Salt, Mint, Coriander",
    "Nutritional Value per Serving": {
      "Calories": 60,
      "Saturated Fat in daily %": 4,
      "Sugar in g": 6,
      "Protein in g": 3,
      "Glycemic Index": 15
    },
    "Region where Dish is Popular": "Indian Subcontinent",
    "Description": "Cucumber Raita is a refreshing and cooling yogurt-based side dish from the Indian subcontinent. It is made with crunchy cucumbers, creamy yogurt, and a blend of aromatic spices like cumin, mint, and coriander. This dish is popular for its ability to balance spicy flavors in a meal.",
    "Spice Level": 2,
    "Cooking Method": "Mixing and Chilling",
    "Preparation Time": 10,
    "Contains Allergens": false
  },
  "OutputCols": {
    "Cuisine Type": "Indian",
    "Meal Type": "Side Dish",
    "Dietary Preference": "Veg",
    "Protein Rich": false,
    "Pregnancy Safe": true,
    "Diabetic Friendly": true
  }
}