{
  "InputCols": {
    "List of Main Ingredients": "Rice, Curd, Tempering spices (mustard seeds, curry leaves, green chilies)",
    "Nutritional Value per Serving": {
      "Calories": 220,
      "Saturated Fat in daily %": 5,
      "Sugar in g": 3,
      "Protein in g": 5,
      "Glycemic Index": 50
    },
    "Region where Dish is Popular": "South India",
    "Description": "Curd Rice is a popular South Indian dish made by mixing cooked rice with curd and tempering it with spices. It's a cool and comforting dish often consumed during hot weather.",
    "Spice Level": 3,
    "Cooking Method": "Mixing and tempering",
    "Preparation Time": 20,
    "Contains Allergens": false
  },
  "OutputCols": {
    "Cuisine Type": "South Indian",
    "Meal Type": "Lunch, Dinner",
    "Dietary Preference": "Vegetarian",
    "Protein Rich": false,
    "Pregnancy Safe": true,
    "Diabetic Friendly": true
  }
}