{
  "InputCols": {
    "List of Main Ingredients": "Urad dal, yogurt, green chilies, cumin seeds, salt, sugar, ginger",
    "Nutritional Value per Serving": {
      "Calories": 80,
      "Saturated Fat in daily %": 4,
      "Sugar in g": 3,
      "Protein in g": 5,
      "Glycemic Index": 15
    },
    "Region where Dish is Popular": "India",
    "Description": "Dahi Vada is a popular Indian dish where lentil dumplings are soaked in creamy yogurt and topped with spicy, tangy chutneys. It is a refreshing and savory snack enjoyed during festivals and special occasions.",
    "Spice Level": 5,
    "Cooking Method": "Frying and soaking",
    "Preparation Time": 60,
    "Contains Allergens": false
  },
  "OutputCols": {
    "Cuisine Type": "Indian",
    "Meal Type": "Snack",
    "Dietary Preference": "Vegetarian",
    "Protein Rich": true,
    "Pregnancy Safe": true,
    "Diabetic Friendly": false
  }
}