{
  "InputCols": {
    "List of Main Ingredients": "Yellow lentils, onions, tomatoes, garlic, ginger",
    "Nutritional Value per Serving": {
      "Calories": 250,
      "Saturated Fat in daily %": 8,
      "Sugar in g": 5,
      "Protein in g": 12,
      "Glycemic Index": 25
    },
    "Region where Dish is Popular": "India",
    "Description": "Dal Fry is a popular Indian dish made from yellow lentils tempered with spices. It has a smooth, creamy texture with a flavorful and slightly tangy taste. The dish is often served with rice or Indian bread like roti or naan.",
    "Spice Level": 6,
    "Cooking Method": "Stovetop cooking",
    "Preparation Time": 30,
    "Contains Allergens": false
  },
  "OutputCols": {
    "Cuisine Type": "Indian",
    "Meal Type": "Lunch, Dinner",
    "Dietary Preference": "Veg",
    "Protein Rich": true,
    "Pregnancy Safe": true,
    "Diabetic Friendly": true
  }
}