{
  "InputCols": {
    "List of Main Ingredients": "Whole black lentils, red kidney beans, butter, cream, tomatoes, onions, garlic, ginger, spices",
    "Nutritional Value per Serving": {
      "Calories": 350,
      "Saturated Fat in daily %": 30,
      "Sugar in g": 5,
      "Protein in g": 15,
      "Glycemic Index": 30
    },
    "Region where Dish is Popular": "Punjab, India",
    "Description": "Dal Makhani is a rich and creamy lentil curry made with whole black lentils, red kidney beans, and aromatic spices. It's a popular North Indian dish known for its velvety texture and indulgent flavors.",
    "Spice Level": 5,
    "Cooking Method": "Simmering and tempering",
    "Preparation Time": 180,
    "Contains Allergens": true
  },
  "OutputCols": {
    "Cuisine Type": "Indian",
    "Meal Type": "Lunch, Dinner",
    "Dietary Preference": "Vegetarian",
    "Protein Rich": true,
    "Pregnancy Safe": true,
    "Diabetic Friendly": false
  }
}