{
  "InputCols": {
    "List of Main Ingredients": "Yellow Lentils, Tomatoes, Onions, Garlic, Green Chilies, Cumin Seeds, Turmeric, Ghee",
    "Nutritional Value per Serving": {
      "Calories": 250,
      "Saturated Fat in daily %": 8,
      "Sugar in g": 3,
      "Protein in g": 15,
      "Glycemic Index": 20
    },
    "Region where Dish is Popular": "India",
    "Description": "Dal Tadka is a popular Indian dish made from boiled yellow lentils tempered with aromatic spices like cumin and garlic, finished with a drizzle of ghee. It's a flavorful and comforting dish often served with rice or bread.",
    "Spice Level": 6,
    "Cooking Method": "Pressure cooking and tempering",
    "Preparation Time": 40,
    "Contains Allergens": false
  },
  "OutputCols": {
    "Cuisine Type": "Indian",
    "Meal Type": "Lunch, Dinner",
    "Dietary Preference": "Veg",
    "Protein Rich": true,
    "Pregnancy Safe": true,
    "Diabetic Friendly": true
  }
}