{
  "InputCols": {
    "List of Main Ingredients": "Noodles, Ground pork, Szechuan peppercorns, Chili oil, Soy sauce, Green onions",
    "Nutritional Value per Serving": {
      "Calories": 450,
      "Saturated Fat in daily %": 28,
      "Sugar in g": 5,
      "Protein in g": 20,
      "Glycemic Index": 45
    },
    "Region where Dish is Popular": "Sichuan, China",
    "Description": "Dan Dan Noodles is a spicy and flavorful noodle dish originating from Sichuan, China. It features a mix of noodles, marinated ground pork, and a rich and spicy sauce made with Szechuan peppercorns, chili oil, and soy sauce. Topped with green onions for freshness, this dish offers a perfect blend of heat and umami flavors.",
    "Spice Level": 8,
    "Cooking Method": "Boiling, Stir-frying",
    "Preparation Time": 30,
    "Contains Allergens": true
  },
  "OutputCols": {
    "Cuisine Type": "Chinese",
    "Meal Type": "Lunch, Dinner",
    "Dietary Preference": "Non-Veg",
    "Protein Rich": true,
    "Pregnancy Safe": false,
    "Diabetic Friendly": false
  }
}