{
  "InputCols": {
    "List of Main Ingredients": "Shrimp, Pork, Chicken, Mushrooms, Water chestnuts, Bamboo shoots",
    "Nutritional Value per Serving": {
      "Calories": 220,
      "Saturated Fat in daily %": 20,
      "Sugar in g": 2,
      "Protein in g": 10,
      "Glycemic Index": 50
    },
    "Region where Dish is Popular": "China",
    "Description": "Dim Sum is a traditional Chinese dish consisting of various small bite-sized portions of food served in small steamer baskets. It is a popular food choice for breakfast or brunch in China, with a wide variety of dumplings, buns, and small dishes typically served.",
    "Spice Level": 3,
    "Cooking Method": "Steaming",
    "Preparation Time": 45,
    "Contains Allergens": true
  },
  "OutputCols": {
    "Cuisine Type": "Chinese",
    "Meal Type": "Breakfast, Brunch",
    "Dietary Preference": "Non-Veg",
    "Protein Rich": true,
    "Pregnancy Safe": false,
    "Diabetic Friendly": false
  }
}