{
  "InputCols": {
    "List of Main Ingredients": "Flour, sugar, yeast, milk, butter, oil, eggs",
    "Nutritional Value per Serving": {
      "Calories": 280,
      "Saturated Fat in daily %": 20,
      "Sugar in g": 12,
      "Protein in g": 4,
      "Glycemic Index": 70
    },
    "Region where Dish is Popular": "Global",
    "Description": "A sweet fried dough confection, Donuts are popular treats enjoyed worldwide. They come in various shapes and flavors, often coated with sugar glaze or filled with cream or jam.",
    "Spice Level": 1,
    "Cooking Method": "Frying",
    "Preparation Time": 120,
    "Contains Allergens": true
  },
  "OutputCols": {
    "Cuisine Type": "Dessert",
    "Meal Type": "Snack",
    "Dietary Preference": "Non-Veg",
    "Protein Rich": false,
    "Pregnancy Safe": false,
    "Diabetic Friendly": false
  }
}