{
  "InputCols": {
    "List of Main Ingredients": "Rice, Lentils",
    "Nutritional Value per Serving": {
      "Calories": 133,
      "Saturated Fat in daily %": 2,
      "Sugar in g": 1,
      "Protein in g": 4,
      "Glycemic Index": 52
    },
    "Region where Dish is Popular": "South India",
    "Description": "Dosa is a popular South Indian crepe made from fermented rice and lentil batter. It is light, crispy, and usually served with various chutneys and sambar.",
    "Spice Level": 3,
    "Cooking Method": "Pan-frying",
    "Preparation Time": 180,
    "Contains Allergens": false
  },
  "OutputCols": {
    "Cuisine Type": "Indian",
    "Meal Type": "Breakfast, Snack",
    "Dietary Preference": "Veg",
    "Protein Rich": false,
    "Pregnancy Safe": true,
    "Diabetic Friendly": true
  }
}