{
  "InputCols": {
    "List of Main Ingredients": "Drumsticks, Toor dal, Tamarind, Sambar powder, Turmeric, Tomato, Onion, Green Chilies, Curry Leaves, Mustard Seeds, Asafoetida, Coriander Leaves",
    "Nutritional Value per Serving": {
      "Calories": 150,
      "Saturated Fat in daily %": 3,
      "Sugar in g": 5,
      "Protein in g": 8,
      "Glycemic Index": 25
    },
    "Region where Dish is Popular": "South India",
    "Description": "Drumstick Sambar is a traditional South Indian lentil-based stew cooked with drumsticks, spices, and tamarind. It has a tangy flavor profile with a mix of savory spices, making it a popular choice in South Indian households. The dish is often served with steamed rice or idli for a satisfying meal.",
    "Spice Level": 7,
    "Cooking Method": "Pressure cooking, Tadka tempering",
    "Preparation Time": 40,
    "Contains Allergens": false
  },
  "OutputCols": {
    "Cuisine Type": "South Indian",
    "Meal Type": "Lunch, Dinner",
    "Dietary Preference": "Veg",
    "Protein Rich": true,
    "Pregnancy Safe": true,
    "Diabetic Friendly": true
  }
}