{
  "InputCols": {
    "List of Main Ingredients": "Duck legs, salt, garlic, thyme, bay leaves",
    "Nutritional Value per Serving": {
      "Calories": 758,
      "Saturated Fat in daily %": 64,
      "Sugar in g": 0,
      "Protein in g": 14,
      "Glycemic Index": 0
    },
    "Region where Dish is Popular": "France",
    "Description": "Duck Confit is a classic French dish where duck legs are seasoned, slow-cooked in duck fat until tender, then crisped up in the oven. The result is a flavorful and succulent meat with crispy skin, traditionally served with roasted potatoes and a side of greens.",
    "Spice Level": 3,
    "Cooking Method": "Slow-cooked in duck fat",
    "Preparation Time": 180,
    "Contains Allergens": false
  },
  "OutputCols": {
    "Cuisine Type": "French",
    "Meal Type": "Lunch, Dinner",
    "Dietary Preference": "Non-Veg",
    "Protein Rich": true,
    "Pregnancy Safe": false,
    "Diabetic Friendly": false
  }
}