{
  "InputCols": {
    "List of Main Ingredients": "Potatoes, onions, tomatoes, yogurt, spices",
    "Nutritional Value per Serving": {
      "Calories": 250,
      "Saturated Fat in daily %": 8,
      "Sugar in g": 5,
      "Protein in g": 4,
      "Glycemic Index": 50
    },
    "Region where Dish is Popular": "North India",
    "Description": "Dum Aloo is a popular North Indian dish where baby potatoes are simmered in a spiced yogurt-based gravy. It is rich, creamy, and full of flavor, making it a favorite in Indian households.",
    "Spice Level": 6,
    "Cooking Method": "Simmering",
    "Preparation Time": 45,
    "Contains Allergens": false
  },
  "OutputCols": {
    "Cuisine Type": "Indian",
    "Meal Type": "Lunch, Dinner",
    "Dietary Preference": "Veg",
    "Protein Rich": false,
    "Pregnancy Safe": true,
    "Diabetic Friendly": false
  }
}