{
  "InputCols": {
    "List of Main Ingredients": "Dough, Ground Meat, Cabbage, Garlic, Ginger",
    "Nutritional Value per Serving": {
      "Calories": 45,
      "Saturated Fat in daily %": 4,
      "Sugar in g": 1,
      "Protein in g": 3,
      "Glycemic Index": 50
    },
    "Region where Dish is Popular": "East Asia",
    "Description": "Dumplings are a popular dish in East Asian cuisine. These small pockets of dough are filled with a savory mixture of ground meat, cabbage, garlic, and ginger. They can be steamed, boiled, or pan-fried and are often served with a dipping sauce.",
    "Spice Level": 3,
    "Cooking Method": "Steaming, Boiling, Pan-frying",
    "Preparation Time": 30,
    "Contains Allergens": true
  },
  "OutputCols": {
    "Cuisine Type": "East Asian",
    "Meal Type": "Appetizer, Main Course",
    "Dietary Preference": "Non-Veg",
    "Protein Rich": true,
    "Pregnancy Safe": false,
    "Diabetic Friendly": false
  }
}