{
  "InputCols": {
    "List of Main Ingredients": "Choux pastry, cream filling, chocolate icing",
    "Nutritional Value per Serving": {
      "Calories": 220,
      "Saturated Fat in daily %": 25,
      "Sugar in g": 15,
      "Protein in g": 3,
      "Glycemic Index": 50
    },
    "Region where Dish is Popular": "France",
    "Description": "Eclair is a classic French pastry made with choux dough filled with cream and topped with decadent chocolate icing. It is a popular dessert known for its delicate texture and rich flavor.",
    "Spice Level": 1,
    "Cooking Method": "Baking",
    "Preparation Time": 60,
    "Contains Allergens": true
  },
  "OutputCols": {
    "Cuisine Type": "French",
    "Meal Type": "Dessert",
    "Dietary Preference": "Non-Veg",
    "Protein Rich": false,
    "Pregnancy Safe": false,
    "Diabetic Friendly": false
  }
}