{
  "InputCols": {
    "List of Main Ingredients": "Eggs, tomatoes, onions, garlic, ginger, spices",
    "Nutritional Value per Serving": {
      "Calories": 220,
      "Saturated Fat in daily %": 12,
      "Sugar in g": 4,
      "Protein in g": 15,
      "Glycemic Index": 10
    },
    "Region where Dish is Popular": "India",
    "Description": "Egg Masala is a flavorful Indian dish made with hard-boiled eggs cooked in a spicy tomato-based gravy. It is a popular and comforting dish enjoyed with rice or bread.",
    "Spice Level": 7,
    "Cooking Method": "Stovetop",
    "Preparation Time": 30,
    "Contains Allergens": false
  },
  "OutputCols": {
    "Cuisine Type": "Indian",
    "Meal Type": "Lunch, Dinner",
    "Dietary Preference": "Non-Veg",
    "Protein Rich": true,
    "Pregnancy Safe": true,
    "Diabetic Friendly": false
  }
}