{
  "InputCols": {
    "List of Main Ingredients": "Eggs, Bean Sprouts, Carrots, Peas, Green Onions",
    "Nutritional Value per Serving": {
      "Calories": 220,
      "Saturated Fat in daily %": 12,
      "Sugar in g": 3,
      "Protein in g": 18,
      "Glycemic Index": 45
    },
    "Region where Dish is Popular": "China",
    "Description": "Egg Foo Young is a Chinese-style omelette dish made with beaten eggs and various chopped vegetables, typically served with gravy. It is a popular item in Chinese-American cuisine, offering a delicious and satisfying meal option.",
    "Spice Level": 3,
    "Cooking Method": "Pan-fried",
    "Preparation Time": 25,
    "Contains Allergens": false
  },
  "OutputCols": {
    "Cuisine Type": "Chinese",
    "Meal Type": "Lunch, Dinner",
    "Dietary Preference": "Non-Veg",
    "Protein Rich": true,
    "Pregnancy Safe": true,
    "Diabetic Friendly": true
  }
}