{
  "InputCols": {
    "List of Main Ingredients": "Eggs, Onions, Tomatoes, Green Chilies, Spices",
    "Nutritional Value per Serving": {
      "Calories": 218,
      "Saturated Fat in daily %": 28,
      "Sugar in g": 2,
      "Protein in g": 13,
      "Glycemic Index": 0
    },
    "Region where Dish is Popular": "India",
    "Description": "Egg Bhurji is a delicious Indian dish made by scrambling eggs with onions, tomatoes, green chilies, and aromatic spices. It is a popular breakfast or brunch item known for its spicy and flavorful taste.",
    "Spice Level": 7,
    "Cooking Method": "Saut\u00e9ing",
    "Preparation Time": 20,
    "Contains Allergens": false
  },
  "OutputCols": {
    "Cuisine Type": "Indian",
    "Meal Type": "Breakfast, Brunch",
    "Dietary Preference": "Non-Veg",
    "Protein Rich": true,
    "Pregnancy Safe": true,
    "Diabetic Friendly": true
  }
}