{
  "InputCols": {
    "List of Main Ingredients": "Eggs, Yogurt, Cream, Spices",
    "Nutritional Value per Serving": {
      "Calories": 320,
      "Saturated Fat in daily %": 28,
      "Sugar in g": 5,
      "Protein in g": 14,
      "Glycemic Index": 20
    },
    "Region where Dish is Popular": "South Asia",
    "Description": "Egg Korma is a creamy and flavorful dish made with boiled eggs cooked in a rich yogurt and cream-based gravy, infused with aromatic spices like cumin, coriander, and cardamom. It is a popular delicacy in South Asian cuisine known for its mild yet aromatic taste.",
    "Spice Level": 3,
    "Cooking Method": "Simmering",
    "Preparation Time": 45,
    "Contains Allergens": false
  },
  "OutputCols": {
    "Cuisine Type": "South Asian",
    "Meal Type": "Lunch, Dinner",
    "Dietary Preference": "Non-Veg",
    "Protein Rich": true,
    "Pregnancy Safe": true,
    "Diabetic Friendly": false
  }
}