{
  "InputCols": {
    "List of Main Ingredients": "Eggs, Rice, Vegetables, Soy Sauce",
    "Nutritional Value per Serving": {
      "Calories": 350,
      "Saturated Fat in daily %": 15,
      "Sugar in g": 5,
      "Protein in g": 12,
      "Glycemic Index": 50
    },
    "Region where Dish is Popular": "Asia",
    "Description": "Egg Fried Rice is a popular Asian dish made by stir-frying rice, eggs, vegetables, and soy sauce. It is a flavorful and satisfying meal that can be enjoyed for lunch or dinner.",
    "Spice Level": 3,
    "Cooking Method": "Stir-Frying",
    "Preparation Time": 20,
    "Contains Allergens": false
  },
  "OutputCols": {
    "Cuisine Type": "Asian",
    "Meal Type": "Lunch, Dinner",
    "Dietary Preference": "Non-Veg",
    "Protein Rich": true,
    "Pregnancy Safe": true,
    "Diabetic Friendly": false
  }
}