{
  "InputCols": {
    "List of Main Ingredients": "Eggs, onions, tomatoes, ginger, garlic, spices",
    "Nutritional Value per Serving": {
      "Calories": 250,
      "Saturated Fat in daily %": 15,
      "Sugar in g": 5,
      "Protein in g": 20,
      "Glycemic Index": 30
    },
    "Region where Dish is Popular": "India",
    "Description": "Egg curry is a popular Indian dish made with boiled eggs cooked in a flavorful onion and tomato-based gravy, infused with aromatic spices like cumin, coriander, and turmeric. It is a comforting and hearty dish often served with rice or bread.",
    "Spice Level": 7,
    "Cooking Method": "Simmering",
    "Preparation Time": 40,
    "Contains Allergens": true
  },
  "OutputCols": {
    "Cuisine Type": "Indian",
    "Meal Type": "Lunch, Dinner",
    "Dietary Preference": "Non-Veg",
    "Protein Rich": true,
    "Pregnancy Safe": true,
    "Diabetic Friendly": false
  }
}