{
  "InputCols": {
    "List of Main Ingredients": "Eggplant, Tomato Sauce, Mozzarella Cheese, Parmesan Cheese, Bread Crumbs, Olive Oil",
    "Nutritional Value per Serving": {
      "Calories": 300,
      "Saturated Fat in daily %": 20,
      "Sugar in g": 8,
      "Protein in g": 14,
      "Glycemic Index": 15
    },
    "Region where Dish is Popular": "Italy",
    "Description": "Eggplant Parmigiana is a classic Italian dish made with layers of fried eggplant slices, tomato sauce, and cheese baked to perfection. It is a delicious and comforting vegetarian meal that is perfect for family dinners or special occasions.",
    "Spice Level": 4,
    "Cooking Method": "Baking",
    "Preparation Time": 60,
    "Contains Allergens": true
  },
  "OutputCols": {
    "Cuisine Type": "Italian",
    "Meal Type": "Lunch, Dinner",
    "Dietary Preference": "Vegetarian",
    "Protein Rich": true,
    "Pregnancy Safe": true,
    "Diabetic Friendly": false
  }
}