{
  "InputCols": {
    "List of Main Ingredients": "Eggplant, Garlic, Soy Sauce, Vinegar, Sugar, Cornstarch",
    "Nutritional Value per Serving": {
      "Calories": 250,
      "Saturated Fat in daily %": 5,
      "Sugar in g": 10,
      "Protein in g": 5,
      "Glycemic Index": 15
    },
    "Region where Dish is Popular": "China",
    "Description": "Eggplant with garlic sauce is a classic Chinese dish known for its savory flavors and tender eggplant slices soaked in a garlicky, tangy sauce. It is a popular vegetarian option in Chinese cuisine, often served as a side dish or a main course with steamed rice.",
    "Spice Level": 6,
    "Cooking Method": "Stir-frying",
    "Preparation Time": 30,
    "Contains Allergens": false
  },
  "OutputCols": {
    "Cuisine Type": "Chinese",
    "Meal Type": "Lunch, Dinner",
    "Dietary Preference": "Veg",
    "Protein Rich": false,
    "Pregnancy Safe": true,
    "Diabetic Friendly": true
  }
}