{
  "InputCols": {
    "List of Main Ingredients": "Tender coconut water, Tender coconut flesh, Milk, Jaggery, Ghee, Cashew nuts, Raisins",
    "Nutritional Value per Serving": {
      "Calories": 200,
      "Saturated Fat in daily %": 20,
      "Sugar in g": 30,
      "Protein in g": 5,
      "Glycemic Index": 45
    },
    "Region where Dish is Popular": "South India",
    "Description": "Elaneer Payasam is a traditional South Indian dessert made with tender coconut water, milk, jaggery, and garnished with ghee-roasted cashews and raisins. It has a creamy texture with a subtle natural sweetness from jaggery and coconut, making it a refreshing and indulgent treat for special occasions.",
    "Spice Level": 2,
    "Cooking Method": "Boiling and Simmering",
    "Preparation Time": 45,
    "Contains Allergens": true
  },
  "OutputCols": {
    "Cuisine Type": "South Indian",
    "Meal Type": "Dessert",
    "Dietary Preference": "Vegetarian",
    "Protein Rich": false,
    "Pregnancy Safe": true,
    "Diabetic Friendly": false
  }
}