{
  "InputCols": {
    "List of Main Ingredients": "Dough, Meat (beef or chicken), Onions, Bell peppers, Olives, Hard-boiled eggs",
    "Nutritional Value per Serving": {
      "Calories": 250,
      "Saturated Fat in daily %": 15,
      "Sugar in g": 2,
      "Protein in g": 12,
      "Glycemic Index": 50
    },
    "Region where Dish is Popular": "Latin America",
    "Description": "Empanadas are savory pastries with a flavorful filling of meat, vegetables, and spices encased in a crispy dough. They are popular across Latin America, each region adding its unique twist to the traditional recipe. Empanadas are a perfect handheld snack or meal, enjoyed for their delicious blend of textures and flavors.",
    "Spice Level": 5,
    "Cooking Method": "Baking or frying",
    "Preparation Time": 45,
    "Contains Allergens": true
  },
  "OutputCols": {
    "Cuisine Type": "Latin American",
    "Meal Type": "Appetizer, Snack, Main Course",
    "Dietary Preference": "Non-Veg",
    "Protein Rich": true,
    "Pregnancy Safe": false,
    "Diabetic Friendly": false
  }
}