{
  "InputCols": {
    "List of Main Ingredients": "Chickpeas, garlic, onion, parsley, cumin",
    "Nutritional Value per Serving": {
      "Calories": 350,
      "Saturated Fat in daily %": 8,
      "Sugar in g": 4,
      "Protein in g": 15,
      "Glycemic Index": 30
    },
    "Region where Dish is Popular": "Middle East",
    "Description": "Falafel wrap is a popular Middle Eastern street food consisting of deep-fried chickpea balls wrapped in pita bread with fresh veggies and tahini sauce. It offers a perfect blend of crispiness from falafel, freshness from vegetables, and creaminess from the sauce.",
    "Spice Level": 5,
    "Cooking Method": "Deep-frying and assembling",
    "Preparation Time": 30,
    "Contains Allergens": true
  },
  "OutputCols": {
    "Cuisine Type": "Middle Eastern",
    "Meal Type": "Lunch, Dinner",
    "Dietary Preference": "Vegan",
    "Protein Rich": true,
    "Pregnancy Safe": true,
    "Diabetic Friendly": false
  }
}