{
  "InputCols": {
    "List of Main Ingredients": "Fettuccine pasta, heavy cream, butter, Parmesan cheese, garlic",
    "Nutritional Value per Serving": {
      "Calories": 1200,
      "Saturated Fat in daily %": 80,
      "Sugar in g": 5,
      "Protein in g": 25,
      "Glycemic Index": 30
    },
    "Region where Dish is Popular": "Italy",
    "Description": "Fettuccine Alfredo is a classic Italian pasta dish known for its creamy and indulgent sauce made with butter, heavy cream, and Parmesan cheese. The pasta is often cooked al dente and tossed in the rich sauce, creating a luxurious dish that is both comforting and satisfying.",
    "Spice Level": 2,
    "Cooking Method": "Boiling, Sauteing",
    "Preparation Time": 30,
    "Contains Allergens": true
  },
  "OutputCols": {
    "Cuisine Type": "Italian",
    "Meal Type": "Dinner",
    "Dietary Preference": "Non-Veg",
    "Protein Rich": true,
    "Pregnancy Safe": false,
    "Diabetic Friendly": false
  }
}