{
  "InputCols": {
    "List of Main Ingredients": "Figs, Sugar, Ghee, Cardamom Powder, Almonds",
    "Nutritional Value per Serving": {
      "Calories": 150,
      "Saturated Fat in daily %": 20,
      "Sugar in g": 15,
      "Protein in g": 2,
      "Glycemic Index": 45
    },
    "Region where Dish is Popular": "India",
    "Description": "Fig Barfi is a traditional Indian sweet made from dried figs, sugar, and ghee. It has a rich, sweet flavor with hints of cardamom and is often garnished with chopped almonds for a crunch. This dessert is popular during festivals and celebrations.",
    "Spice Level": 2,
    "Cooking Method": "Stovetop",
    "Preparation Time": 45,
    "Contains Allergens": true
  },
  "OutputCols": {
    "Cuisine Type": "Indian",
    "Meal Type": "Dessert",
    "Dietary Preference": "Vegetarian",
    "Protein Rich": false,
    "Pregnancy Safe": true,
    "Diabetic Friendly": false
  }
}