{
  "InputCols": {
    "List of Main Ingredients": "Fish, Coconut Milk, Mustard Seeds, Curry Leaves, Green Chilies, Ginger, Garlic, Turmeric, Shallots, Coconut Oil",
    "Nutritional Value per Serving": {
      "Calories": 300,
      "Saturated Fat in daily %": 20,
      "Sugar in g": 3,
      "Protein in g": 25,
      "Glycemic Index": 45
    },
    "Region where Dish is Popular": "Kerala, India",
    "Description": "Fish Moilee is a traditional Keralan fish curry delicately flavored with coconut milk, curry leaves, and spices. The dish offers a perfect blend of richness from coconut milk and the mild heat of green chilies, creating a creamy and aromatic experience.",
    "Spice Level": 5,
    "Cooking Method": "Simmering",
    "Preparation Time": 30,
    "Contains Allergens": true
  },
  "OutputCols": {
    "Cuisine Type": "Indian",
    "Meal Type": "Lunch, Dinner",
    "Dietary Preference": "Non-Veg",
    "Protein Rich": true,
    "Pregnancy Safe": false,
    "Diabetic Friendly": true
  }
}