{
  "InputCols": {
    "List of Main Ingredients": "Fish, Coconut Milk, Curry Paste, Spices, Tomatoes",
    "Nutritional Value per Serving": {
      "Calories": 300,
      "Saturated Fat in daily %": 20,
      "Sugar in g": 4,
      "Protein in g": 25,
      "Glycemic Index": 30
    },
    "Region where Dish is Popular": "South Asia",
    "Description": "Fish curry is a popular dish in South Asia, known for its rich and flavorful coconut milk-based sauce infused with aromatic spices and tangy tomatoes. It is a comfort food enjoyed by many, often served with steamed rice.",
    "Spice Level": 7,
    "Cooking Method": "Simmering",
    "Preparation Time": 45,
    "Contains Allergens": true
  },
  "OutputCols": {
    "Cuisine Type": "South Asian",
    "Meal Type": "Lunch, Dinner",
    "Dietary Preference": "Non-Veg",
    "Protein Rich": true,
    "Pregnancy Safe": false,
    "Diabetic Friendly": true
  }
}