{
  "InputCols": {
    "List of Main Ingredients": "Fish, Potatoes, Flour, Beer",
    "Nutritional Value per Serving": {
      "Calories": 600,
      "Saturated Fat in daily %": 20,
      "Sugar in g": 2,
      "Protein in g": 25,
      "Glycemic Index": 50
    },
    "Region where Dish is Popular": "United Kingdom",
    "Description": "Fish and chips is a classic British dish consisting of battered and fried fish served with crispy golden potatoes. It is a popular takeaway food in the United Kingdom and is often enjoyed with tartar sauce or malt vinegar.",
    "Spice Level": 2,
    "Cooking Method": "Frying",
    "Preparation Time": 40,
    "Contains Allergens": true
  },
  "OutputCols": {
    "Cuisine Type": "British",
    "Meal Type": "Main Course",
    "Dietary Preference": "Non-Veg",
    "Protein Rich": true,
    "Pregnancy Safe": false,
    "Diabetic Friendly": false
  }
}