{
  "InputCols": {
    "List of Main Ingredients": "Flatbread, Spiced Filling, Veggies, Sauce",
    "Nutritional Value per Serving": {
      "Calories": 350,
      "Saturated Fat in daily %": 12,
      "Sugar in g": 5,
      "Protein in g": 10,
      "Glycemic Index": 50
    },
    "Region where Dish is Popular": "India",
    "Description": "Frankie is a popular street food in India consisting of a flavorful spiced filling wrapped in a soft flatbread, along with fresh veggies and tangy sauces. It's a delicious and satisfying grab-and-go meal that's loved for its burst of flavors and textures.",
    "Spice Level": 7,
    "Cooking Method": "Pan-fried and assembled",
    "Preparation Time": 30,
    "Contains Allergens": true
  },
  "OutputCols": {
    "Cuisine Type": "Indian",
    "Meal Type": "Snack",
    "Dietary Preference": "Non-Veg",
    "Protein Rich": true,
    "Pregnancy Safe": false,
    "Diabetic Friendly": false
  }
}