{
  "InputCols": {
    "List of Main Ingredients": "Bread, Eggs, Milk, Cinnamon, Vanilla extract",
    "Nutritional Value per Serving": {
      "Calories": 210,
      "Saturated Fat in daily %": 12,
      "Sugar in g": 5,
      "Protein in g": 7,
      "Glycemic Index": 45
    },
    "Region where Dish is Popular": "France",
    "Description": "French toast is a classic breakfast dish made by soaking bread slices in a mixture of beaten eggs and milk, then frying until golden brown. It is often flavored with cinnamon and vanilla, giving it a warm and comforting taste. French toast is crispy on the outside, soft on the inside, and is commonly served with maple syrup, powdered sugar, or fresh fruits.",
    "Spice Level": 2,
    "Cooking Method": "Pan-Frying",
    "Preparation Time": 20,
    "Contains Allergens": true
  },
  "OutputCols": {
    "Cuisine Type": "French",
    "Meal Type": "Breakfast",
    "Dietary Preference": "Non-Veg",
    "Protein Rich": false,
    "Pregnancy Safe": true,
    "Diabetic Friendly": false
  }
}