{
  "InputCols": {
    "List of Main Ingredients": "Onions, Beef Broth, Butter, Baguette, Gruy\u00e8re Cheese",
    "Nutritional Value per Serving": {
      "Calories": 300,
      "Saturated Fat in daily %": 20,
      "Sugar in g": 10,
      "Protein in g": 12,
      "Glycemic Index": 50
    },
    "Region where Dish is Popular": "France",
    "Description": "French Onion Soup is a hearty dish made with caramelized onions cooked in beef broth, topped with a slice of toasted baguette and melted Gruy\u00e8re cheese. It has a savory and slightly sweet flavor profile with a rich and comforting broth.",
    "Spice Level": 2,
    "Cooking Method": "Simmering",
    "Preparation Time": 60,
    "Contains Allergens": true
  },
  "OutputCols": {
    "Cuisine Type": "French",
    "Meal Type": "Appetizer, Main Course",
    "Dietary Preference": "Non-Veg",
    "Protein Rich": true,
    "Pregnancy Safe": false,
    "Diabetic Friendly": false
  }
}