{
  "InputCols": {
    "List of Main Ingredients": "Ground pork, shrimp, garlic, ginger, soy sauce, wonton wrappers",
    "Nutritional Value per Serving": {
      "Calories": 82,
      "Saturated Fat in daily %": 4,
      "Sugar in g": 0.5,
      "Protein in g": 4,
      "Glycemic Index": 45
    },
    "Region where Dish is Popular": "China",
    "Description": "Fried Wontons are crispy dumplings filled with a savory mixture of ground pork, shrimp, and aromatic seasonings like garlic and ginger. These appetizers are popular in Chinese cuisine for their delicious taste and crunchy texture.",
    "Spice Level": 3,
    "Cooking Method": "Deep frying",
    "Preparation Time": 30,
    "Contains Allergens": true
  },
  "OutputCols": {
    "Cuisine Type": "Chinese",
    "Meal Type": "Appetizer, Snack",
    "Dietary Preference": "Non-Veg",
    "Protein Rich": true,
    "Pregnancy Safe": false,
    "Diabetic Friendly": false
  }
}