{
  "InputCols": {
    "List of Main Ingredients": "Chicken, Flour, Eggs, Salt, Pepper, Paprika",
    "Nutritional Value per Serving": {
      "Calories": 485,
      "Saturated Fat in daily %": 20,
      "Sugar in g": 0,
      "Protein in g": 36,
      "Glycemic Index": 0
    },
    "Region where Dish is Popular": "United States",
    "Description": "Fried chicken is a classic southern dish known for its crispy exterior and juicy, tender meat. The chicken pieces are coated in seasoned flour, then deep-fried to golden perfection.",
    "Spice Level": 5,
    "Cooking Method": "Deep-frying",
    "Preparation Time": 40,
    "Contains Allergens": true
  },
  "OutputCols": {
    "Cuisine Type": "American",
    "Meal Type": "Lunch, Dinner",
    "Dietary Preference": "Non-Veg",
    "Protein Rich": true,
    "Pregnancy Safe": false,
    "Diabetic Friendly": false
  }
}