{
  "InputCols": {
    "List of Main Ingredients": "Rice, vegetables, eggs, soy sauce",
    "Nutritional Value per Serving": {
      "Calories": 350,
      "Saturated Fat in daily %": 8,
      "Sugar in g": 3,
      "Protein in g": 10,
      "Glycemic Index": 45
    },
    "Region where Dish is Popular": "Asia",
    "Description": "Fried rice is a popular Asian dish made with stir-fried rice, vegetables, eggs, and soy sauce. It is a flavorful and versatile dish that can be customized with your favorite ingredients.",
    "Spice Level": 5,
    "Cooking Method": "Stir-frying",
    "Preparation Time": 30,
    "Contains Allergens": false
  },
  "OutputCols": {
    "Cuisine Type": "Asian",
    "Meal Type": "Lunch, Dinner",
    "Dietary Preference": "Non-Veg",
    "Protein Rich": true,
    "Pregnancy Safe": true,
    "Diabetic Friendly": false
  }
}