{
  "InputCols": {
    "List of Main Ingredients": "Carrots, Milk, Sugar, Ghee, Nuts, Cardamom",
    "Nutritional Value per Serving": {
      "Calories": 300,
      "Saturated Fat in daily %": 20,
      "Sugar in g": 25,
      "Protein in g": 5,
      "Glycemic Index": 55
    },
    "Region where Dish is Popular": "India",
    "Description": "Gajar ka Halwa is a traditional Indian sweet made by slow-cooking grated carrots in milk, sugar, and ghee until it thickens. It is flavored with cardamom and garnished with a variety of nuts. This rich and indulgent dessert is often served hot during festivals and special occasions.",
    "Spice Level": 2,
    "Cooking Method": "Slow-cooking",
    "Preparation Time": 60,
    "Contains Allergens": false
  },
  "OutputCols": {
    "Cuisine Type": "Indian",
    "Meal Type": "Dessert",
    "Dietary Preference": "Vegetarian",
    "Protein Rich": false,
    "Pregnancy Safe": true,
    "Diabetic Friendly": false
  }
}