{
  "InputCols": {
    "List of Main Ingredients": "Flour, garlic, yogurt, butter",
    "Nutritional Value per Serving": {
      "Calories": 320,
      "Saturated Fat in daily %": 15,
      "Sugar in g": 5,
      "Protein in g": 8,
      "Glycemic Index": 20
    },
    "Region where Dish is Popular": "India",
    "Description": "Garlic naan is a popular Indian flatbread infused with garlic flavor, often served as a side dish to complement various Indian curries. The bread is soft and fluffy with a subtle garlic aroma, making it a favorite among those who enjoy Indian cuisine.",
    "Spice Level": 3,
    "Cooking Method": "Baking or cooking on a griddle",
    "Preparation Time": 60,
    "Contains Allergens": true
  },
  "OutputCols": {
    "Cuisine Type": "Indian",
    "Meal Type": "Side",
    "Dietary Preference": "Vegetarian",
    "Protein Rich": false,
    "Pregnancy Safe": true,
    "Diabetic Friendly": false
  }
}