{
  "InputCols": {
    "List of Main Ingredients": "Milk, sugar, flavorings",
    "Nutritional Value per Serving": {
      "Calories": 200,
      "Saturated Fat in daily %": 15,
      "Sugar in g": 20,
      "Protein in g": 4,
      "Glycemic Index": 36
    },
    "Region where Dish is Popular": "Italy",
    "Description": "Gelato is a classic Italian frozen dessert made with milk, sugar, and various flavorings. It has a rich and creamy texture, with a lower fat content than traditional ice cream. Gelato comes in a wide range of flavors, from fruity to nutty to decadent chocolate, making it a popular treat for all ages.",
    "Spice Level": 0,
    "Cooking Method": "Freezing",
    "Preparation Time": 240,
    "Contains Allergens": false
  },
  "OutputCols": {
    "Cuisine Type": "Italian",
    "Meal Type": "Dessert",
    "Dietary Preference": "Vegetarian",
    "Protein Rich": false,
    "Pregnancy Safe": true,
    "Diabetic Friendly": false
  }
}