{
  "InputCols": {
    "List of Main Ingredients": "Boneless chicken, soy sauce, hoisin sauce, vinegar, sugar, garlic, ginger, dried red chili peppers",
    "Nutritional Value per Serving": {
      "Calories": 350,
      "Saturated Fat in daily %": 20,
      "Sugar in g": 15,
      "Protein in g": 25,
      "Glycemic Index": 45
    },
    "Region where Dish is Popular": "North America",
    "Description": "General Tso's Chicken is a popular Chinese-American dish known for its crispy chicken pieces coated in a sweet and tangy sauce made with garlic, ginger, and chili peppers. It's a flavorful and slightly spicy dish that balances the sweetness with the heat from the peppers.",
    "Spice Level": 7,
    "Cooking Method": "Stir-fry",
    "Preparation Time": 40,
    "Contains Allergens": true
  },
  "OutputCols": {
    "Cuisine Type": "Chinese-American",
    "Meal Type": "Lunch, Dinner",
    "Dietary Preference": "Non-Veg",
    "Protein Rich": true,
    "Pregnancy Safe": false,
    "Diabetic Friendly": false
  }
}