{
  "InputCols": {
    "List of Main Ingredients": "Yellow peas, Tamarind, Spices, Onions, Tomatoes",
    "Nutritional Value per Serving": {
      "Calories": 180,
      "Saturated Fat in daily %": 2,
      "Sugar in g": 5,
      "Protein in g": 8,
      "Glycemic Index": 25
    },
    "Region where Dish is Popular": "Eastern India",
    "Description": "Ghugni Chaat is a popular street food in Eastern India, particularly in West Bengal and Bihar. It is made from dried yellow peas cooked with a blend of spices, topped with tamarind chutney, onions, tomatoes, and fresh coriander. This savory and tangy dish is often served as a snack or appetizer.",
    "Spice Level": 5,
    "Cooking Method": "Boiling, Sauteing",
    "Preparation Time": 40,
    "Contains Allergens": false
  },
  "OutputCols": {
    "Cuisine Type": "Indian",
    "Meal Type": "Snack, Appetizer",
    "Dietary Preference": "Veg",
    "Protein Rich": true,
    "Pregnancy Safe": true,
    "Diabetic Friendly": true
  }
}