{
  "InputCols": {
    "List of Main Ingredients": "Potatoes, Flour, Egg, Salt",
    "Nutritional Value per Serving": {
      "Calories": 250,
      "Saturated Fat in daily %": 10,
      "Sugar in g": 2,
      "Protein in g": 5,
      "Glycemic Index": 50
    },
    "Region where Dish is Popular": "Italy",
    "Description": "Gnocchi are Italian dumplings made from potato, flour, egg, and salt. They have a soft, pillowy texture and are often served with a variety of sauces such as tomato, pesto, or creamy cheese. Gnocchi are a comforting and hearty dish that is popular in Italian cuisine.",
    "Spice Level": 2,
    "Cooking Method": "Boiling",
    "Preparation Time": 45,
    "Contains Allergens": true
  },
  "OutputCols": {
    "Cuisine Type": "Italian",
    "Meal Type": "Lunch, Dinner",
    "Dietary Preference": "Vegetarian",
    "Protein Rich": false,
    "Pregnancy Safe": true,
    "Diabetic Friendly": false
  }
}