{
  "InputCols": {
    "List of Main Ingredients": "Beef, Potatoes, Vinegar, Red Chilies, Garlic, Ginger",
    "Nutritional Value per Serving": {
      "Calories": 350,
      "Saturated Fat in daily %": 25,
      "Sugar in g": 5,
      "Protein in g": 25,
      "Glycemic Index": 45
    },
    "Region where Dish is Popular": "Goa, India",
    "Description": "Goan Beef Vindaloo is a spicy and tangy curry dish originating from the Indian state of Goa. It is known for its rich flavors from a blend of vinegar, red chilies, and aromatic spices like garlic and ginger. The tender beef and hearty potatoes make this dish a flavorful and satisfying meal to enjoy.",
    "Spice Level": 8,
    "Cooking Method": "Slow cooking",
    "Preparation Time": 90,
    "Contains Allergens": true
  },
  "OutputCols": {
    "Cuisine Type": "Indian",
    "Meal Type": "Lunch, Dinner",
    "Dietary Preference": "Non-Veg",
    "Protein Rich": true,
    "Pregnancy Safe": false,
    "Diabetic Friendly": false
  }
}