{
  "InputCols": {
    "List of Main Ingredients": "Prawns, Coconut milk, Onions, Tomatoes, Ginger, Garlic, Green chilies, Spices",
    "Nutritional Value per Serving": {
      "Calories": 280,
      "Saturated Fat in daily %": 18,
      "Sugar in g": 5,
      "Protein in g": 22,
      "Glycemic Index": 25
    },
    "Region where Dish is Popular": "Goa, India",
    "Description": "Goan Prawn Curry is a flavorful seafood dish from the coastal region of Goa in India. It features succulent prawns cooked in a creamy coconut milk base, infused with a blend of aromatic spices and fresh ingredients like onions, tomatoes, ginger, and garlic. The dish has a perfect balance of spicy, tangy, and creamy flavors, making it a popular choice among seafood lovers.",
    "Spice Level": 7,
    "Cooking Method": "Simmering",
    "Preparation Time": 40,
    "Contains Allergens": true
  },
  "OutputCols": {
    "Cuisine Type": "Indian",
    "Meal Type": "Dinner",
    "Dietary Preference": "Non-Veg",
    "Protein Rich": true,
    "Pregnancy Safe": false,
    "Diabetic Friendly": false
  }
}