{
  "InputCols": {
    "List of Main Ingredients": "Cauliflower, Cornflour, All-Purpose Flour, Bell Peppers, Soy Sauce, Garlic, Ginger, Green Chilies",
    "Nutritional Value per Serving": {
      "Calories": 250,
      "Saturated Fat in daily %": 9,
      "Sugar in g": 8,
      "Protein in g": 5,
      "Glycemic Index": 45
    },
    "Region where Dish is Popular": "India",
    "Description": "Gobi Manchurian is a popular Indo-Chinese dish made from deep-fried cauliflower florets tossed in a flavorful sauce with bell peppers, soy sauce, garlic, ginger, and green chilies. It has a perfect balance of sweet, sour, and spicy flavors that make it a favorite appetizer or side dish.",
    "Spice Level": 7,
    "Cooking Method": "Deep-Frying and Stir-Frying",
    "Preparation Time": 40,
    "Contains Allergens": true
  },
  "OutputCols": {
    "Cuisine Type": "Indo-Chinese",
    "Meal Type": "Appetizer, Side Dish",
    "Dietary Preference": "Veg",
    "Protein Rich": false,
    "Pregnancy Safe": true,
    "Diabetic Friendly": false
  }
}