{
  "InputCols": {
    "List of Main Ingredients": "Beef, Onion, Bell Pepper, Paprika, Tomatoes",
    "Nutritional Value per Serving": {
      "Calories": 350,
      "Saturated Fat in daily %": 25,
      "Sugar in g": 8,
      "Protein in g": 25,
      "Glycemic Index": 30
    },
    "Region where Dish is Popular": "Hungary",
    "Description": "Goulash is a rich and hearty stew originating from Hungary. It features tender chunks of beef simmered with onions, bell peppers, paprika, and tomatoes, creating a flavorful and comforting dish. The spices and slow cooking method result in a robust and satisfying meal often enjoyed during colder months.",
    "Spice Level": 5,
    "Cooking Method": "Stovetop",
    "Preparation Time": 90,
    "Contains Allergens": true
  },
  "OutputCols": {
    "Cuisine Type": "Hungarian",
    "Meal Type": "Lunch, Dinner",
    "Dietary Preference": "Non-Veg",
    "Protein Rich": true,
    "Pregnancy Safe": true,
    "Diabetic Friendly": false
  }
}