{
  "InputCols": {
    "List of Main Ingredients": "Bread, Cheese, Butter",
    "Nutritional Value per Serving": {
      "Calories": 300,
      "Saturated Fat in daily %": 30,
      "Sugar in g": 4,
      "Protein in g": 12,
      "Glycemic Index": 20
    },
    "Region where Dish is Popular": "North America",
    "Description": "A classic comfort food, the Grilled Cheese Sandwich is a simple yet satisfying dish made by grilling cheese between slices of buttered bread until golden and crispy. It is a popular choice for a quick and delicious meal.",
    "Spice Level": 1,
    "Cooking Method": "Grilling",
    "Preparation Time": 10,
    "Contains Allergens": true
  },
  "OutputCols": {
    "Cuisine Type": "American",
    "Meal Type": "Lunch, Snack",
    "Dietary Preference": "Non-Veg",
    "Protein Rich": false,
    "Pregnancy Safe": true,
    "Diabetic Friendly": false
  }
}