{
  "InputCols": {
    "List of Main Ingredients": "Chicken, Salt, Pepper, Olive Oil",
    "Nutritional Value per Serving": {
      "Calories": 220,
      "Saturated Fat in daily %": 8,
      "Sugar in g": 0,
      "Protein in g": 26,
      "Glycemic Index": 0
    },
    "Region where Dish is Popular": "Global",
    "Description": "Grilled chicken is a classic dish where marinated chicken is cooked over an open flame or grill. It is a popular choice for its smokey flavor and juicy texture. The simplicity of seasoning with salt, pepper, and olive oil allows the natural flavors of the chicken to shine.",
    "Spice Level": 3,
    "Cooking Method": "Grilling",
    "Preparation Time": 30,
    "Contains Allergens": false
  },
  "OutputCols": {
    "Cuisine Type": "Global",
    "Meal Type": "Lunch, Dinner",
    "Dietary Preference": "Non-Veg",
    "Protein Rich": true,
    "Pregnancy Safe": true,
    "Diabetic Friendly": true
  }
}