{
  "InputCols": {
    "List of Main Ingredients": "Milk powder, flour, baking soda, ghee, milk, sugar, water, cardamom",
    "Nutritional Value per Serving": {
      "Calories": 150,
      "Saturated Fat in daily %": 20,
      "Sugar in g": 20,
      "Protein in g": 2,
      "Glycemic Index": 65
    },
    "Region where Dish is Popular": "Indian Subcontinent",
    "Description": "Gulab Jamun is a popular dessert in the Indian Subcontinent, made by deep-frying a mixture of milk powder and flour, then soaking in sugar syrup flavored with cardamom. These sweet, syrupy balls are often served during festive occasions and celebrations.",
    "Spice Level": 2,
    "Cooking Method": "Deep frying",
    "Preparation Time": 60,
    "Contains Allergens": true
  },
  "OutputCols": {
    "Cuisine Type": "Indian",
    "Meal Type": "Dessert",
    "Dietary Preference": "Vegetarian",
    "Protein Rich": false,
    "Pregnancy Safe": false,
    "Diabetic Friendly": false
  }
}