{
  "InputCols": {
    "List of Main Ingredients": "Noodles, vegetables, soy sauce, vinegar, chili sauce",
    "Nutritional Value per Serving": {
      "Calories": 320,
      "Saturated Fat in daily %": 10,
      "Sugar in g": 8,
      "Protein in g": 12,
      "Glycemic Index": 50
    },
    "Region where Dish is Popular": "Indo-Chinese cuisine",
    "Description": "Hakka noodles is a popular Indo-Chinese stir-fried noodle dish with a mix of vegetables and sauces, typically spicy and flavorful. It is a fusion of Hakka Chinese and Indian flavors.",
    "Spice Level": 6,
    "Cooking Method": "Stir-Frying",
    "Preparation Time": 30,
    "Contains Allergens": false
  },
  "OutputCols": {
    "Cuisine Type": "Indo-Chinese",
    "Meal Type": "Lunch, Dinner",
    "Dietary Preference": "Veg",
    "Protein Rich": true,
    "Pregnancy Safe": true,
    "Diabetic Friendly": false
  }
}