{
  "InputCols": {
    "List of Main Ingredients": "Rice, Chicken, Yogurt, Onions, Tomatoes, Spices",
    "Nutritional Value per Serving": {
      "Calories": 450,
      "Saturated Fat in daily %": 12,
      "Sugar in g": 3,
      "Protein in g": 25,
      "Glycemic Index": 50
    },
    "Region where Dish is Popular": "South Asia, particularly India and Pakistan",
    "Description": "Handi Biryani is a flavorful and aromatic rice dish cooked in a traditional handi (clay pot) with marinated chicken, fragrant spices, and caramelized onions. It is a popular dish in South Asian cuisine known for its rich flavors and tender meat, often served at festive occasions and family gatherings.",
    "Spice Level": 8,
    "Cooking Method": "Slow cooking in a traditional handi pot",
    "Preparation Time": 90,
    "Contains Allergens": true
  },
  "OutputCols": {
    "Cuisine Type": "South Asian",
    "Meal Type": "Lunch, Dinner",
    "Dietary Preference": "Non-Veg",
    "Protein Rich": true,
    "Pregnancy Safe": false,
    "Diabetic Friendly": false
  }
}