{
  "InputCols": {
    "List of Main Ingredients": "Spinach, Green Peas, Potatoes, Coriander, Mint, Green Chilies, Ginger",
    "Nutritional Value per Serving": {
      "Calories": 150,
      "Saturated Fat in daily %": 5,
      "Sugar in g": 2,
      "Protein in g": 3,
      "Glycemic Index": 20
    },
    "Region where Dish is Popular": "India",
    "Description": "Hara Bhara Kabab is a popular Indian vegetarian appetizer made with spinach, green peas, and potatoes. It is infused with aromatic spices like coriander, mint, green chilies, and ginger, giving it a vibrant green color and a delicious flavor.",
    "Spice Level": 5,
    "Cooking Method": "Pan-frying",
    "Preparation Time": 30,
    "Contains Allergens": true
  },
  "OutputCols": {
    "Cuisine Type": "Indian",
    "Meal Type": "Appetizer, Snack",
    "Dietary Preference": "Veg",
    "Protein Rich": false,
    "Pregnancy Safe": true,
    "Diabetic Friendly": true
  }
}