{
  "InputCols": {
    "List of Main Ingredients": "Shrimp, Walnuts, Honey, Cornstarch, Mayonnaise, Condensed Milk, Lemon Juice",
    "Nutritional Value per Serving": {
      "Calories": 480,
      "Saturated Fat in daily %": 45,
      "Sugar in g": 18,
      "Protein in g": 20,
      "Glycemic Index": 35
    },
    "Region where Dish is Popular": "United States",
    "Description": "Honey Walnut Shrimp is a popular Chinese-American dish featuring crispy battered shrimp coated in a sweet honey glaze with candied walnuts. The dish strikes a perfect balance between the crunchiness of the shrimp and the sweetness of the honey-glazed walnuts, creating a flavorful and satisfying meal.",
    "Spice Level": 2,
    "Cooking Method": "Deep-frying",
    "Preparation Time": 30,
    "Contains Allergens": true
  },
  "OutputCols": {
    "Cuisine Type": "Chinese-American",
    "Meal Type": "Lunch, Dinner",
    "Dietary Preference": "Non-Veg",
    "Protein Rich": true,
    "Pregnancy Safe": false,
    "Diabetic Friendly": false
  }
}