{
  "InputCols": {
    "List of Main Ingredients": "Beef, Pork, Chicken, Turkey",
    "Nutritional Value per Serving": {
      "Calories": 180,
      "Saturated Fat in daily %": 15,
      "Sugar in g": 2,
      "Protein in g": 7,
      "Glycemic Index": 50
    },
    "Region where Dish is Popular": "United States",
    "Description": "Hot dogs are popular American sausages served in a sliced bun. They are typically grilled, boiled, or fried and are often topped with mustard, ketchup, onions, relish, cheese, or chili. Hot dogs are a classic, easy-to-eat street food enjoyed at sporting events, picnics, and cookouts.",
    "Spice Level": 2,
    "Cooking Method": "Grilling, Boiling, Frying",
    "Preparation Time": 15,
    "Contains Allergens": true
  },
  "OutputCols": {
    "Cuisine Type": "American",
    "Meal Type": "Lunch, Snack",
    "Dietary Preference": "Non-Veg",
    "Protein Rich": false,
    "Pregnancy Safe": false,
    "Diabetic Friendly": false
  }
}