{
  "InputCols": {
    "List of Main Ingredients": "Broth, Meat (such as beef, lamb, or pork), Seafood (such as shrimp, fish balls), Tofu, Vegetables (such as Napa cabbage, mushrooms)",
    "Nutritional Value per Serving": {
      "Calories": 350,
      "Saturated Fat in daily %": 30,
      "Sugar in g": 3,
      "Protein in g": 25,
      "Glycemic Index": 50
    },
    "Region where Dish is Popular": "China",
    "Description": "Hot Pot is a traditional Chinese cooking method where a simmering pot of broth is placed in the center of the table. Diners then cook a variety of ingredients in the broth, creating a flavorful and interactive dining experience. The ingredients often include a selection of meats, seafood, tofu, and vegetables.",
    "Spice Level": 5,
    "Cooking Method": "Boiling",
    "Preparation Time": 45,
    "Contains Allergens": true
  },
  "OutputCols": {
    "Cuisine Type": "Chinese",
    "Meal Type": "Dinner",
    "Dietary Preference": "Non-Veg",
    "Protein Rich": true,
    "Pregnancy Safe": false,
    "Diabetic Friendly": false
  }
}