{
  "InputCols": {
    "List of Main Ingredients": "Milk, cocoa powder, sugar, vanilla extract",
    "Nutritional Value per Serving": {
      "Calories": 192,
      "Saturated Fat in daily %": 24,
      "Sugar in g": 27,
      "Protein in g": 8,
      "Glycemic Index": 43
    },
    "Region where Dish is Popular": "Global",
    "Description": "Hot chocolate is a comforting and indulgent drink made with cocoa, milk, and sugar. It is often enjoyed during colder months as a cozy treat.",
    "Spice Level": 1,
    "Cooking Method": "Stovetop",
    "Preparation Time": 10,
    "Contains Allergens": true
  },
  "OutputCols": {
    "Cuisine Type": "Beverage",
    "Meal Type": "Dessert",
    "Dietary Preference": "Non-Veg",
    "Protein Rich": false,
    "Pregnancy Safe": true,
    "Diabetic Friendly": false
  }
}