{
  "InputCols": {
    "List of Main Ingredients": "Chickpeas, Tahini, Lemon Juice, Olive Oil, Garlic",
    "Nutritional Value per Serving": {
      "Calories": 166,
      "Saturated Fat in daily %": 5,
      "Sugar in g": 0,
      "Protein in g": 5,
      "Glycemic Index": 15
    },
    "Region where Dish is Popular": "Middle East",
    "Description": "Hummus is a creamy dip or spread made from cooked, mashed chickpeas blended with tahini, olive oil, lemon juice, and garlic. It has a smooth texture and a rich, nutty flavor with a hint of tanginess. Hummus is a traditional Middle Eastern dish enjoyed as a dip with pita bread or vegetables.",
    "Spice Level": 2,
    "Cooking Method": "Blending",
    "Preparation Time": 15,
    "Contains Allergens": true
  },
  "OutputCols": {
    "Cuisine Type": "Middle Eastern",
    "Meal Type": "Snack",
    "Dietary Preference": "Veg",
    "Protein Rich": true,
    "Pregnancy Safe": true,
    "Diabetic Friendly": true
  }
}