{
  "InputCols": {
    "List of Main Ingredients": "Lamb, Bone Marrow, Onions, Yogurt, Garlic, Ginger, Green Chilies, Mint, Cilantro, Spices",
    "Nutritional Value per Serving": {
      "Calories": 300,
      "Saturated Fat in daily %": 20,
      "Sugar in g": 2,
      "Protein in g": 25,
      "Glycemic Index": 15
    },
    "Region where Dish is Popular": "Hyderabad, India",
    "Description": "Hyderabadi Marag is a spicy and rich Indian stew made with tender lamb, bone marrow, and a blend of aromatic spices. This flavorful dish is a popular appetizer in Hyderabad, known for its unique combination of ingredients and bold taste.",
    "Spice Level": 7,
    "Cooking Method": "Pressure Cooking",
    "Preparation Time": 60,
    "Contains Allergens": true
  },
  "OutputCols": {
    "Cuisine Type": "Indian",
    "Meal Type": "Appetizer",
    "Dietary Preference": "Non-Veg",
    "Protein Rich": true,
    "Pregnancy Safe": false,
    "Diabetic Friendly": false
  }
}