{
  "InputCols": {
    "List of Main Ingredients": "Basmati rice, chicken, yogurt, onions, tomatoes, spices",
    "Nutritional Value per Serving": {
      "Calories": 400,
      "Saturated Fat in daily %": 15,
      "Sugar in g": 5,
      "Protein in g": 25,
      "Glycemic Index": 55
    },
    "Region where Dish is Popular": "Hyderabad, India",
    "Description": "Hyderabadi Biryani is a fragrant and aromatic dish made with basmati rice, marinated chicken, and a blend of spices like saffron, cardamom, and cloves. It is cooked in layers with caramelized onions and served with yogurt-based raita.",
    "Spice Level": 7,
    "Cooking Method": "Dum cooking (slow steam cooking)",
    "Preparation Time": 90,
    "Contains Allergens": true
  },
  "OutputCols": {
    "Cuisine Type": "Indian",
    "Meal Type": "Lunch, Dinner",
    "Dietary Preference": "Non-Veg",
    "Protein Rich": true,
    "Pregnancy Safe": false,
    "Diabetic Friendly": false
  }
}