{
  "InputCols": {
    "List of Main Ingredients": "Ice cream, Cake base, Chocolate ganache, Whipped cream",
    "Nutritional Value per Serving": {
      "Calories": 350,
      "Saturated Fat in daily %": 30,
      "Sugar in g": 25,
      "Protein in g": 5,
      "Glycemic Index": 45
    },
    "Region where Dish is Popular": "Global",
    "Description": "Ice Cream Cake is a decadent dessert that combines layers of creamy ice cream with a soft cake base, topped with rich chocolate ganache and fluffy whipped cream. It's a favorite at celebrations and gatherings, offering a delightful contrast of textures and flavors in every bite.",
    "Spice Level": 0,
    "Cooking Method": "Assembly",
    "Preparation Time": 180,
    "Contains Allergens": true
  },
  "OutputCols": {
    "Cuisine Type": "Dessert",
    "Meal Type": "Dessert",
    "Dietary Preference": "Non-Veg",
    "Protein Rich": false,
    "Pregnancy Safe": false,
    "Diabetic Friendly": false
  }
}