{
  "InputCols": {
    "List of Main Ingredients": "Rice flour, water, salt",
    "Nutritional Value per Serving": {
      "Calories": 160,
      "Saturated Fat in daily %": 3,
      "Sugar in g": 1,
      "Protein in g": 2,
      "Glycemic Index": 50
    },
    "Region where Dish is Popular": "South India",
    "Description": "Idiyappam, also known as string hoppers, is a traditional South Indian dish made from rice flour. It is steamed and served as a healthy and light meal or breakfast option. The delicate texture of idiyappam pairs well with various curries, chutneys, and coconut milk.",
    "Spice Level": 2,
    "Cooking Method": "Steaming",
    "Preparation Time": 45,
    "Contains Allergens": false
  },
  "OutputCols": {
    "Cuisine Type": "South Indian",
    "Meal Type": "Breakfast, Main Course",
    "Dietary Preference": "Vegan",
    "Protein Rich": false,
    "Pregnancy Safe": true,
    "Diabetic Friendly": true
  }
}