{
  "InputCols": {
    "List of Main Ingredients": "Rice, Lentils",
    "Nutritional Value per Serving": {
      "Calories": 39,
      "Saturated Fat in daily %": 1,
      "Sugar in g": 0.2,
      "Protein in g": 1.2,
      "Glycemic Index": 42
    },
    "Region where Dish is Popular": "South India",
    "Description": "Idli is a traditional South Indian dish made of fermented rice and lentil batter. It is light, fluffy, and served as a healthy breakfast or snack. Idli is steamed, making it easily digestible and low in fat.",
    "Spice Level": 2,
    "Cooking Method": "Steaming",
    "Preparation Time": 240,
    "Contains Allergens": false
  },
  "OutputCols": {
    "Cuisine Type": "South Indian",
    "Meal Type": "Breakfast, Snack",
    "Dietary Preference": "Veg",
    "Protein Rich": false,
    "Pregnancy Safe": true,
    "Diabetic Friendly": true
  }
}