{
  "InputCols": {
    "List of Main Ingredients": "Rice, Lentils",
    "Nutritional Value per Serving": {
      "Calories": 50,
      "Saturated Fat in daily %": 2,
      "Sugar in g": 0.5,
      "Protein in g": 2,
      "Glycemic Index": 42
    },
    "Region where Dish is Popular": "South India",
    "Description": "Idli Sambar is a traditional South Indian dish consisting of soft and fluffy steamed rice and lentil cakes (idli) served with a flavorful and spicy lentil-based vegetable stew (sambar). It is a popular breakfast or snack option known for its light and balanced flavors.",
    "Spice Level": 5,
    "Cooking Method": "Steaming",
    "Preparation Time": 60,
    "Contains Allergens": false
  },
  "OutputCols": {
    "Cuisine Type": "South Indian",
    "Meal Type": "Breakfast, Snack",
    "Dietary Preference": "Veg",
    "Protein Rich": true,
    "Pregnancy Safe": true,
    "Diabetic Friendly": true
  }
}