{
  "InputCols": {
    "List of Main Ingredients": "Urad dal, Sugar, Saffron",
    "Nutritional Value per Serving": {
      "Calories": 150,
      "Saturated Fat in daily %": 4,
      "Sugar in g": 20,
      "Protein in g": 4,
      "Glycemic Index": 75
    },
    "Region where Dish is Popular": "India",
    "Description": "Imarti is a popular Indian sweet made from urad dal batter, deep-fried in a spiral shape, and soaked in sugar syrup. It has a soft texture and a rich saffron color, making it a festive favorite during celebrations like Diwali and Holi.",
    "Spice Level": 0,
    "Cooking Method": "Deep-frying",
    "Preparation Time": 60,
    "Contains Allergens": true
  },
  "OutputCols": {
    "Cuisine Type": "Indian",
    "Meal Type": "Dessert",
    "Dietary Preference": "Vegetarian",
    "Protein Rich": false,
    "Pregnancy Safe": false,
    "Diabetic Friendly": false
  }
}