{
  "InputCols": {
    "List of Main Ingredients": "Tamarind, Ginger, Jaggery, Red Chili, Mustard Seeds, Curry Leaves",
    "Nutritional Value per Serving": {
      "Calories": 120,
      "Saturated Fat in daily %": 4,
      "Sugar in g": 10,
      "Protein in g": 2,
      "Glycemic Index": 55
    },
    "Region where Dish is Popular": "Kerala, India",
    "Description": "Inji Puli is a traditional South Indian dish from Kerala. It is a tangy, sweet, and spicy pickle made with tamarind, ginger, and jaggery. The tempering of mustard seeds and curry leaves adds an aromatic flavor to this dish.",
    "Spice Level": 6,
    "Cooking Method": "Stovetop",
    "Preparation Time": 30,
    "Contains Allergens": false
  },
  "OutputCols": {
    "Cuisine Type": "South Indian",
    "Meal Type": "Side Dish, Condiment",
    "Dietary Preference": "Veg",
    "Protein Rich": false,
    "Pregnancy Safe": true,
    "Diabetic Friendly": false
  }
}