{
  "InputCols": {
    "List of Main Ingredients": "Lamb, potatoes, carrots, onions",
    "Nutritional Value per Serving": {
      "Calories": 350,
      "Saturated Fat in daily %": 40,
      "Sugar in g": 8,
      "Protein in g": 25,
      "Glycemic Index": 55
    },
    "Region where Dish is Popular": "Ireland",
    "Description": "Irish Stew is a traditional Irish dish made with tender lamb, potatoes, carrots, and onions cooked in a flavorful broth. It is a hearty and wholesome meal that is perfect for cold weather and is often enjoyed with a slice of freshly baked Irish soda bread.",
    "Spice Level": 2,
    "Cooking Method": "Stovetop simmering",
    "Preparation Time": 120,
    "Contains Allergens": false
  },
  "OutputCols": {
    "Cuisine Type": "Irish",
    "Meal Type": "Lunch, Dinner",
    "Dietary Preference": "Non-Veg",
    "Protein Rich": true,
    "Pregnancy Safe": true,
    "Diabetic Friendly": false
  }
}