{
  "InputCols": {
    "List of Main Ingredients": "Jackfruit, Basmati Rice, Onions, Tomatoes, Yogurt, Spices",
    "Nutritional Value per Serving": {
      "Calories": 350,
      "Saturated Fat in daily %": 10,
      "Sugar in g": 8,
      "Protein in g": 6,
      "Glycemic Index": 50
    },
    "Region where Dish is Popular": "South India",
    "Description": "Jackfruit Biryani is a flavorful and aromatic rice dish made with tender jackfruit pieces cooked with fragrant basmati rice and a blend of spices. It offers a unique vegetarian twist to the traditional biryani, perfect for those looking for a meat-free alternative.",
    "Spice Level": 7,
    "Cooking Method": "Cooking and Dum method",
    "Preparation Time": 60,
    "Contains Allergens": false
  },
  "OutputCols": {
    "Cuisine Type": "Indian",
    "Meal Type": "Lunch, Dinner",
    "Dietary Preference": "Veg",
    "Protein Rich": false,
    "Pregnancy Safe": true,
    "Diabetic Friendly": true
  }
}