{
  "InputCols": {
    "List of Main Ingredients": "Maida (All-purpose flour), Sugar, Ghee (clarified butter), Saffron, Cardamom",
    "Nutritional Value per Serving": {
      "Calories": 250,
      "Saturated Fat in daily %": 20,
      "Sugar in g": 30,
      "Protein in g": 2,
      "Glycemic Index": 80
    },
    "Region where Dish is Popular": "India",
    "Description": "Jalebi is a popular Indian sweet made by deep-frying a wheat flour batter in a unique pretzel or circular shape, which is then soaked in sugar syrup. It has a crispy texture with a sweet and aromatic flavor, often enjoyed as a dessert or snack.",
    "Spice Level": 1,
    "Cooking Method": "Deep-frying",
    "Preparation Time": 60,
    "Contains Allergens": true
  },
  "OutputCols": {
    "Cuisine Type": "Indian",
    "Meal Type": "Dessert, Snack",
    "Dietary Preference": "Vegetarian",
    "Protein Rich": false,
    "Pregnancy Safe": false,
    "Diabetic Friendly": false
  }
}