{
  "InputCols": {
    "List of Main Ingredients": "Bell peppers, Onions, Tomatoes, Green chilies, Chicken",
    "Nutritional Value per Serving": {
      "Calories": 320,
      "Saturated Fat in daily %": 10,
      "Sugar in g": 9,
      "Protein in g": 25,
      "Glycemic Index": 45
    },
    "Region where Dish is Popular": "Indian subcontinent",
    "Description": "Jalfrezi is a spicy Indian stir-fry dish with origins in the British Raj era. It typically includes bell peppers, onions, tomatoes, green chilies, and choice of meat cooked in a flavorful sauce.",
    "Spice Level": 8,
    "Cooking Method": "Stir-frying",
    "Preparation Time": 30,
    "Contains Allergens": false
  },
  "OutputCols": {
    "Cuisine Type": "Indian",
    "Meal Type": "Lunch, Dinner",
    "Dietary Preference": "Non-Veg",
    "Protein Rich": true,
    "Pregnancy Safe": false,
    "Diabetic Friendly": false
  }
}