{
  "InputCols": {
    "List of Main Ingredients": "Flour, Butter, Sugar, Jam",
    "Nutritional Value per Serving": {
      "Calories": 250,
      "Saturated Fat in daily %": 30,
      "Sugar in g": 15,
      "Protein in g": 3,
      "Glycemic Index": 50
    },
    "Region where Dish is Popular": "United Kingdom",
    "Description": "Jam tart is a classic British dessert consisting of a buttery shortcrust pastry base filled with sweet and tangy jam, often served with a dollop of cream or custard. The contrast between the crisp pastry and the sticky jam makes it a delightful treat for tea time or as a dessert.",
    "Spice Level": 2,
    "Cooking Method": "Baking",
    "Preparation Time": 45,
    "Contains Allergens": true
  },
  "OutputCols": {
    "Cuisine Type": "British",
    "Meal Type": "Dessert, Snack",
    "Dietary Preference": "Vegetarian",
    "Protein Rich": false,
    "Pregnancy Safe": true,
    "Diabetic Friendly": false
  }
}