{
  "InputCols": {
    "List of Main Ingredients": "Andouille sausage, chicken, shrimp, rice, bell peppers, celery, onions",
    "Nutritional Value per Serving": {
      "Calories": 350,
      "Saturated Fat in daily %": 35,
      "Sugar in g": 5,
      "Protein in g": 18,
      "Glycemic Index": 50
    },
    "Region where Dish is Popular": "Southern United States",
    "Description": "Jambalaya is a flavorful one-pot dish with a mix of meats, seafood, and vegetables cooked with rice. It has roots in Louisiana Creole cuisine, offering a spicy and savory experience with Cajun seasoning blend.",
    "Spice Level": 7,
    "Cooking Method": "Simmering",
    "Preparation Time": 45,
    "Contains Allergens": true
  },
  "OutputCols": {
    "Cuisine Type": "Louisiana Creole",
    "Meal Type": "Lunch, Dinner",
    "Dietary Preference": "Non-Veg",
    "Protein Rich": true,
    "Pregnancy Safe": false,
    "Diabetic Friendly": false
  }
}