{
  "InputCols": {
    "List of Main Ingredients": "Chicken, Scotch bonnet peppers, allspice, thyme, garlic, soy sauce, brown sugar, green onions",
    "Nutritional Value per Serving": {
      "Calories": 380,
      "Saturated Fat in daily %": 18,
      "Sugar in g": 10,
      "Protein in g": 30,
      "Glycemic Index": 20
    },
    "Region where Dish is Popular": "Jamaica",
    "Description": "Jerk Chicken is a traditional Jamaican dish with chicken marinated in a spicy-sweet blend of Scotch bonnet peppers, allspice, and other aromatic seasonings. It is typically grilled to perfection, resulting in juicy, flavorful chicken with a perfect balance of heat and sweetness.",
    "Spice Level": 8,
    "Cooking Method": "Grilling",
    "Preparation Time": 40,
    "Contains Allergens": true
  },
  "OutputCols": {
    "Cuisine Type": "Caribbean",
    "Meal Type": "Lunch, Dinner",
    "Dietary Preference": "Non-Veg",
    "Protein Rich": true,
    "Pregnancy Safe": false,
    "Diabetic Friendly": false
  }
}