{
  "InputCols": {
    "List of Main Ingredients": "Shrimp, tomatoes, onions, garlic, ginger, green chilies, spices",
    "Nutritional Value per Serving": {
      "Calories": 280,
      "Saturated Fat in daily %": 8,
      "Sugar in g": 5,
      "Protein in g": 25,
      "Glycemic Index": 30
    },
    "Region where Dish is Popular": "Indian Subcontinent",
    "Description": "Jhinga Masala is a spicy and flavorful Indian dish made with succulent shrimp cooked in a rich, aromatic tomato-based gravy. It is a popular seafood curry enjoyed in the Indian subcontinent, known for its bold flavors and vibrant colors.",
    "Spice Level": 7,
    "Cooking Method": "Saut\u00e9ing and simmering",
    "Preparation Time": 35,
    "Contains Allergens": true
  },
  "OutputCols": {
    "Cuisine Type": "Indian",
    "Meal Type": "Lunch, Dinner",
    "Dietary Preference": "Non-Veg",
    "Protein Rich": true,
    "Pregnancy Safe": false,
    "Diabetic Friendly": false
  }
}