{
  "InputCols": {
    "List of Main Ingredients": "Flour, Lentils, Spices",
    "Nutritional Value per Serving": {
      "Calories": 250,
      "Saturated Fat in daily %": 15,
      "Sugar in g": 5,
      "Protein in g": 8,
      "Glycemic Index": 50
    },
    "Region where Dish is Popular": "India",
    "Description": "Kachori is a popular Indian street food consisting of a crispy, deep-fried pastry filled with a savory mixture of lentils and spices. It is often served with tamarind chutney and spicy mint coriander chutney.",
    "Spice Level": 7,
    "Cooking Method": "Deep-frying",
    "Preparation Time": 40,
    "Contains Allergens": true
  },
  "OutputCols": {
    "Cuisine Type": "Indian",
    "Meal Type": "Snack",
    "Dietary Preference": "Non-Veg",
    "Protein Rich": false,
    "Pregnancy Safe": false,
    "Diabetic Friendly": false
  }
}