{
  "InputCols": {
    "List of Main Ingredients": "Paneer, Bell peppers, Tomatoes, Onions, Green chilies, Ginger, Garlic",
    "Nutritional Value per Serving": {
      "Calories": 320,
      "Saturated Fat in daily %": 30,
      "Sugar in g": 8,
      "Protein in g": 15,
      "Glycemic Index": 45
    },
    "Region where Dish is Popular": "North India",
    "Description": "Kadai Paneer is a popular North Indian dish made with paneer (Indian cottage cheese) cooked in a spicy and flavorful tomato-based gravy with an assortment of bell peppers. It is seasoned with aromatic spices like cumin, coriander, and garam masala, giving it a rich and tangy taste.",
    "Spice Level": 8,
    "Cooking Method": "Stir-frying and simmering",
    "Preparation Time": 35,
    "Contains Allergens": true
  },
  "OutputCols": {
    "Cuisine Type": "Indian",
    "Meal Type": "Lunch, Dinner",
    "Dietary Preference": "Vegetarian",
    "Protein Rich": true,
    "Pregnancy Safe": true,
    "Diabetic Friendly": false
  }
}