{
  "InputCols": {
    "List of Main Ingredients": "Chickpea flour, yogurt, onion, green chili, turmeric powder, cumin seeds",
    "Nutritional Value per Serving": {
      "Calories": 250,
      "Saturated Fat in daily %": 8,
      "Sugar in g": 10,
      "Protein in g": 12,
      "Glycemic Index": 45
    },
    "Region where Dish is Popular": "North India",
    "Description": "Kadhi Pakora is a popular North Indian dish consisting of spiced chickpea flour dumplings (pakoras) cooked in a tangy yogurt-based curry. It is a comforting and flavorful dish often served with steamed rice.",
    "Spice Level": 4,
    "Cooking Method": "Stovetop",
    "Preparation Time": 45,
    "Contains Allergens": true
  },
  "OutputCols": {
    "Cuisine Type": "Indian",
    "Meal Type": "Lunch, Dinner",
    "Dietary Preference": "Vegetarian",
    "Protein Rich": true,
    "Pregnancy Safe": true,
    "Diabetic Friendly": false
  }
}