{
  "InputCols": {
    "List of Main Ingredients": "Cashew Nuts, Sugar, Ghee",
    "Nutritional Value per Serving": {
      "Calories": 120,
      "Saturated Fat in daily %": 7,
      "Sugar in g": 10,
      "Protein in g": 2,
      "Glycemic Index": 25
    },
    "Region where Dish is Popular": "India",
    "Description": "Kaju Katli is a popular Indian sweet made from cashew nuts, sugar, and ghee. It has a rich, nutty flavor and a smooth, melt-in-your-mouth texture. This delicacy is often served during festivals and special occasions in India.",
    "Spice Level": 1,
    "Cooking Method": "Stovetop cooking",
    "Preparation Time": 40,
    "Contains Allergens": true
  },
  "OutputCols": {
    "Cuisine Type": "Indian",
    "Meal Type": "Dessert",
    "Dietary Preference": "Veg",
    "Protein Rich": false,
    "Pregnancy Safe": true,
    "Diabetic Friendly": false
  }
}