{
  "InputCols": {
    "List of Main Ingredients": "Milk, Salt",
    "Nutritional Value per Serving": {
      "Calories": 80,
      "Saturated Fat in daily %": 10,
      "Sugar in g": 1,
      "Protein in g": 6,
      "Glycemic Index": 0
    },
    "Region where Dish is Popular": "Jammu and Kashmir, India",
    "Description": "Kalaadi is a traditional cheese made from cow's milk in the Jammu region of India. It is known for its unique squeaky texture and slightly salty taste, making it a popular snack or ingredient in local cuisine.",
    "Spice Level": 2,
    "Cooking Method": "No cooking required",
    "Preparation Time": 30,
    "Contains Allergens": false
  },
  "OutputCols": {
    "Cuisine Type": "Indian",
    "Meal Type": "Snack",
    "Dietary Preference": "Non-Veg",
    "Protein Rich": true,
    "Pregnancy Safe": true,
    "Diabetic Friendly": false
  }
}