{
  "InputCols": {
    "List of Main Ingredients": "Kale, Cherry Tomatoes, Cucumber, Avocado, Quinoa, Lemon, Olive Oil, Salt, Pepper",
    "Nutritional Value per Serving": {
      "Calories": 250,
      "Saturated Fat in daily %": 5,
      "Sugar in g": 5,
      "Protein in g": 7,
      "Glycemic Index": 25
    },
    "Region where Dish is Popular": "United States",
    "Description": "Kale Salad is a refreshing and nutritious dish packed with superfoods like kale and avocado. It combines the earthy flavors of kale, the creaminess of avocado, and the tanginess of lemon dressing for a satisfying meal. The addition of quinoa adds protein and fiber, while cherry tomatoes and cucumber provide freshness and crunch.",
    "Spice Level": 2,
    "Cooking Method": "Raw",
    "Preparation Time": 20,
    "Contains Allergens": false
  },
  "OutputCols": {
    "Cuisine Type": "American",
    "Meal Type": "Lunch, Dinner",
    "Dietary Preference": "Vegan",
    "Protein Rich": true,
    "Pregnancy Safe": true,
    "Diabetic Friendly": true
  }
}