{
  "InputCols": {
    "List of Main Ingredients": "Goat liver, onions, tomatoes, garlic, ginger, green chilies, spices",
    "Nutritional Value per Serving": {
      "Calories": 320,
      "Saturated Fat in daily %": 45,
      "Sugar in g": 2,
      "Protein in g": 25,
      "Glycemic Index": 15
    },
    "Region where Dish is Popular": "South Asia",
    "Description": "Kaleji Fry is a popular South Asian dish made with goat liver cooked with an aromatic blend of spices, onions, tomatoes, and green chilies. It has a rich and robust flavor with a spicy kick, perfect for those who enjoy offal dishes.",
    "Spice Level": 8,
    "Cooking Method": "Pan-frying",
    "Preparation Time": 40,
    "Contains Allergens": true
  },
  "OutputCols": {
    "Cuisine Type": "South Asian",
    "Meal Type": "Lunch, Dinner",
    "Dietary Preference": "Non-Veg",
    "Protein Rich": true,
    "Pregnancy Safe": false,
    "Diabetic Friendly": false
  }
}