{
  "InputCols": {
    "List of Main Ingredients": "Rice, Urad Dal, Fenugreek Seeds, Ginger, Pepper, Cashew Nuts, Curry Leaves",
    "Nutritional Value per Serving": {
      "Calories": 150,
      "Saturated Fat in daily %": 6,
      "Sugar in g": 2,
      "Protein in g": 5,
      "Glycemic Index": 55
    },
    "Region where Dish is Popular": "Kanchipuram, Tamil Nadu, India",
    "Description": "Kanchipuram Idli is a traditional South Indian dish with a unique blend of spices and flavors. It is a variant of the regular idli, known for its distinct taste and aroma. The addition of ginger, pepper, and curry leaves lends a special touch to this dish, making it a popular choice for breakfast or snack in the region.",
    "Spice Level": 4,
    "Cooking Method": "Steaming",
    "Preparation Time": 40,
    "Contains Allergens": false
  },
  "OutputCols": {
    "Cuisine Type": "South Indian",
    "Meal Type": "Breakfast, Snack",
    "Dietary Preference": "Vegetarian",
    "Protein Rich": true,
    "Pregnancy Safe": true,
    "Diabetic Friendly": true
  }
}