{
  "InputCols": {
    "List of Main Ingredients": "Tamarind, vegetables (like brinjal, drumstick), spices",
    "Nutritional Value per Serving": {
      "Calories": 150,
      "Saturated Fat in daily %": 5,
      "Sugar in g": 3,
      "Protein in g": 2,
      "Glycemic Index": 30
    },
    "Region where Dish is Popular": "Tamil Nadu, India",
    "Description": "Kara Kuzhambu is a spicy and tangy South Indian curry made with tamarind, vegetables, and a blend of aromatic spices. It is known for its rich flavors and is a popular dish in Tamil Nadu, especially enjoyed with steamed rice.",
    "Spice Level": 8,
    "Cooking Method": "Stovetop cooking",
    "Preparation Time": 40,
    "Contains Allergens": false
  },
  "OutputCols": {
    "Cuisine Type": "South Indian",
    "Meal Type": "Lunch, Dinner",
    "Dietary Preference": "Veg",
    "Protein Rich": false,
    "Pregnancy Safe": true,
    "Diabetic Friendly": true
  }
}