{
  "InputCols": {
    "List of Main Ingredients": "Basmati rice, mixed vegetables, dry fruits, spices",
    "Nutritional Value per Serving": {
      "Calories": 300,
      "Saturated Fat in daily %": 10,
      "Sugar in g": 8,
      "Protein in g": 6,
      "Glycemic Index": 50
    },
    "Region where Dish is Popular": "Kashmir, India",
    "Description": "Kashmiri Pulao is a fragrant and colorful rice dish cooked with a mix of Basmati rice, assorted vegetables, and dry fruits like cashews and raisins. The dish is delicately spiced with flavors such as cardamom, saffron, and cinnamon, giving it a rich and aromatic taste.",
    "Spice Level": 4,
    "Cooking Method": "Stovetop cooking",
    "Preparation Time": 40,
    "Contains Allergens": true
  },
  "OutputCols": {
    "Cuisine Type": "Indian",
    "Meal Type": "Lunch, Dinner",
    "Dietary Preference": "Veg",
    "Protein Rich": false,
    "Pregnancy Safe": true,
    "Diabetic Friendly": false
  }
}