{
  "InputCols": {
    "List of Main Ingredients": "Paratha, Marinated Grilled Chicken, Spicy Chutney, Onions, Bell Peppers",
    "Nutritional Value per Serving": {
      "Calories": 350,
      "Saturated Fat in daily %": 15,
      "Sugar in g": 5,
      "Protein in g": 25,
      "Glycemic Index": 50
    },
    "Region where Dish is Popular": "India",
    "Description": "Kathi Roll is a popular street food from India, consisting of a filling of marinated grilled chicken, wrapped in a paratha along with spicy chutney, onions, and bell peppers. It offers a delightful mix of flavors and textures, making it a satisfying and convenient meal or snack option.",
    "Spice Level": 7,
    "Cooking Method": "Grilling and Wrapping",
    "Preparation Time": 30,
    "Contains Allergens": true
  },
  "OutputCols": {
    "Cuisine Type": "Indian",
    "Meal Type": "Lunch, Dinner, Snack",
    "Dietary Preference": "Non-Veg",
    "Protein Rich": true,
    "Pregnancy Safe": false,
    "Diabetic Friendly": false
  }
}