{
  "InputCols": {
    "List of Main Ingredients": "Eggplant, Toor Dal, Tamarind, Coconut, Coriander Seeds, Chilies, Turmeric",
    "Nutritional Value per Serving": {
      "Calories": 180,
      "Saturated Fat in daily %": 6,
      "Sugar in g": 6,
      "Protein in g": 8,
      "Glycemic Index": 35
    },
    "Region where Dish is Popular": "Tamil Nadu, India",
    "Description": "Kathirikai Pitlai is a traditional South Indian dish made with roasted spices, dal, and tamarind, giving it a tangy and flavorful taste. The creamy coconut gravy blended with the richness of eggplant makes it a popular choice among vegetarians in Tamil Nadu.",
    "Spice Level": 7,
    "Cooking Method": "Stovetop cooking",
    "Preparation Time": 45,
    "Contains Allergens": false
  },
  "OutputCols": {
    "Cuisine Type": "South Indian",
    "Meal Type": "Lunch, Dinner",
    "Dietary Preference": "Veg",
    "Protein Rich": true,
    "Pregnancy Safe": true,
    "Diabetic Friendly": true
  }
}