{
  "InputCols": {
    "List of Main Ingredients": "Eggplant, Onion, Tomato, Tamarind, Green Chilies, Curry Leaves, Mustard Seeds, Urad Dal, Turmeric Powder",
    "Nutritional Value per Serving": {
      "Calories": 120,
      "Saturated Fat in daily %": 5,
      "Sugar in g": 8,
      "Protein in g": 2,
      "Glycemic Index": 25
    },
    "Region where Dish is Popular": "Tamil Nadu, India",
    "Description": "Kathirikai Gothsu is a South Indian dish known for its tangy and spicy flavors. It is made with roasted eggplant cooked in a tamarind and tomato gravy, seasoned with mustard seeds, curry leaves, and Indian spices. This dish is commonly served with rice or idli, adding a burst of traditional Tamil Nadu cuisine to the meal.",
    "Spice Level": 7,
    "Cooking Method": "Stovetop cooking",
    "Preparation Time": 40,
    "Contains Allergens": false
  },
  "OutputCols": {
    "Cuisine Type": "South Indian",
    "Meal Type": "Lunch, Dinner",
    "Dietary Preference": "Vegan",
    "Protein Rich": false,
    "Pregnancy Safe": true,
    "Diabetic Friendly": true
  }
}