{
  "InputCols": {
    "List of Main Ingredients": "Black Rice, Jaggery, Coconut Milk, Ghee, Cashews, Raisins",
    "Nutritional Value per Serving": {
      "Calories": 200,
      "Saturated Fat in daily %": 6,
      "Sugar in g": 20,
      "Protein in g": 2,
      "Glycemic Index": 50
    },
    "Region where Dish is Popular": "Tamil Nadu, India",
    "Description": "Kavuni Arisi Payasam is a traditional South Indian dessert made from black rice, jaggery, and coconut milk. It has a rich, creamy texture with a unique nutty flavor. The dish is often garnished with fried cashews and raisins, adding a crunchy element to the velvety sweetness of the dessert.",
    "Spice Level": 1,
    "Cooking Method": "Boiling, Simmering",
    "Preparation Time": 60,
    "Contains Allergens": true
  },
  "OutputCols": {
    "Cuisine Type": "South Indian",
    "Meal Type": "Dessert",
    "Dietary Preference": "Veg",
    "Protein Rich": false,
    "Pregnancy Safe": true,
    "Diabetic Friendly": false
  }
}