{
  "InputCols": {
    "List of Main Ingredients": "Minced meat, Basmati rice, Onions, Tomatoes, Yogurt, Spices",
    "Nutritional Value per Serving": {
      "Calories": 450,
      "Saturated Fat in daily %": 18,
      "Sugar in g": 4,
      "Protein in g": 20,
      "Glycemic Index": 50
    },
    "Region where Dish is Popular": "South Asia",
    "Description": "Keema Biryani is a flavorful and aromatic dish consisting of spiced minced meat cooked with fragrant Basmati rice, caramelized onions, and a blend of traditional South Asian spices. It is a popular choice for special occasions and gatherings, offering a perfect balance of savory and mildly spicy flavors.",
    "Spice Level": 7,
    "Cooking Method": "Layered Cooking",
    "Preparation Time": 60,
    "Contains Allergens": true
  },
  "OutputCols": {
    "Cuisine Type": "South Asian",
    "Meal Type": "Lunch, Dinner",
    "Dietary Preference": "Non-Veg",
    "Protein Rich": true,
    "Pregnancy Safe": false,
    "Diabetic Friendly": false
  }
}