{
  "InputCols": {
    "List of Main Ingredients": "Minced meat, onions, tomatoes, spices",
    "Nutritional Value per Serving": {
      "Calories": 350,
      "Saturated Fat in daily %": 20,
      "Sugar in g": 5,
      "Protein in g": 25,
      "Glycemic Index": 45
    },
    "Region where Dish is Popular": "India",
    "Description": "Keema Pav is a popular Indian street food dish consisting of spicy minced meat curry served with buttered pav (bread rolls). It is flavorful, savory, and often eaten as a quick and fulfilling meal.",
    "Spice Level": 7,
    "Cooking Method": "Saut\u00e9ing",
    "Preparation Time": 40,
    "Contains Allergens": true
  },
  "OutputCols": {
    "Cuisine Type": "Indian",
    "Meal Type": "Lunch, Dinner",
    "Dietary Preference": "Non-Veg",
    "Protein Rich": true,
    "Pregnancy Safe": false,
    "Diabetic Friendly": false
  }
}