{
  "InputCols": {
    "List of Main Ingredients": "Spinach, Lentils, Coconut",
    "Nutritional Value per Serving": {
      "Calories": 150,
      "Saturated Fat in daily %": 5,
      "Sugar in g": 5,
      "Protein in g": 10,
      "Glycemic Index": 25
    },
    "Region where Dish is Popular": "South India",
    "Description": "Keerai Thandu Kootu is a traditional South Indian dish made with tender spinach stems, lentils, and coconut. It is a flavorful and nutritious dish that is commonly enjoyed with steamed rice or roti.",
    "Spice Level": 3,
    "Cooking Method": "Boiling and Tempering",
    "Preparation Time": 30,
    "Contains Allergens": false
  },
  "OutputCols": {
    "Cuisine Type": "South Indian",
    "Meal Type": "Lunch, Dinner",
    "Dietary Preference": "Veg",
    "Protein Rich": true,
    "Pregnancy Safe": true,
    "Diabetic Friendly": true
  }
}