{
  "InputCols": {
    "List of Main Ingredients": "Spinach, Lentils, Coconut",
    "Nutritional Value per Serving": {
      "Calories": 150,
      "Saturated Fat in daily %": 5,
      "Sugar in g": 3,
      "Protein in g": 8,
      "Glycemic Index": 25
    },
    "Region where Dish is Popular": "South India",
    "Description": "Keerai Kootu is a traditional South Indian dish made with nutritious spinach, lentils, and a coconut-based gravy. It is a wholesome and flavorful dish that is often served with rice or roti.",
    "Spice Level": 3,
    "Cooking Method": "Boiling and Frying",
    "Preparation Time": 40,
    "Contains Allergens": false
  },
  "OutputCols": {
    "Cuisine Type": "South Indian",
    "Meal Type": "Lunch, Dinner",
    "Dietary Preference": "Veg",
    "Protein Rich": true,
    "Pregnancy Safe": true,
    "Diabetic Friendly": true
  }
}