{
  "InputCols": {
    "List of Main Ingredients": "Spinach, lentils, garlic, onion, green chili",
    "Nutritional Value per Serving": {
      "Calories": 120,
      "Saturated Fat in daily %": 5,
      "Sugar in g": 3,
      "Protein in g": 8,
      "Glycemic Index": 25
    },
    "Region where Dish is Popular": "South India",
    "Description": "Keerai Masiyal is a traditional South Indian dish made with cooked spinach, lentils, and spices. It is a flavorsome and nutritious dish commonly served as a side dish with rice or roti.",
    "Spice Level": 4,
    "Cooking Method": "Boiling and mashing",
    "Preparation Time": 30,
    "Contains Allergens": false
  },
  "OutputCols": {
    "Cuisine Type": "South Indian",
    "Meal Type": "Lunch, Dinner",
    "Dietary Preference": "Veg",
    "Protein Rich": true,
    "Pregnancy Safe": true,
    "Diabetic Friendly": true
  }
}