{
  "InputCols": {
    "List of Main Ingredients": "Spinach, Lentils, Onions, Spices",
    "Nutritional Value per Serving": {
      "Calories": 120,
      "Saturated Fat in daily %": 8,
      "Sugar in g": 2,
      "Protein in g": 6,
      "Glycemic Index": 30
    },
    "Region where Dish is Popular": "South India",
    "Description": "Keerai Vadai is a popular South Indian snack made from a mixture of lentils, spinach, onions, and spices. It is shaped into small balls and deep-fried until crispy. This savory and flavorful snack is a favorite during tea time or as an appetizer.",
    "Spice Level": 5,
    "Cooking Method": "Deep-frying",
    "Preparation Time": 40,
    "Contains Allergens": true
  },
  "OutputCols": {
    "Cuisine Type": "South Indian",
    "Meal Type": "Snack, Appetizer",
    "Dietary Preference": "Veg",
    "Protein Rich": true,
    "Pregnancy Safe": true,
    "Diabetic Friendly": false
  }
}