{
  "InputCols": {
    "List of Main Ingredients": "Semolina, sugar, ghee, saffron, cardamom, almonds, pistachios",
    "Nutritional Value per Serving": {
      "Calories": 300,
      "Saturated Fat in daily %": 20,
      "Sugar in g": 20,
      "Protein in g": 5,
      "Glycemic Index": 45
    },
    "Region where Dish is Popular": "India",
    "Description": "Kesar Halwa is a traditional Indian dessert made by cooking semolina in ghee with sugar, flavored with saffron and cardamom, and garnished with almonds and pistachios. It has a rich, aromatic taste and a luxurious golden color.",
    "Spice Level": 3,
    "Cooking Method": "Stovetop",
    "Preparation Time": 30,
    "Contains Allergens": true
  },
  "OutputCols": {
    "Cuisine Type": "Indian",
    "Meal Type": "Dessert",
    "Dietary Preference": "Vegetarian",
    "Protein Rich": false,
    "Pregnancy Safe": true,
    "Diabetic Friendly": false
  }
}