{
  "InputCols": {
    "List of Main Ingredients": "Key lime juice, sweetened condensed milk, graham cracker crust, egg yolks, whipped cream",
    "Nutritional Value per Serving": {
      "Calories": 350,
      "Saturated Fat in daily %": 35,
      "Sugar in g": 25,
      "Protein in g": 5,
      "Glycemic Index": 50
    },
    "Region where Dish is Popular": "Florida, United States",
    "Description": "Key Lime Pie is a delicious dessert made with the tangy juice of key limes, sweetened condensed milk, and a buttery graham cracker crust. It is known for its refreshing and citrusy flavor, often topped with whipped cream or meringue.",
    "Spice Level": 2,
    "Cooking Method": "Baking",
    "Preparation Time": 40,
    "Contains Allergens": true
  },
  "OutputCols": {
    "Cuisine Type": "American",
    "Meal Type": "Dessert",
    "Dietary Preference": "Non-Veg",
    "Protein Rich": false,
    "Pregnancy Safe": true,
    "Diabetic Friendly": false
  }
}