{
  "InputCols": {
    "List of Main Ingredients": "Kimchi, Rice, Carrots, Spring Onions, Garlic, Eggs",
    "Nutritional Value per Serving": {
      "Calories": 400,
      "Saturated Fat in daily %": 12,
      "Sugar in g": 5,
      "Protein in g": 10,
      "Glycemic Index": 50
    },
    "Region where Dish is Popular": "South Korea",
    "Description": "Kimchi Fried Rice is a popular Korean dish made with fermented kimchi, rice, vegetables, and a variety of seasonings. It has a delicious umami flavor with a hint of spiciness from the kimchi. The dish is easy to make and perfect for a quick and satisfying meal.",
    "Spice Level": 7,
    "Cooking Method": "Stir-frying",
    "Preparation Time": 25,
    "Contains Allergens": false
  },
  "OutputCols": {
    "Cuisine Type": "Korean",
    "Meal Type": "Lunch, Dinner",
    "Dietary Preference": "Non-Veg",
    "Protein Rich": true,
    "Pregnancy Safe": true,
    "Diabetic Friendly": false
  }
}