{
  "InputCols": {
    "List of Main Ingredients": "Mixed vegetables, coconut, sesame seeds, tamarind",
    "Nutritional Value per Serving": {
      "Calories": 250,
      "Saturated Fat in daily %": 8,
      "Sugar in g": 10,
      "Protein in g": 6,
      "Glycemic Index": 45
    },
    "Region where Dish is Popular": "Maharashtra, India",
    "Description": "Kolhapuri Vegetables is a spicy and flavorful dish from Maharashtra, India. It consists of mixed vegetables cooked in a rich, coconut-based gravy with a tangy twist from tamarind. The dish is known for its bold spices and vibrant colors, making it a popular choice for those who enjoy spicy food.",
    "Spice Level": 8,
    "Cooking Method": "Simmering and Stir-frying",
    "Preparation Time": 40,
    "Contains Allergens": false
  },
  "OutputCols": {
    "Cuisine Type": "Indian",
    "Meal Type": "Lunch, Dinner",
    "Dietary Preference": "Veg",
    "Protein Rich": false,
    "Pregnancy Safe": true,
    "Diabetic Friendly": false
  }
}