{
  "InputCols": {
    "List of Main Ingredients": "Horse gram, red chilies, cumin seeds, garlic, salt",
    "Nutritional Value per Serving": {
      "Calories": 45,
      "Saturated Fat in daily %": 3,
      "Sugar in g": 0,
      "Protein in g": 3,
      "Glycemic Index": 15
    },
    "Region where Dish is Popular": "South India",
    "Description": "Kollu Podi, also known as Horse Gram Powder, is a popular spicy condiment in South Indian cuisine. It is made from roasted horse gram lentils blended with aromatic spices and garlic. This flavorful powder is typically served with steamed rice and a dollop of ghee.",
    "Spice Level": 7,
    "Cooking Method": "Roasting and Grinding",
    "Preparation Time": 30,
    "Contains Allergens": false
  },
  "OutputCols": {
    "Cuisine Type": "South Indian",
    "Meal Type": "Lunch, Dinner",
    "Dietary Preference": "Veg",
    "Protein Rich": true,
    "Pregnancy Safe": true,
    "Diabetic Friendly": true
  }
}