{
  "InputCols": {
    "List of Main Ingredients": "Horse gram, tamarind, black pepper, cumin seeds, garlic, curry leaves",
    "Nutritional Value per Serving": {
      "Calories": 150,
      "Saturated Fat in daily %": 3,
      "Sugar in g": 3,
      "Protein in g": 5,
      "Glycemic Index": 22
    },
    "Region where Dish is Popular": "South India",
    "Description": "Kollu Rasam is a spicy and tangy South Indian soup made from horse gram and traditional spices like black pepper, cumin seeds, and garlic. It is known for its robust flavor and is often consumed for its health benefits.",
    "Spice Level": 7,
    "Cooking Method": "Boiling and Tempering",
    "Preparation Time": 30,
    "Contains Allergens": false
  },
  "OutputCols": {
    "Cuisine Type": "South Indian",
    "Meal Type": "Lunch, Dinner",
    "Dietary Preference": "Veg",
    "Protein Rich": true,
    "Pregnancy Safe": true,
    "Diabetic Friendly": true
  }
}