{
  "InputCols": {
    "List of Main Ingredients": "Chicken, Onions, Tomatoes, Ginger, Garlic, Green Chilies, Coconut",
    "Nutritional Value per Serving": {
      "Calories": 320,
      "Saturated Fat in daily %": 22,
      "Sugar in g": 5,
      "Protein in g": 25,
      "Glycemic Index": 35
    },
    "Region where Dish is Popular": "Kongunadu region in Tamil Nadu, India",
    "Description": "Kongunadu Chicken Curry is a flavorful South Indian dish prepared with tender chicken pieces cooked in a rich gravy made of coconut, onions, tomatoes, and aromatic spices. It has a perfect balance of spiciness and coconut milk's creamy texture, making it a favorite in the Kongunadu region.",
    "Spice Level": 8,
    "Cooking Method": "Stovetop cooking",
    "Preparation Time": 45,
    "Contains Allergens": true
  },
  "OutputCols": {
    "Cuisine Type": "South Indian",
    "Meal Type": "Lunch, Dinner",
    "Dietary Preference": "Non-Veg",
    "Protein Rich": true,
    "Pregnancy Safe": false,
    "Diabetic Friendly": false
  }
}