{
  "InputCols": {
    "List of Main Ingredients": "Meat (chicken, lamb, or beef), yogurt, cream, almonds, spices",
    "Nutritional Value per Serving": {
      "Calories": 350,
      "Saturated Fat in daily %": 25,
      "Sugar in g": 6,
      "Protein in g": 20,
      "Glycemic Index": 30
    },
    "Region where Dish is Popular": "South Asia",
    "Description": "Korma is a rich and creamy dish originating from South Asia, featuring meat cooked with yogurt, cream, and a blend of aromatic spices. It has a mildly sweet flavor and a luxurious texture that pairs well with rice or naan.",
    "Spice Level": 4,
    "Cooking Method": "Slow cooking in a creamy sauce",
    "Preparation Time": 60,
    "Contains Allergens": true
  },
  "OutputCols": {
    "Cuisine Type": "South Asian",
    "Meal Type": "Lunch, Dinner",
    "Dietary Preference": "Non-Veg",
    "Protein Rich": true,
    "Pregnancy Safe": false,
    "Diabetic Friendly": false
  }
}