{
  "InputCols": {
    "List of Main Ingredients": "Rice, Coriander Leaves, Coconut",
    "Nutritional Value per Serving": {
      "Calories": 250,
      "Saturated Fat in daily %": 5,
      "Sugar in g": 2,
      "Protein in g": 5,
      "Glycemic Index": 50
    },
    "Region where Dish is Popular": "South India",
    "Description": "Kothamalli Rice is a flavorful South Indian dish made with freshly ground coriander leaves and coconut. It is a nutritious and aromatic rice preparation that is popular for its unique taste and health benefits.",
    "Spice Level": 6,
    "Cooking Method": "Stir-Frying",
    "Preparation Time": 30,
    "Contains Allergens": false
  },
  "OutputCols": {
    "Cuisine Type": "South Indian",
    "Meal Type": "Lunch",
    "Dietary Preference": "Veg",
    "Protein Rich": false,
    "Pregnancy Safe": true,
    "Diabetic Friendly": true
  }
}