{
  "InputCols": {
    "List of Main Ingredients": "Ivy gourd (Kovakkai), Coconut, Mustard seeds, Curry leaves, Turmeric",
    "Nutritional Value per Serving": {
      "Calories": 120,
      "Saturated Fat in daily %": 5,
      "Sugar in g": 3,
      "Protein in g": 2,
      "Glycemic Index": 38
    },
    "Region where Dish is Popular": "South India",
    "Description": "Kovakkai Poriyal is a traditional South Indian dish made with stir-fried ivy gourd, coconut, and a blend of spices. This dish is known for its crunchy texture and vibrant flavors, making it a popular side dish in South Indian cuisine.",
    "Spice Level": 4,
    "Cooking Method": "Stir-Frying",
    "Preparation Time": 25,
    "Contains Allergens": false
  },
  "OutputCols": {
    "Cuisine Type": "South Indian",
    "Meal Type": "Side Dish",
    "Dietary Preference": "Veg",
    "Protein Rich": false,
    "Pregnancy Safe": true,
    "Diabetic Friendly": true
  }
}