{
  "InputCols": {
    "List of Main Ingredients": "Rice flour, Jaggery, Coconut",
    "Nutritional Value per Serving": {
      "Calories": 100,
      "Saturated Fat in daily %": 5,
      "Sugar in g": 10,
      "Protein in g": 2,
      "Glycemic Index": 50
    },
    "Region where Dish is Popular": "South India",
    "Description": "Kozhukattai is a traditional South Indian dumpling made from rice flour, filled with sweetened coconut and jaggery mixture. It is steamed to perfection, resulting in a soft, chewy texture with a hint of sweetness.",
    "Spice Level": 1,
    "Cooking Method": "Steaming",
    "Preparation Time": 45,
    "Contains Allergens": false
  },
  "OutputCols": {
    "Cuisine Type": "South Indian",
    "Meal Type": "Snack, Dessert",
    "Dietary Preference": "Vegan",
    "Protein Rich": false,
    "Pregnancy Safe": true,
    "Diabetic Friendly": false
  }
}