{
  "InputCols": {
    "List of Main Ingredients": "Rice flour, Chana dal, Coconut",
    "Nutritional Value per Serving": {
      "Calories": 150,
      "Saturated Fat in daily %": 5,
      "Sugar in g": 5,
      "Protein in g": 7,
      "Glycemic Index": 35
    },
    "Region where Dish is Popular": "Southern India",
    "Description": "Kozhukattai Sundal is a traditional South Indian dish made during festivals like Ganesh Chaturthi. It consists of steamed dumplings made from rice flour and a filling of spiced chana dal and fresh coconut. This dish is both savory and mildly sweet, making it a popular snack or prasadam.",
    "Spice Level": 3,
    "Cooking Method": "Steaming",
    "Preparation Time": 60,
    "Contains Allergens": false
  },
  "OutputCols": {
    "Cuisine Type": "South Indian",
    "Meal Type": "Snack",
    "Dietary Preference": "Veg",
    "Protein Rich": true,
    "Pregnancy Safe": true,
    "Diabetic Friendly": true
  }
}