{
  "InputCols": {
    "List of Main Ingredients": "Milk, Sugar, Pistachios, Almonds, Cardamom",
    "Nutritional Value per Serving": {
      "Calories": 250,
      "Saturated Fat in daily %": 20,
      "Sugar in g": 20,
      "Protein in g": 7,
      "Glycemic Index": 35
    },
    "Region where Dish is Popular": "India",
    "Description": "Kulfi is a popular frozen dairy dessert from the Indian subcontinent. It is similar to ice cream but denser and creamier, often flavored with cardamom and nuts like pistachios and almonds. It is typically served on a stick or in a small earthen pot called a matka.",
    "Spice Level": 2,
    "Cooking Method": "Simmering and freezing",
    "Preparation Time": 240,
    "Contains Allergens": true
  },
  "OutputCols": {
    "Cuisine Type": "Indian",
    "Meal Type": "Dessert",
    "Dietary Preference": "Vegetarian",
    "Protein Rich": false,
    "Pregnancy Safe": true,
    "Diabetic Friendly": false
  }
}