{
  "InputCols": {
    "List of Main Ingredients": "Chicken, peanuts, bell peppers, dried chili peppers",
    "Nutritional Value per Serving": {
      "Calories": 350,
      "Saturated Fat in daily %": 20,
      "Sugar in g": 6,
      "Protein in g": 25,
      "Glycemic Index": 45
    },
    "Region where Dish is Popular": "Sichuan, China",
    "Description": "Kung Pao Chicken is a classic Sichuan dish known for its bold flavors of spicy, sweet, and slightly tangy notes. The dish features tender chicken stir-fried with peanuts, bell peppers, and dried chili peppers in a flavorful sauce.",
    "Spice Level": 7,
    "Cooking Method": "Stir-fry",
    "Preparation Time": 30,
    "Contains Allergens": true
  },
  "OutputCols": {
    "Cuisine Type": "Chinese",
    "Meal Type": "Lunch, Dinner",
    "Dietary Preference": "Non-Veg",
    "Protein Rich": true,
    "Pregnancy Safe": false,
    "Diabetic Friendly": false
  }
}