{
  "InputCols": {
    "List of Main Ingredients": "Rice, Onions, Tomatoes, Spices",
    "Nutritional Value per Serving": {
      "Calories": 300,
      "Saturated Fat in daily %": 10,
      "Sugar in g": 5,
      "Protein in g": 6,
      "Glycemic Index": 50
    },
    "Region where Dish is Popular": "Southern India",
    "Description": "Kuska Biryani is a fragrant and mildly spiced rice dish popular in southern India. It is a flavorful alternative to traditional biryani, cooked with aromatic spices, onions, and tomatoes.",
    "Spice Level": 5,
    "Cooking Method": "Saut\u00e9ing, Dum Cooking",
    "Preparation Time": 45,
    "Contains Allergens": false
  },
  "OutputCols": {
    "Cuisine Type": "Indian",
    "Meal Type": "Lunch, Dinner",
    "Dietary Preference": "Non-Veg",
    "Protein Rich": false,
    "Pregnancy Safe": true,
    "Diabetic Friendly": false
  }
}