{
  "InputCols": {
    "List of Main Ingredients": "Kuthiraivali (Barnyard Millet), Moong Dal (Split Mung Beans), Ghee, Black Pepper, Cumin Seeds, Cashews, Curry Leaves, Ginger, Green Chilies",
    "Nutritional Value per Serving": {
      "Calories": 250,
      "Saturated Fat in daily %": 8,
      "Sugar in g": 2,
      "Protein in g": 6,
      "Glycemic Index": 50
    },
    "Region where Dish is Popular": "South India",
    "Description": "Kuthiraivali Pongal is a flavorful and nutritious South Indian dish made with barnyard millet, moong dal, and a blend of spices. It is a wholesome meal often enjoyed for breakfast or lunch, known for its comforting taste and health benefits.",
    "Spice Level": 4,
    "Cooking Method": "Stovetop cooking",
    "Preparation Time": 30,
    "Contains Allergens": false
  },
  "OutputCols": {
    "Cuisine Type": "South Indian",
    "Meal Type": "Breakfast, Lunch",
    "Dietary Preference": "Veg",
    "Protein Rich": true,
    "Pregnancy Safe": true,
    "Diabetic Friendly": true
  }
}