{
  "InputCols": {
    "List of Main Ingredients": "Tamarind, Toor dal, Mixed vegetables, Spices",
    "Nutritional Value per Serving": {
      "Calories": 250,
      "Saturated Fat in daily %": 8,
      "Sugar in g": 5,
      "Protein in g": 8,
      "Glycemic Index": 45
    },
    "Region where Dish is Popular": "Tamil Nadu, India",
    "Description": "Kuzhambu is a tangy South Indian stew made with a base of tamarind, lentils, mixed vegetables, and a blend of spices. It has a rich flavor profile with a perfect balance of sourness, spiciness, and warmth. This dish is a staple in Tamil Nadu households and is often served with steamed rice for a comforting meal.",
    "Spice Level": 6,
    "Cooking Method": "Stovetop simmering",
    "Preparation Time": 45,
    "Contains Allergens": false
  },
  "OutputCols": {
    "Cuisine Type": "South Indian",
    "Meal Type": "Lunch, Dinner",
    "Dietary Preference": "Veg",
    "Protein Rich": true,
    "Pregnancy Safe": true,
    "Diabetic Friendly": true
  }
}