{
  "InputCols": {
    "List of Main Ingredients": "Mutton, yogurt, red chili powder, ghee, spices",
    "Nutritional Value per Serving": {
      "Calories": 350,
      "Saturated Fat in daily %": 45,
      "Sugar in g": 2,
      "Protein in g": 25,
      "Glycemic Index": 30
    },
    "Region where Dish is Popular": "Rajasthan, India",
    "Description": "Laal Maas is a fiery, rich and aromatic Rajasthani curry known for its deep red color from the use of a significant amount of red chili powder. It is a traditional dish of Rajasthan, specifically enjoyed for its bold flavors and tender mutton cooked in a yogurt-based sauce.",
    "Spice Level": 8,
    "Cooking Method": "Slow cooking",
    "Preparation Time": 90,
    "Contains Allergens": true
  },
  "OutputCols": {
    "Cuisine Type": "Indian",
    "Meal Type": "Lunch, Dinner",
    "Dietary Preference": "Non-Veg",
    "Protein Rich": true,
    "Pregnancy Safe": false,
    "Diabetic Friendly": false
  }
}