{
  "InputCols": {
    "List of Main Ingredients": "Wheat flour, ghee, water, salt",
    "Nutritional Value per Serving": {
      "Calories": 160,
      "Saturated Fat in daily %": 8,
      "Sugar in g": 1,
      "Protein in g": 4,
      "Glycemic Index": 45
    },
    "Region where Dish is Popular": "Indian subcontinent",
    "Description": "Lacha Paratha is a layered flatbread made from whole wheat flour. It is flaky, crispy, and buttery, with each layer offering a delightful texture. This popular Indian subcontinent bread is perfect to pair with curries or enjoy on its own.",
    "Spice Level": 3,
    "Cooking Method": "Pan-frying",
    "Preparation Time": 30,
    "Contains Allergens": true
  },
  "OutputCols": {
    "Cuisine Type": "Indian",
    "Meal Type": "Breakfast, Lunch, Dinner",
    "Dietary Preference": "Veg",
    "Protein Rich": false,
    "Pregnancy Safe": true,
    "Diabetic Friendly": false
  }
}