{
  "InputCols": {
    "List of Main Ingredients": "Rice noodles, coconut milk, chicken or tofu, shrimp, bean sprouts, hard-boiled egg",
    "Nutritional Value per Serving": {
      "Calories": 450,
      "Saturated Fat in daily %": 20,
      "Sugar in g": 10,
      "Protein in g": 25,
      "Glycemic Index": 55
    },
    "Region where Dish is Popular": "Southeast Asia",
    "Description": "Laksa is a spicy noodle soup popular in Southeast Asia. It features a rich, fragrant coconut broth with rice noodles, chicken or tofu, shrimp, bean sprouts, and a hard-boiled egg. The dish is known for its bold flavors and creamy texture.",
    "Spice Level": 7,
    "Cooking Method": "Boiling, Simmering",
    "Preparation Time": 45,
    "Contains Allergens": true
  },
  "OutputCols": {
    "Cuisine Type": "Asian",
    "Meal Type": "Lunch, Dinner",
    "Dietary Preference": "Non-Veg",
    "Protein Rich": true,
    "Pregnancy Safe": false,
    "Diabetic Friendly": false
  }
}