{
  "InputCols": {
    "List of Main Ingredients": "Lamb, Pita, Tzatziki Sauce, Tomato, Onion",
    "Nutritional Value per Serving": {
      "Calories": 550,
      "Saturated Fat in daily %": 30,
      "Sugar in g": 5,
      "Protein in g": 25,
      "Glycemic Index": 45
    },
    "Region where Dish is Popular": "Mediterranean",
    "Description": "Lamb Gyro is a traditional Mediterranean dish featuring seasoned lamb meat wrapped in warm pita bread with fresh vegetables and creamy tzatziki sauce. It offers a savory and satisfying blend of flavors.",
    "Spice Level": 5,
    "Cooking Method": "Grilling",
    "Preparation Time": 30,
    "Contains Allergens": true
  },
  "OutputCols": {
    "Cuisine Type": "Mediterranean",
    "Meal Type": "Lunch, Dinner",
    "Dietary Preference": "Non-Veg",
    "Protein Rich": true,
    "Pregnancy Safe": false,
    "Diabetic Friendly": false
  }
}