{
  "InputCols": {
    "List of Main Ingredients": "Lamb, Spinach, Onion, Tomato, Garlic, Ginger, Spices",
    "Nutritional Value per Serving": {
      "Calories": 350,
      "Saturated Fat in daily %": 22,
      "Sugar in g": 5,
      "Protein in g": 30,
      "Glycemic Index": 25
    },
    "Region where Dish is Popular": "South Asia",
    "Description": "Lamb Saag is a traditional South Asian dish made with tender pieces of lamb cooked with spinach, onions, tomatoes, garlic, ginger, and aromatic spices. The dish has a rich and flavorful taste with a balance of meaty and earthy flavors from the lamb and spinach.",
    "Spice Level": 7,
    "Cooking Method": "Simmering",
    "Preparation Time": 60,
    "Contains Allergens": true
  },
  "OutputCols": {
    "Cuisine Type": "South Asian",
    "Meal Type": "Lunch, Dinner",
    "Dietary Preference": "Non-Veg",
    "Protein Rich": true,
    "Pregnancy Safe": false,
    "Diabetic Friendly": false
  }
}