{
  "InputCols": {
    "List of Main Ingredients": "Lamb, Potatoes, Vinegar, Spices",
    "Nutritional Value per Serving": {
      "Calories": 350,
      "Saturated Fat in daily %": 25,
      "Sugar in g": 5,
      "Protein in g": 30,
      "Glycemic Index": 30
    },
    "Region where Dish is Popular": "Goa, India",
    "Description": "Lamb Vindaloo is a spicy and tangy curry from Goa, India, influenced by Portuguese cuisine. The dish is known for its rich flavors, tender lamb, and aromatic spices. It has a fiery red color and a perfect blend of heat and tanginess.",
    "Spice Level": 8,
    "Cooking Method": "Slow cooking in a mix of spices and vinegar",
    "Preparation Time": 90,
    "Contains Allergens": true
  },
  "OutputCols": {
    "Cuisine Type": "Indian",
    "Meal Type": "Lunch, Dinner",
    "Dietary Preference": "Non-Veg",
    "Protein Rich": true,
    "Pregnancy Safe": false,
    "Diabetic Friendly": false
  }
}