{
  "InputCols": {
    "List of Main Ingredients": "Ground beef, lasagna noodles, ricotta cheese, mozzarella cheese, Parmesan cheese, tomato sauce, onions, garlic, olive oil",
    "Nutritional Value per Serving": {
      "Calories": 380,
      "Saturated Fat in daily %": 35,
      "Sugar in g": 8,
      "Protein in g": 22,
      "Glycemic Index": 45
    },
    "Region where Dish is Popular": "Italy",
    "Description": "Lasagna Bolognese is a classic Italian dish featuring layers of rich, meaty Bolognese sauce, creamy ricotta cheese, and melted mozzarella. It's a comforting and hearty meal perfect for family gatherings.",
    "Spice Level": 3,
    "Cooking Method": "Baking",
    "Preparation Time": 60,
    "Contains Allergens": true
  },
  "OutputCols": {
    "Cuisine Type": "Italian",
    "Meal Type": "Lunch, Dinner",
    "Dietary Preference": "Non-Veg",
    "Protein Rich": true,
    "Pregnancy Safe": false,
    "Diabetic Friendly": false
  }
}