{
  "InputCols": {
    "List of Main Ingredients": "Pasta, Ground beef, Tomato sauce, Ricotta cheese, Mozzarella cheese, Parmesan cheese, Onion, Garlic, Olive oil",
    "Nutritional Value per Serving": {
      "Calories": 350,
      "Saturated Fat in daily %": 30,
      "Sugar in g": 8,
      "Protein in g": 18,
      "Glycemic Index": 50
    },
    "Region where Dish is Popular": "Italy",
    "Description": "Lasagna is a classic Italian dish made with layers of pasta, rich meat sauce, creamy ricotta cheese, and melted mozzarella. It is a hearty and comforting meal that is perfect for feeding a crowd or special occasions.",
    "Spice Level": 3,
    "Cooking Method": "Baking",
    "Preparation Time": 60,
    "Contains Allergens": true
  },
  "OutputCols": {
    "Cuisine Type": "Italian",
    "Meal Type": "Lunch, Dinner",
    "Dietary Preference": "Non-Veg",
    "Protein Rich": true,
    "Pregnancy Safe": false,
    "Diabetic Friendly": false
  }
}