{
  "InputCols": {
    "List of Main Ingredients": "Chicken, Lemon, Garlic, Olive Oil, Herbs",
    "Nutritional Value per Serving": {
      "Calories": 350,
      "Saturated Fat in daily %": 10,
      "Sugar in g": 2,
      "Protein in g": 30,
      "Glycemic Index": 15
    },
    "Region where Dish is Popular": "Mediterranean",
    "Description": "Lemon Chicken is a classic Mediterranean dish featuring juicy, tender chicken marinated in a zesty lemon-garlic sauce and roasted to perfection. It offers a perfect balance of tangy and savory flavors, complemented by aromatic herbs and the richness of olive oil.",
    "Spice Level": 4,
    "Cooking Method": "Roasting",
    "Preparation Time": 45,
    "Contains Allergens": false
  },
  "OutputCols": {
    "Cuisine Type": "Mediterranean",
    "Meal Type": "Lunch, Dinner",
    "Dietary Preference": "Non-Veg",
    "Protein Rich": true,
    "Pregnancy Safe": true,
    "Diabetic Friendly": false
  }
}