{
  "InputCols": {
    "List of Main Ingredients": "Lemon, Eggs, Sugar, Butter, Flour",
    "Nutritional Value per Serving": {
      "Calories": 250,
      "Saturated Fat in daily %": 30,
      "Sugar in g": 20,
      "Protein in g": 3,
      "Glycemic Index": 50
    },
    "Region where Dish is Popular": "United States",
    "Description": "Lemon meringue pie is a classic dessert with a tangy lemon filling topped with fluffy meringue, all nestled in a buttery and flaky crust. It strikes the perfect balance between sweet and tart flavors, making it a favorite for special occasions.",
    "Spice Level": 2,
    "Cooking Method": "Baking",
    "Preparation Time": 60,
    "Contains Allergens": true
  },
  "OutputCols": {
    "Cuisine Type": "American",
    "Meal Type": "Dessert",
    "Dietary Preference": "Non-Veg",
    "Protein Rich": false,
    "Pregnancy Safe": true,
    "Diabetic Friendly": false
  }
}