{
  "InputCols": {
    "List of Main Ingredients": "Rice vermicelli, lemon juice, mustard seeds, green chilies, curry leaves, peanuts, turmeric, salt",
    "Nutritional Value per Serving": {
      "Calories": 220,
      "Saturated Fat in daily %": 8,
      "Sugar in g": 2,
      "Protein in g": 4,
      "Glycemic Index": 50
    },
    "Region where Dish is Popular": "Southern India",
    "Description": "Lemon Sevai is a popular South Indian dish made with tangy lemon juice infused with mustard seeds, curry leaves, and aromatic spices. It is a light and flavorful dish often enjoyed for breakfast or as a snack.",
    "Spice Level": 5,
    "Cooking Method": "Stir-frying",
    "Preparation Time": 30,
    "Contains Allergens": true
  },
  "OutputCols": {
    "Cuisine Type": "South Indian",
    "Meal Type": "Breakfast, Snack",
    "Dietary Preference": "Vegetarian",
    "Protein Rich": false,
    "Pregnancy Safe": true,
    "Diabetic Friendly": true
  }
}