{
  "InputCols": {
    "List of Main Ingredients": "Rice, Lemon, Mustard Seeds, Curry Leaves, Green Chillies, Turmeric Powder, Cashews",
    "Nutritional Value per Serving": {
      "Calories": 200,
      "Saturated Fat in daily %": 5,
      "Sugar in g": 2,
      "Protein in g": 4,
      "Glycemic Index": 50
    },
    "Region where Dish is Popular": "South India",
    "Description": "Lemon Rice is a popular South Indian dish made by mixing cooked rice with a flavorful tempering of mustard seeds, curry leaves, and lemon juice. It is a tangy and aromatic dish with a refreshing citrusy taste and crunchy texture from the cashews.",
    "Spice Level": 4,
    "Cooking Method": "Stir-frying",
    "Preparation Time": 25,
    "Contains Allergens": false
  },
  "OutputCols": {
    "Cuisine Type": "South Indian",
    "Meal Type": "Lunch, Dinner",
    "Dietary Preference": "Veg",
    "Protein Rich": false,
    "Pregnancy Safe": true,
    "Diabetic Friendly": true
  }
}