{
  "InputCols": {
    "List of Main Ingredients": "Lobster meat, mayonnaise, butter, hot dog bun, lemon juice, lettuce",
    "Nutritional Value per Serving": {
      "Calories": 340,
      "Saturated Fat in daily %": 25,
      "Sugar in g": 3,
      "Protein in g": 20,
      "Glycemic Index": 15
    },
    "Region where Dish is Popular": "New England, United States",
    "Description": "The Lobster Roll is a classic New England seafood sandwich featuring succulent chunks of lobster meat mixed with creamy mayonnaise, a hint of lemon juice, and served in a buttered and grilled hot dog bun. It is often garnished with fresh lettuce for added crunch and freshness.",
    "Spice Level": 2,
    "Cooking Method": "Boiling, Grilling",
    "Preparation Time": 30,
    "Contains Allergens": true
  },
  "OutputCols": {
    "Cuisine Type": "American",
    "Meal Type": "Lunch, Dinner",
    "Dietary Preference": "Non-Veg",
    "Protein Rich": true,
    "Pregnancy Safe": false,
    "Diabetic Friendly": false
  }
}