{
  "InputCols": {
    "List of Main Ingredients": "Macaroni, Cheese, Milk, Butter, Flour",
    "Nutritional Value per Serving": {
      "Calories": 350,
      "Saturated Fat in daily %": 30,
      "Sugar in g": 8,
      "Protein in g": 15,
      "Glycemic Index": 45
    },
    "Region where Dish is Popular": "North America",
    "Description": "Macaroni and Cheese is a classic comfort food consisting of tender macaroni pasta coated in a creamy cheese sauce. It is a popular dish in North America, loved for its rich and satisfying flavors.",
    "Spice Level": 2,
    "Cooking Method": "Baking",
    "Preparation Time": 45,
    "Contains Allergens": true
  },
  "OutputCols": {
    "Cuisine Type": "American",
    "Meal Type": "Lunch, Dinner",
    "Dietary Preference": "Non-Veg",
    "Protein Rich": true,
    "Pregnancy Safe": false,
    "Diabetic Friendly": false
  }
}