{
  "InputCols": {
    "List of Main Ingredients": "Maize flour, water, salt",
    "Nutritional Value per Serving": {
      "Calories": 152,
      "Saturated Fat in daily %": 3,
      "Sugar in g": 1,
      "Protein in g": 3,
      "Glycemic Index": 45
    },
    "Region where Dish is Popular": "Punjab, India",
    "Description": "Makki di roti is a traditional Punjabi flatbread made from maize flour. It is usually enjoyed with sarson ka saag (mustard greens) or served with a dollop of butter on top. The rustic texture and earthy flavor make it a popular winter delicacy in North India.",
    "Spice Level": 2,
    "Cooking Method": "Griddling",
    "Preparation Time": 30,
    "Contains Allergens": false
  },
  "OutputCols": {
    "Cuisine Type": "Indian",
    "Meal Type": "Lunch, Dinner",
    "Dietary Preference": "Veg",
    "Protein Rich": false,
    "Pregnancy Safe": true,
    "Diabetic Friendly": true
  }
}