{
  "InputCols": {
    "List of Main Ingredients": "Fish, Coconut Milk, Shallots, Tomatoes, Green Chilies, Curry Leaves, Turmeric, Tamarind",
    "Nutritional Value per Serving": {
      "Calories": 300,
      "Saturated Fat in daily %": 20,
      "Sugar in g": 5,
      "Protein in g": 25,
      "Glycemic Index": 35
    },
    "Region where Dish is Popular": "Malabar Coast, Kerala, India",
    "Description": "Malabar Fish Curry is a traditional South Indian dish popular along the Malabar Coast. It features a flavorful blend of spices, coconut milk, and tangy tamarind, creating a rich and aromatic gravy that pairs perfectly with rice or traditional breads. The dish has a perfect balance of heat from green chilies and the tanginess of tomatoes, making it a favorite among seafood lovers.",
    "Spice Level": 8,
    "Cooking Method": "Simmering in a spiced coconut milk gravy",
    "Preparation Time": 45,
    "Contains Allergens": true
  },
  "OutputCols": {
    "Cuisine Type": "South Indian",
    "Meal Type": "Lunch, Dinner",
    "Dietary Preference": "Non-Veg",
    "Protein Rich": true,
    "Pregnancy Safe": true,
    "Diabetic Friendly": false
  }
}