{
  "InputCols": {
    "List of Main Ingredients": "Paneer, Potato, Cashew Nuts, Cream, Spices",
    "Nutritional Value per Serving": {
      "Calories": 350,
      "Saturated Fat in daily %": 22,
      "Sugar in g": 8,
      "Protein in g": 12,
      "Glycemic Index": 30
    },
    "Region where Dish is Popular": "North India",
    "Description": "Malai Kofta is a popular North Indian dish consisting of soft potato and paneer balls served in a creamy, aromatic cashew nut gravy. It is a rich and indulgent dish with a mild spice level, typically enjoyed with naan or rice.",
    "Spice Level": 3,
    "Cooking Method": "Frying, Simmering",
    "Preparation Time": 60,
    "Contains Allergens": true
  },
  "OutputCols": {
    "Cuisine Type": "North Indian",
    "Meal Type": "Lunch, Dinner",
    "Dietary Preference": "Vegetarian",
    "Protein Rich": true,
    "Pregnancy Safe": true,
    "Diabetic Friendly": false
  }
}