{
  "InputCols": {
    "List of Main Ingredients": "Raw mangoes, mustard seeds, fenugreek seeds, turmeric, salt, chili powder, asafoetida",
    "Nutritional Value per Serving": {
      "Calories": 45,
      "Saturated Fat in daily %": 0,
      "Sugar in g": 4,
      "Protein in g": 1,
      "Glycemic Index": 15
    },
    "Region where Dish is Popular": "India",
    "Description": "Mango pickle is a traditional Indian condiment made by marinating raw mangoes with spices like mustard, fenugreek, and turmeric. It offers a tangy and spicy flavor that complements various Indian meals. The pickle is sun-dried or matured in a jar to enhance its taste.",
    "Spice Level": 8,
    "Cooking Method": "Mixing and Sun-drying",
    "Preparation Time": 60,
    "Contains Allergens": false
  },
  "OutputCols": {
    "Cuisine Type": "Indian",
    "Meal Type": "Side Dish",
    "Dietary Preference": "Veg",
    "Protein Rich": false,
    "Pregnancy Safe": true,
    "Diabetic Friendly": false
  }
}