{
  "InputCols": {
    "List of Main Ingredients": "Ripe mangoes, yogurt, coconut, green chilies, mustard seeds, curry leaves",
    "Nutritional Value per Serving": {
      "Calories": 120,
      "Saturated Fat in daily %": 10,
      "Sugar in g": 15,
      "Protein in g": 2,
      "Glycemic Index": 40
    },
    "Region where Dish is Popular": "South India",
    "Description": "Mango Pachadi is a traditional South Indian dish made with ripe mangoes and yogurt, giving it a sweet and tangy flavor. It is often served as a side dish in festive meals or special occasions.",
    "Spice Level": 5,
    "Cooking Method": "Stir-frying",
    "Preparation Time": 20,
    "Contains Allergens": false
  },
  "OutputCols": {
    "Cuisine Type": "South Indian",
    "Meal Type": "Side Dish",
    "Dietary Preference": "Vegetarian",
    "Protein Rich": false,
    "Pregnancy Safe": true,
    "Diabetic Friendly": false
  }
}