{
  "InputCols": {
    "List of Main Ingredients": "Sticky rice, mango, coconut milk, sugar",
    "Nutritional Value per Serving": {
      "Calories": 300,
      "Saturated Fat in daily %": 20,
      "Sugar in g": 30,
      "Protein in g": 4,
      "Glycemic Index": 50
    },
    "Region where Dish is Popular": "Thailand",
    "Description": "Mango Sticky Rice is a classic Thai dessert consisting of sweet sticky rice topped with ripe mango slices. The rice is infused with coconut milk and sugar, giving it a creamy and fragrant flavor that complements the juicy sweetness of the mango.",
    "Spice Level": 2,
    "Cooking Method": "Steaming",
    "Preparation Time": 45,
    "Contains Allergens": false
  },
  "OutputCols": {
    "Cuisine Type": "Thai",
    "Meal Type": "Dessert",
    "Dietary Preference": "Veg",
    "Protein Rich": false,
    "Pregnancy Safe": true,
    "Diabetic Friendly": false
  }
}