{
  "InputCols": {
    "List of Main Ingredients": "Mango, Rice, Mustard seeds, Curry leaves, Green chillies, Cashews",
    "Nutritional Value per Serving": {
      "Calories": 300,
      "Saturated Fat in daily %": 8,
      "Sugar in g": 10,
      "Protein in g": 5,
      "Glycemic Index": 55
    },
    "Region where Dish is Popular": "South India",
    "Description": "Mango rice is a traditional South Indian dish made with tangy mangoes, fragrant spices, and crunchy cashews mixed with fluffy rice. It offers a perfect blend of sweet, spicy, and savory flavors, creating a unique and refreshing meal.",
    "Spice Level": 6,
    "Cooking Method": "Saut\u00e9ing and Mixing",
    "Preparation Time": 30,
    "Contains Allergens": true
  },
  "OutputCols": {
    "Cuisine Type": "South Indian",
    "Meal Type": "Lunch, Dinner",
    "Dietary Preference": "Veg",
    "Protein Rich": false,
    "Pregnancy Safe": true,
    "Diabetic Friendly": false
  }
}