{
  "InputCols": {
    "List of Main Ingredients": "Mango, Yogurt, Sugar, Cardamom",
    "Nutritional Value per Serving": {
      "Calories": 180,
      "Saturated Fat in daily %": 10,
      "Sugar in g": 25,
      "Protein in g": 5,
      "Glycemic Index": 40
    },
    "Region where Dish is Popular": "India",
    "Description": "Mango Lassi is a popular Indian drink made with ripe mangoes, yogurt, sugar, and a hint of cardamom. It is a refreshing and sweet beverage with a creamy texture and a tropical flavor.",
    "Spice Level": 2,
    "Cooking Method": "Blending",
    "Preparation Time": 10,
    "Contains Allergens": false
  },
  "OutputCols": {
    "Cuisine Type": "Indian",
    "Meal Type": "Beverage",
    "Dietary Preference": "Vegetarian",
    "Protein Rich": false,
    "Pregnancy Safe": true,
    "Diabetic Friendly": false
  }
}