{
  "InputCols": {
    "List of Main Ingredients": "Tofu, Ground pork, Szechuan peppercorns, Chili bean paste, Green onions",
    "Nutritional Value per Serving": {
      "Calories": 250,
      "Saturated Fat in daily %": 20,
      "Sugar in g": 3,
      "Protein in g": 18,
      "Glycemic Index": 45
    },
    "Region where Dish is Popular": "Sichuan, China",
    "Description": "Mapo Tofu is a popular Chinese dish with a spicy and flavorful sauce made with tofu and minced pork. It has a numbing spiciness from Szechuan peppercorns and a savory kick from chili bean paste, creating a perfect balance of flavors.",
    "Spice Level": 8,
    "Cooking Method": "Stir-frying",
    "Preparation Time": 30,
    "Contains Allergens": false
  },
  "OutputCols": {
    "Cuisine Type": "Chinese",
    "Meal Type": "Lunch, Dinner",
    "Dietary Preference": "Non-Veg",
    "Protein Rich": true,
    "Pregnancy Safe": false,
    "Diabetic Friendly": false
  }
}