{
  "InputCols": {
    "List of Main Ingredients": "Pizza dough, tomato sauce, fresh mozzarella, basil, olive oil",
    "Nutritional Value per Serving": {
      "Calories": 250,
      "Saturated Fat in daily %": 12,
      "Sugar in g": 2,
      "Protein in g": 10,
      "Glycemic Index": 50
    },
    "Region where Dish is Popular": "Italy",
    "Description": "Margherita pizza is a classic Italian pizza topped with tomato sauce, fresh mozzarella, and basil leaves. It is known for its simplicity and vibrant flavors, representing the colors of the Italian flag - red, white, and green.",
    "Spice Level": 2,
    "Cooking Method": "Baking",
    "Preparation Time": 30,
    "Contains Allergens": true
  },
  "OutputCols": {
    "Cuisine Type": "Italian",
    "Meal Type": "Lunch, Dinner",
    "Dietary Preference": "Vegetarian",
    "Protein Rich": false,
    "Pregnancy Safe": true,
    "Diabetic Friendly": false
  }
}