{
  "InputCols": {
    "List of Main Ingredients": "Papad, Onion, Tomato, Green Chilies, Coriander Leaves, Chaat Masala, Lemon Juice",
    "Nutritional Value per Serving": {
      "Calories": 120,
      "Saturated Fat in daily %": 8,
      "Sugar in g": 2,
      "Protein in g": 3,
      "Glycemic Index": 20
    },
    "Region where Dish is Popular": "India",
    "Description": "Masala Papad is a popular Indian appetizer made by roasting or frying papadum topped with a spicy mixture of onions, tomatoes, green chilies, and tangy masalas. It's a crunchy, flavorful dish often served as a starter or accompaniment in Indian cuisine.",
    "Spice Level": 7,
    "Cooking Method": "Roasting or Frying",
    "Preparation Time": 15,
    "Contains Allergens": false
  },
  "OutputCols": {
    "Cuisine Type": "Indian",
    "Meal Type": "Appetizer, Snack",
    "Dietary Preference": "Veg",
    "Protein Rich": false,
    "Pregnancy Safe": true,
    "Diabetic Friendly": false
  }
}