{
  "InputCols": {
    "List of Main Ingredients": "Rice, Urad Dal, Fenugreek Seeds, Potatoes, Onions",
    "Nutritional Value per Serving": {
      "Calories": 387,
      "Saturated Fat in daily %": 5,
      "Sugar in g": 2,
      "Protein in g": 10,
      "Glycemic Index": 52
    },
    "Region where Dish is Popular": "South India",
    "Description": "Masala Dosa is a popular South Indian dish consisting of a crispy crepe made from fermented rice and lentil batter, filled with a spiced potato mixture. It is typically served with coconut chutney and sambar.",
    "Spice Level": 6,
    "Cooking Method": "Pan-frying",
    "Preparation Time": 40,
    "Contains Allergens": false
  },
  "OutputCols": {
    "Cuisine Type": "South Indian",
    "Meal Type": "Breakfast, Brunch, Snack",
    "Dietary Preference": "Veg",
    "Protein Rich": true,
    "Pregnancy Safe": true,
    "Diabetic Friendly": true
  }
}