{
  "InputCols": {
    "List of Main Ingredients": "Masoor dal (red lentils), onions, tomatoes, garlic, ginger, turmeric, cumin seeds, green chilies, cilantro",
    "Nutritional Value per Serving": {
      "Calories": 230,
      "Saturated Fat in daily %": 4,
      "Sugar in g": 4,
      "Protein in g": 15,
      "Glycemic Index": 25
    },
    "Region where Dish is Popular": "India",
    "Description": "Masoor Dal is a popular Indian lentil dish made with red lentils cooked with aromatic spices like turmeric, cumin, and garlic. It is a comforting, nutritious dish often served with rice or bread.",
    "Spice Level": 5,
    "Cooking Method": "Pressure cooking",
    "Preparation Time": 30,
    "Contains Allergens": false
  },
  "OutputCols": {
    "Cuisine Type": "Indian",
    "Meal Type": "Lunch, Dinner",
    "Dietary Preference": "Veg",
    "Protein Rich": true,
    "Pregnancy Safe": true,
    "Diabetic Friendly": true
  }
}