{
  "InputCols": {
    "List of Main Ingredients": "Ground beef, breadcrumbs, onion, ketchup, eggs",
    "Nutritional Value per Serving": {
      "Calories": 400,
      "Saturated Fat in daily %": 25,
      "Sugar in g": 5,
      "Protein in g": 20,
      "Glycemic Index": 50
    },
    "Region where Dish is Popular": "United States",
    "Description": "Meatloaf is a classic American dish made with seasoned ground beef mixed with breadcrumbs, onions, and various spices, then baked to perfection. It is often topped with a glaze made of ketchup and brown sugar, adding a sweet and tangy flavor to the savory meat mixture.",
    "Spice Level": 3,
    "Cooking Method": "Baking",
    "Preparation Time": 60,
    "Contains Allergens": true
  },
  "OutputCols": {
    "Cuisine Type": "American",
    "Meal Type": "Dinner",
    "Dietary Preference": "Non-Veg",
    "Protein Rich": true,
    "Pregnancy Safe": false,
    "Diabetic Friendly": false
  }
}