{
  "InputCols": {
    "List of Main Ingredients": "Fish, Tamarind, Shallots, Tomatoes, Garlic, Curry Leaves, Red Chili Powder, Turmeric Powder, Fenugreek Seeds, Mustard Seeds, Oil, Salt",
    "Nutritional Value per Serving": {
      "Calories": 250,
      "Saturated Fat in daily %": 12,
      "Sugar in g": 3,
      "Protein in g": 20,
      "Glycemic Index": 20
    },
    "Region where Dish is Popular": "Tamil Nadu, India",
    "Description": "Meen Kuzhambu is a traditional South Indian fish curry known for its tangy and spicy flavors. The dish is made using a blend of tamarind, shallots, tomatoes, and a mix of aromatic spices. It is typically served with steamed rice, making it a popular choice for lunch or dinner in Tamil Nadu.",
    "Spice Level": 8,
    "Cooking Method": "Stovetop",
    "Preparation Time": 45,
    "Contains Allergens": false
  },
  "OutputCols": {
    "Cuisine Type": "South Indian",
    "Meal Type": "Lunch, Dinner",
    "Dietary Preference": "Non-Veg",
    "Protein Rich": true,
    "Pregnancy Safe": true,
    "Diabetic Friendly": false
  }
}