{
  "InputCols": {
    "List of Main Ingredients": "Whole wheat flour, fenugreek leaves, yogurt, spices",
    "Nutritional Value per Serving": {
      "Calories": 150,
      "Saturated Fat in daily %": 5,
      "Sugar in g": 2,
      "Protein in g": 5,
      "Glycemic Index": 30
    },
    "Region where Dish is Popular": "Gujarat, India",
    "Description": "Methi Thepla is a popular flatbread from the state of Gujarat in India. It is made with whole wheat flour, fresh fenugreek leaves, yogurt, and spices. The theplas are seasoned with a blend of spices like turmeric, red chili powder, and cumin, giving them a flavorful and aromatic taste. They are often enjoyed for breakfast or as a snack, accompanied by pickles, yogurt, or chutney.",
    "Spice Level": 5,
    "Cooking Method": "Pan-frying",
    "Preparation Time": 30,
    "Contains Allergens": true
  },
  "OutputCols": {
    "Cuisine Type": "Indian",
    "Meal Type": "Breakfast, Snack",
    "Dietary Preference": "Veg",
    "Protein Rich": true,
    "Pregnancy Safe": true,
    "Diabetic Friendly": true
  }
}