{
  "InputCols": {
    "List of Main Ingredients": "Black peppercorns, cumin seeds, toor dal, tomatoes, tamarind, curry leaves",
    "Nutritional Value per Serving": {
      "Calories": 80,
      "Saturated Fat in daily %": 4,
      "Sugar in g": 3,
      "Protein in g": 4,
      "Glycemic Index": 15
    },
    "Region where Dish is Popular": "South India",
    "Description": "Milagu Rasam is a traditional South Indian soup made with a spicy tamarind base. The blend of black peppercorns and cumin seeds gives it a unique, fiery flavor. It is often consumed as a digestive or served with rice and papad.",
    "Spice Level": 8,
    "Cooking Method": "Boiling, Tempering",
    "Preparation Time": 30,
    "Contains Allergens": false
  },
  "OutputCols": {
    "Cuisine Type": "South Indian",
    "Meal Type": "Lunch, Dinner",
    "Dietary Preference": "Veg",
    "Protein Rich": true,
    "Pregnancy Safe": true,
    "Diabetic Friendly": true
  }
}