{
  "InputCols": {
    "List of Main Ingredients": "Tomatoes, beans, carrots, celery, onions, spinach, pasta",
    "Nutritional Value per Serving": {
      "Calories": 150,
      "Saturated Fat in daily %": 4,
      "Sugar in g": 6,
      "Protein in g": 5,
      "Glycemic Index": 45
    },
    "Region where Dish is Popular": "Italy",
    "Description": "Minestrone soup is a hearty Italian vegetable soup containing a mix of seasonal vegetables, beans, and pasta in a flavorful tomato-based broth.",
    "Spice Level": 2,
    "Cooking Method": "Simmering",
    "Preparation Time": 45,
    "Contains Allergens": false
  },
  "OutputCols": {
    "Cuisine Type": "Italian",
    "Meal Type": "Lunch, Dinner",
    "Dietary Preference": "Veg",
    "Protein Rich": true,
    "Pregnancy Safe": true,
    "Diabetic Friendly": true
  }
}