{
  "InputCols": {
    "List of Main Ingredients": "Sprouts, onions, tomatoes, potatoes, farsan (crunchy toppings)",
    "Nutritional Value per Serving": {
      "Calories": 350,
      "Saturated Fat in daily %": 8,
      "Sugar in g": 8,
      "Protein in g": 12,
      "Glycemic Index": 45
    },
    "Region where Dish is Popular": "Maharashtra, India",
    "Description": "Misal Pav is a popular Maharashtrian dish consisting of spicy sprouted bean curry topped with crispy farsan, onions, and tomatoes. It is usually served with pav (bread rolls) and garnished with lime and coriander.",
    "Spice Level": 7,
    "Cooking Method": "Boiling, Sauteing",
    "Preparation Time": 45,
    "Contains Allergens": true
  },
  "OutputCols": {
    "Cuisine Type": "Indian",
    "Meal Type": "Breakfast, Brunch, Snack",
    "Dietary Preference": "Veg",
    "Protein Rich": true,
    "Pregnancy Safe": true,
    "Diabetic Friendly": false
  }
}