{
  "InputCols": {
    "List of Main Ingredients": "Beef, Soy Sauce, Brown Sugar, Garlic, Ginger, Green Onions",
    "Nutritional Value per Serving": {
      "Calories": 350,
      "Saturated Fat in daily %": 20,
      "Sugar in g": 15,
      "Protein in g": 25,
      "Glycemic Index": 50
    },
    "Region where Dish is Popular": "Mongolia/China",
    "Description": "Mongolian Beef is a popular Asian dish consisting of tender stir-fried beef, flavored with a savory-sweet sauce made of soy sauce, brown sugar, garlic, and ginger. It is typically garnished with green onions and served over steamed rice.",
    "Spice Level": 6,
    "Cooking Method": "Stir-Frying",
    "Preparation Time": 30,
    "Contains Allergens": true
  },
  "OutputCols": {
    "Cuisine Type": "Asian",
    "Meal Type": "Lunch, Dinner",
    "Dietary Preference": "Non-Veg",
    "Protein Rich": true,
    "Pregnancy Safe": false,
    "Diabetic Friendly": false
  }
}