{
  "InputCols": {
    "List of Main Ingredients": "Pork, Cabbage, Wood Ear Mushrooms, Carrots, Eggs, Bamboo Shoots, Scallions, Garlic, Ginger",
    "Nutritional Value per Serving": {
      "Calories": 350,
      "Saturated Fat in daily %": 20,
      "Sugar in g": 8,
      "Protein in g": 25,
      "Glycemic Index": 45
    },
    "Region where Dish is Popular": "China",
    "Description": "Moo Shu Pork is a traditional Chinese dish consisting of stir-fried pork, vegetables, and scrambled eggs, all wrapped in thin pancakes with hoisin sauce. It offers a harmonious blend of flavors and textures, with a hint of sweetness from the hoisin sauce complementing the savory ingredients.",
    "Spice Level": 4,
    "Cooking Method": "Stir-fry",
    "Preparation Time": 30,
    "Contains Allergens": true
  },
  "OutputCols": {
    "Cuisine Type": "Chinese",
    "Meal Type": "Lunch, Dinner",
    "Dietary Preference": "Non-Veg",
    "Protein Rich": true,
    "Pregnancy Safe": false,
    "Diabetic Friendly": false
  }
}