{
  "InputCols": {
    "List of Main Ingredients": "Moong dal (split green gram), ghee (clarified butter), sugar, water, cardamom, saffron, nuts (almonds, cashews, pistachios)",
    "Nutritional Value per Serving": {
      "Calories": 300,
      "Saturated Fat in daily %": 30,
      "Sugar in g": 20,
      "Protein in g": 5,
      "Glycemic Index": 40
    },
    "Region where Dish is Popular": "North India",
    "Description": "Moong Dal Halwa is a traditional Indian dessert made from moong dal (split green gram) cooked in ghee (clarified butter) with sugar, flavored with cardamom and saffron, and garnished with nuts like almonds, cashews, and pistachios. It has a rich, creamy texture and a sweet, nutty flavor, making it a popular festive treat in North India.",
    "Spice Level": 2,
    "Cooking Method": "Frying, Boiling",
    "Preparation Time": 60,
    "Contains Allergens": true
  },
  "OutputCols": {
    "Cuisine Type": "Indian",
    "Meal Type": "Dessert",
    "Dietary Preference": "Non-Veg",
    "Protein Rich": false,
    "Pregnancy Safe": true,
    "Diabetic Friendly": false
  }
}