{
  "InputCols": {
    "List of Main Ingredients": "Eggplant, Potatoes, Ground Beef, Tomato, Onion, Garlic, Olive Oil, Milk, Flour, Nutmeg",
    "Nutritional Value per Serving": {
      "Calories": 350,
      "Saturated Fat in daily %": 20,
      "Sugar in g": 10,
      "Protein in g": 25,
      "Glycemic Index": 50
    },
    "Region where Dish is Popular": "Eastern Mediterranean",
    "Description": "Moussaka is a classic dish in Eastern Mediterranean cuisine, featuring layers of eggplant, potatoes, spiced ground beef, and a creamy b\u00e9chamel sauce. It is baked to golden perfection, offering a rich and hearty flavor profile with a hint of nutmeg.",
    "Spice Level": 4,
    "Cooking Method": "Baking",
    "Preparation Time": 90,
    "Contains Allergens": true
  },
  "OutputCols": {
    "Cuisine Type": "Mediterranean",
    "Meal Type": "Dinner",
    "Dietary Preference": "Non-Veg",
    "Protein Rich": true,
    "Pregnancy Safe": false,
    "Diabetic Friendly": false
  }
}