{
  "InputCols": {
    "List of Main Ingredients": "Rice flour, Urad dal flour, Salt, Butter, Water, Sesame seeds, Asafoetida powder, Oil",
    "Nutritional Value per Serving": {
      "Calories": 150,
      "Saturated Fat in daily %": 8,
      "Sugar in g": 1,
      "Protein in g": 2,
      "Glycemic Index": 55
    },
    "Region where Dish is Popular": "South India",
    "Description": "Murukku is a popular South Indian snack known for its crunchy texture and savory taste. It is made from a mixture of flours, seasoned with spices, and deep-fried to perfection. Murukku is often enjoyed during festivals and special occasions in South India.",
    "Spice Level": 3,
    "Cooking Method": "Deep-Fried",
    "Preparation Time": 45,
    "Contains Allergens": false
  },
  "OutputCols": {
    "Cuisine Type": "South Indian",
    "Meal Type": "Snack",
    "Dietary Preference": "Veg",
    "Protein Rich": false,
    "Pregnancy Safe": true,
    "Diabetic Friendly": false
  }
}