{
  "InputCols": {
    "List of Main Ingredients": "Mushrooms, onions, tomatoes, ginger, garlic, spices",
    "Nutritional Value per Serving": {
      "Calories": 180,
      "Saturated Fat in daily %": 8,
      "Sugar in g": 6,
      "Protein in g": 7,
      "Glycemic Index": 15
    },
    "Region where Dish is Popular": "Indian subcontinent",
    "Description": "Mushroom curry is a flavorful vegetarian dish made with mushrooms cooked in a spicy and aromatic gravy of onions, tomatoes, and a blend of Indian spices. It is a popular main course in the Indian subcontinent known for its rich taste and earthy flavors.",
    "Spice Level": 7,
    "Cooking Method": "Sauteing and simmering",
    "Preparation Time": 35,
    "Contains Allergens": false
  },
  "OutputCols": {
    "Cuisine Type": "Indian",
    "Meal Type": "Lunch, Dinner",
    "Dietary Preference": "Veg",
    "Protein Rich": true,
    "Pregnancy Safe": true,
    "Diabetic Friendly": true
  }
}