{
  "InputCols": {
    "List of Main Ingredients": "Mutton, Onion, Tomato, Spices",
    "Nutritional Value per Serving": {
      "Calories": 320,
      "Saturated Fat in daily %": 23,
      "Sugar in g": 3,
      "Protein in g": 22,
      "Glycemic Index": 30
    },
    "Region where Dish is Popular": "Indian Subcontinent",
    "Description": "Mutton Keema is a flavorful Indian dish made with minced mutton cooked with onions, tomatoes, and a blend of aromatic spices. It is a popular comfort food known for its rich and spicy taste.",
    "Spice Level": 8,
    "Cooking Method": "Saut\u00e9ing and Simmering",
    "Preparation Time": 45,
    "Contains Allergens": false
  },
  "OutputCols": {
    "Cuisine Type": "Indian",
    "Meal Type": "Lunch, Dinner",
    "Dietary Preference": "Non-Veg",
    "Protein Rich": true,
    "Pregnancy Safe": false,
    "Diabetic Friendly": false
  }
}