{
  "InputCols": {
    "List of Main Ingredients": "Mutton, Yogurt, Kashmiri Red Chilies, Ghee, Onions, Garlic, Ginger, Spices",
    "Nutritional Value per Serving": {
      "Calories": 350,
      "Saturated Fat in daily %": 25,
      "Sugar in g": 3,
      "Protein in g": 28,
      "Glycemic Index": 30
    },
    "Region where Dish is Popular": "Kashmir, India",
    "Description": "Mutton Rogan Josh is a flavorful and aromatic Kashmiri dish made with tender mutton pieces cooked in a rich yogurt-based gravy infused with Kashmiri red chilies and a blend of traditional spices. The dish is known for its vibrant red color and a perfect balance of heat and flavors.",
    "Spice Level": 8,
    "Cooking Method": "Slow Cooking",
    "Preparation Time": 90,
    "Contains Allergens": true
  },
  "OutputCols": {
    "Cuisine Type": "Indian",
    "Meal Type": "Lunch, Dinner",
    "Dietary Preference": "Non-Veg",
    "Protein Rich": true,
    "Pregnancy Safe": false,
    "Diabetic Friendly": false
  }
}