{
  "InputCols": {
    "List of Main Ingredients": "Basmati rice, mutton, onions, yogurt, ghee, spices",
    "Nutritional Value per Serving": {
      "Calories": 700,
      "Saturated Fat in daily %": 45,
      "Sugar in g": 5,
      "Protein in g": 30,
      "Glycemic Index": 50
    },
    "Region where Dish is Popular": "Indian subcontinent",
    "Description": "Mutton Biryani is a fragrant and flavorful dish made with long-grain basmati rice, succulent pieces of mutton marinated in yogurt and spices, cooked in layers to perfection. It is a favorite in the Indian subcontinent known for its aromatic spices and tender meat.",
    "Spice Level": 8,
    "Cooking Method": "Layered cooking (dum method)",
    "Preparation Time": 90,
    "Contains Allergens": true
  },
  "OutputCols": {
    "Cuisine Type": "Indian",
    "Meal Type": "Lunch, Dinner",
    "Dietary Preference": "Non-Veg",
    "Protein Rich": true,
    "Pregnancy Safe": false,
    "Diabetic Friendly": false
  }
}