{
  "InputCols": {
    "List of Main Ingredients": "Mutton, Shallots, Tomatoes, Tamarind, Spices",
    "Nutritional Value per Serving": {
      "Calories": 350,
      "Saturated Fat in daily %": 20,
      "Sugar in g": 5,
      "Protein in g": 25,
      "Glycemic Index": 30
    },
    "Region where Dish is Popular": "Tamil Nadu, India",
    "Description": "Mutton Kuzhambu is a spicy and tangy South Indian curry made with tender mutton pieces cooked in a flavorful gravy of shallots, tomatoes, tamarind, and aromatic spices. It is a popular dish in Tamil Nadu known for its rich taste and robust flavors.",
    "Spice Level": 8,
    "Cooking Method": "Slow cooking in a pot",
    "Preparation Time": 90,
    "Contains Allergens": true
  },
  "OutputCols": {
    "Cuisine Type": "South Indian",
    "Meal Type": "Lunch, Dinner",
    "Dietary Preference": "Non-Veg",
    "Protein Rich": true,
    "Pregnancy Safe": false,
    "Diabetic Friendly": false
  }
}