{
  "InputCols": {
    "List of Main Ingredients": "Basmati rice, mutton, yogurt, onions, tomatoes, spices",
    "Nutritional Value per Serving": {
      "Calories": 520,
      "Saturated Fat in daily %": 28,
      "Sugar in g": 3,
      "Protein in g": 25,
      "Glycemic Index": 50
    },
    "Region where Dish is Popular": "South Asia",
    "Description": "Mutton Biryani is a flavorful and aromatic rice dish cooked with succulent mutton pieces marinated in spices, layered with fragrant basmati rice, caramelized onions, and garnished with fresh herbs. It is a popular dish in South Asian cuisine known for its rich taste and unique blend of flavors.",
    "Spice Level": 8,
    "Cooking Method": "Layered Cooking",
    "Preparation Time": 90,
    "Contains Allergens": true
  },
  "OutputCols": {
    "Cuisine Type": "South Asian",
    "Meal Type": "Lunch, Dinner",
    "Dietary Preference": "Non-Veg",
    "Protein Rich": true,
    "Pregnancy Safe": false,
    "Diabetic Friendly": false
  }
}