{
  "InputCols": {
    "List of Main Ingredients": "Besan (Chickpea flour), Ghee (Clarified butter), Sugar",
    "Nutritional Value per Serving": {
      "Calories": 200,
      "Saturated Fat in daily %": 45,
      "Sugar in g": 20,
      "Protein in g": 2,
      "Glycemic Index": 55
    },
    "Region where Dish is Popular": "South India",
    "Description": "Mysore Pak is a melt-in-the-mouth Indian sweet delicacy known for its rich, buttery flavor. It has a crumbly texture and is often enjoyed during festivals and special occasions.",
    "Spice Level": 2,
    "Cooking Method": "Boiling, Mixing, Frying",
    "Preparation Time": 40,
    "Contains Allergens": true
  },
  "OutputCols": {
    "Cuisine Type": "Indian",
    "Meal Type": "Dessert",
    "Dietary Preference": "Non-Veg",
    "Protein Rich": false,
    "Pregnancy Safe": false,
    "Diabetic Friendly": false
  }
}