{
  "InputCols": {
    "List of Main Ingredients": "Flour, yeast, water, salt, sugar, yogurt",
    "Nutritional Value per Serving": {
      "Calories": 200,
      "Saturated Fat in daily %": 8,
      "Sugar in g": 2,
      "Protein in g": 6,
      "Glycemic Index": 46
    },
    "Region where Dish is Popular": "Indian subcontinent",
    "Description": "Naan is a popular Indian flatbread that is soft, fluffy, and often enjoyed with curries or as a wrap. It is typically cooked in a tandoor oven, giving it a distinctive charred flavor.",
    "Spice Level": 2,
    "Cooking Method": "Baking in a Tandoor Oven",
    "Preparation Time": 120,
    "Contains Allergens": false
  },
  "OutputCols": {
    "Cuisine Type": "Indian",
    "Meal Type": "Main Course, Side Dish",
    "Dietary Preference": "Veg",
    "Protein Rich": false,
    "Pregnancy Safe": true,
    "Diabetic Friendly": false
  }
}