{
  "InputCols": {
    "List of Main Ingredients": "Tortilla chips, cheese, jalape\u00f1os, black beans, tomatoes, onions, cilantro, avocado, sour cream",
    "Nutritional Value per Serving": {
      "Calories": 430,
      "Saturated Fat in daily %": 17,
      "Sugar in g": 3,
      "Protein in g": 12,
      "Glycemic Index": 45
    },
    "Region where Dish is Popular": "Mexico",
    "Description": "Nachos are a beloved Mexican dish featuring crispy tortilla chips topped with melted cheese and a combination of flavorful ingredients like jalape\u00f1os, black beans, tomatoes, onions, cilantro, avocado, and a dollop of sour cream. This dish is known for its bold flavors and satisfying crunch, making it a popular choice for sharing during casual gatherings or as a tasty snack.",
    "Spice Level": 5,
    "Cooking Method": "Baking/Grilling",
    "Preparation Time": 25,
    "Contains Allergens": true
  },
  "OutputCols": {
    "Cuisine Type": "Mexican",
    "Meal Type": "Snack, Appetizer",
    "Dietary Preference": "Vegetarian",
    "Protein Rich": false,
    "Pregnancy Safe": true,
    "Diabetic Friendly": false
  }
}