{
  "InputCols": {
    "List of Main Ingredients": "Coconut, Green Chilies, Coriander Leaves, Lemon Juice, Salt",
    "Nutritional Value per Serving": {
      "Calories": 50,
      "Saturated Fat in daily %": 2,
      "Sugar in g": 2,
      "Protein in g": 1,
      "Glycemic Index": 5
    },
    "Region where Dish is Popular": "India",
    "Description": "Nariyal Chutney is a popular Indian condiment made from fresh coconut, green chilies, coriander leaves, and a hint of lemon juice, blended to a smooth consistency. It adds a burst of flavor to various Indian dishes, offering a balance of spicy, tangy, and refreshing notes.",
    "Spice Level": 7,
    "Cooking Method": "Blending",
    "Preparation Time": 15,
    "Contains Allergens": false
  },
  "OutputCols": {
    "Cuisine Type": "Indian",
    "Meal Type": "Condiment",
    "Dietary Preference": "Veg",
    "Protein Rich": false,
    "Pregnancy Safe": true,
    "Diabetic Friendly": true
  }
}