{
  "InputCols": {
    "List of Main Ingredients": "Rice flour, Coconut",
    "Nutritional Value per Serving": {
      "Calories": 120,
      "Saturated Fat in daily %": 5,
      "Sugar in g": 1,
      "Protein in g": 2,
      "Glycemic Index": 50
    },
    "Region where Dish is Popular": "Karnataka, India",
    "Description": "Neer Dosa is a thin, light, and crepe-like South Indian pancake made from rice flour and coconut. It is typically served with chutney or sambar and is a popular breakfast dish in the coastal regions of Karnataka.",
    "Spice Level": 2,
    "Cooking Method": "Pan-frying",
    "Preparation Time": 30,
    "Contains Allergens": false
  },
  "OutputCols": {
    "Cuisine Type": "South Indian",
    "Meal Type": "Breakfast",
    "Dietary Preference": "Vegan",
    "Protein Rich": false,
    "Pregnancy Safe": true,
    "Diabetic Friendly": true
  }
}