{
  "InputCols": {
    "List of Main Ingredients": "Rice flour, Jaggery, Coconut, Cardamom, Ghee",
    "Nutritional Value per Serving": {
      "Calories": 150,
      "Saturated Fat in daily %": 8,
      "Sugar in g": 12,
      "Protein in g": 2,
      "Glycemic Index": 45
    },
    "Region where Dish is Popular": "South India",
    "Description": "Nei Appam is a traditional South Indian sweet dish made with rice flour, jaggery, coconut, and flavored with cardamom. It is fried in ghee to give it a crispy outer layer while maintaining a soft and fluffy inside. Nei Appam is commonly served during festivals like Diwali and Pongal.",
    "Spice Level": 2,
    "Cooking Method": "Frying",
    "Preparation Time": 40,
    "Contains Allergens": true
  },
  "OutputCols": {
    "Cuisine Type": "South Indian",
    "Meal Type": "Snack, Dessert",
    "Dietary Preference": "Vegetarian",
    "Protein Rich": false,
    "Pregnancy Safe": true,
    "Diabetic Friendly": false
  }
}