{
  "InputCols": {
    "List of Main Ingredients": "Indian Gooseberry (Nellikai), Oil, Mustard Seeds, Fenugreek Seeds, Red Chili, Turmeric, Salt",
    "Nutritional Value per Serving": {
      "Calories": 70,
      "Saturated Fat in daily %": 3,
      "Sugar in g": 2,
      "Protein in g": 1,
      "Glycemic Index": 20
    },
    "Region where Dish is Popular": "South India",
    "Description": "Nellikai Thokku is a tangy and spicy Indian condiment made from Indian gooseberries. It is a popular South Indian dish known for its unique blend of flavors and health benefits.",
    "Spice Level": 7,
    "Cooking Method": "Stovetop cooking",
    "Preparation Time": 30,
    "Contains Allergens": false
  },
  "OutputCols": {
    "Cuisine Type": "South Indian",
    "Meal Type": "Lunch, Dinner",
    "Dietary Preference": "Vegan",
    "Protein Rich": false,
    "Pregnancy Safe": true,
    "Diabetic Friendly": true
  }
}