{
  "InputCols": {
    "List of Main Ingredients": "Dough, Tomato Sauce, Mozzarella Cheese, Pepperoni",
    "Nutritional Value per Serving": {
      "Calories": 285,
      "Saturated Fat in daily %": 24,
      "Sugar in g": 3,
      "Protein in g": 12,
      "Glycemic Index": 50
    },
    "Region where Dish is Popular": "United States",
    "Description": "New York Style Pizza is a classic, thin-crust pizza topped with tomato sauce, generous layers of melted mozzarella cheese, and pepperoni slices. It's known for its foldable slices and slightly charred bottom from being baked in a high-temperature oven.",
    "Spice Level": 2,
    "Cooking Method": "Baking",
    "Preparation Time": 45,
    "Contains Allergens": true
  },
  "OutputCols": {
    "Cuisine Type": "American",
    "Meal Type": "Lunch, Dinner",
    "Dietary Preference": "Non-Veg",
    "Protein Rich": true,
    "Pregnancy Safe": false,
    "Diabetic Friendly": false
  }
}