{
  "InputCols": {
    "List of Main Ingredients": "Beef, Bone Marrow, Wheat Flour, Spices",
    "Nutritional Value per Serving": {
      "Calories": 350,
      "Saturated Fat in daily %": 30,
      "Sugar in g": 2,
      "Protein in g": 25,
      "Glycemic Index": 45
    },
    "Region where Dish is Popular": "South Asia",
    "Description": "Nihari is a slow-cooked stew consisting of beef, bone marrow, and spices, originating from South Asia. It is known for its rich, aromatic flavors and tender meat, often enjoyed with naan or rice.",
    "Spice Level": 8,
    "Cooking Method": "Slow Cooking",
    "Preparation Time": 240,
    "Contains Allergens": false
  },
  "OutputCols": {
    "Cuisine Type": "Pakistani",
    "Meal Type": "Lunch, Dinner",
    "Dietary Preference": "Non-Veg",
    "Protein Rich": true,
    "Pregnancy Safe": false,
    "Diabetic Friendly": false
  }
}