{
  "InputCols": {
    "List of Main Ingredients": "Nuts, Honey, Sugar, Egg Whites",
    "Nutritional Value per Serving": {
      "Calories": 210,
      "Saturated Fat in daily %": 8,
      "Sugar in g": 25,
      "Protein in g": 3,
      "Glycemic Index": 40
    },
    "Region where Dish is Popular": "Mediterranean",
    "Description": "Nougat is a chewy confection made with a mix of nuts, honey, sugar, and whipped egg whites. It has a sweet and nutty flavor, with a soft but slightly firm texture. Popular in the Mediterranean region, nougat is often enjoyed as a festive treat during special occasions or as a dessert after meals.",
    "Spice Level": 2,
    "Cooking Method": "Mixing and Setting",
    "Preparation Time": 60,
    "Contains Allergens": true
  },
  "OutputCols": {
    "Cuisine Type": "Dessert",
    "Meal Type": "Snack",
    "Dietary Preference": "Non-Veg",
    "Protein Rich": false,
    "Pregnancy Safe": true,
    "Diabetic Friendly": false
  }
}