{
  "InputCols": {
    "List of Main Ingredients": "Okra, Cornstarch, Spices",
    "Nutritional Value per Serving": {
      "Calories": 150,
      "Saturated Fat in daily %": 8,
      "Sugar in g": 2,
      "Protein in g": 4,
      "Glycemic Index": 20
    },
    "Region where Dish is Popular": "Southern United States",
    "Description": "Crispy and flavorful Okra Fries are a popular Southern delicacy. Sliced okra coated in a seasoned cornstarch mixture and fried until golden brown, these fries are crunchy on the outside and tender on the inside, often served as a side dish or snack.",
    "Spice Level": 4,
    "Cooking Method": "Fried",
    "Preparation Time": 25,
    "Contains Allergens": false
  },
  "OutputCols": {
    "Cuisine Type": "American",
    "Meal Type": "Snack, Side Dish",
    "Dietary Preference": "Veg",
    "Protein Rich": false,
    "Pregnancy Safe": true,
    "Diabetic Friendly": false
  }
}