{
  "InputCols": {
    "List of Main Ingredients": "Olive oil, flour, sugar, eggs, lemon, baking powder",
    "Nutritional Value per Serving": {
      "Calories": 280,
      "Saturated Fat in daily %": 12,
      "Sugar in g": 20,
      "Protein in g": 4,
      "Glycemic Index": 40
    },
    "Region where Dish is Popular": "Mediterranean",
    "Description": "Olive Oil Cake is a moist and flavorful dessert made with olive oil, giving it a unique taste. The hints of lemon add a refreshing twist to this traditional Mediterranean treat.",
    "Spice Level": 2,
    "Cooking Method": "Baking",
    "Preparation Time": 60,
    "Contains Allergens": false
  },
  "OutputCols": {
    "Cuisine Type": "Mediterranean",
    "Meal Type": "Dessert",
    "Dietary Preference": "Vegetarian",
    "Protein Rich": false,
    "Pregnancy Safe": true,
    "Diabetic Friendly": false
  }
}