{
  "InputCols": {
    "List of Main Ingredients": "Eggs, Onions, Tomatoes, Spices",
    "Nutritional Value per Serving": {
      "Calories": 280,
      "Saturated Fat in daily %": 20,
      "Sugar in g": 4,
      "Protein in g": 16,
      "Glycemic Index": 0
    },
    "Region where Dish is Popular": "Indian subcontinent",
    "Description": "Omelette curry is a popular Indian dish where fluffy omelettes are cooked in a spicy and flavorful tomato-based curry. The omelettes are gently cooked in the curry, absorbing the rich flavors of the sauce, creating a comforting and satisfying meal.",
    "Spice Level": 7,
    "Cooking Method": "Stovetop",
    "Preparation Time": 30,
    "Contains Allergens": false
  },
  "OutputCols": {
    "Cuisine Type": "Indian",
    "Meal Type": "Lunch, Dinner",
    "Dietary Preference": "Non-Veg",
    "Protein Rich": true,
    "Pregnancy Safe": true,
    "Diabetic Friendly": false
  }
}