{
  "InputCols": {
    "List of Main Ingredients": "Onions, chickpea flour, spices",
    "Nutritional Value per Serving": {
      "Calories": 150,
      "Saturated Fat in daily %": 8,
      "Sugar in g": 5,
      "Protein in g": 3,
      "Glycemic Index": 45
    },
    "Region where Dish is Popular": "India",
    "Description": "Onion Bhaji is a popular Indian snack made by deep-frying onion slices coated in chickpea flour batter with spices. It is crispy on the outside with a soft and flavorful onion filling inside.",
    "Spice Level": 7,
    "Cooking Method": "Deep-frying",
    "Preparation Time": 30,
    "Contains Allergens": true
  },
  "OutputCols": {
    "Cuisine Type": "Indian",
    "Meal Type": "Snack",
    "Dietary Preference": "Veg",
    "Protein Rich": false,
    "Pregnancy Safe": true,
    "Diabetic Friendly": false
  }
}