{
  "InputCols": {
    "List of Main Ingredients": "Onion, Tamarind, Red Chillies, Garlic, Oil, Salt, Mustard Seeds, Urad Dal",
    "Nutritional Value per Serving": {
      "Calories": 50,
      "Saturated Fat in daily %": 5,
      "Sugar in g": 3,
      "Protein in g": 1,
      "Glycemic Index": 15
    },
    "Region where Dish is Popular": "South India",
    "Description": "Onion chutney is a tangy and spicy condiment made by saut\u00e9ing onions, garlic, and red chillies, then blending them with tamarind to create a flavorful accompaniment. It is a staple in South Indian cuisine, often served with dosa, idli, and other savory dishes.",
    "Spice Level": 7,
    "Cooking Method": "Saut\u00e9ing and Blending",
    "Preparation Time": 20,
    "Contains Allergens": false
  },
  "OutputCols": {
    "Cuisine Type": "South Indian",
    "Meal Type": "Side Dish, Condiment",
    "Dietary Preference": "Vegan",
    "Protein Rich": false,
    "Pregnancy Safe": true,
    "Diabetic Friendly": true
  }
}