{
  "InputCols": {
    "List of Main Ingredients": "Yam, Green Beans, Purple Yam, Eggplant, Fenugreek Dumplings, Sweet Potatoes, Banana, Spices (Coriander, Cumin, Turmeric), Sugar, Lemon",
    "Nutritional Value per Serving": {
      "Calories": 350,
      "Saturated Fat in daily %": 8,
      "Sugar in g": 12,
      "Protein in g": 8,
      "Glycemic Index": 45
    },
    "Region where Dish is Popular": "Gujarat, India",
    "Description": "Oondhiyo is a traditional Gujarati mixed vegetable dish cooked with an assortment of winter vegetables and rich, aromatic spices. It is typically made during the winter festival of Uttarayan and is a hearty and flavorful dish that represents the vibrant and diverse culinary heritage of Gujarat.",
    "Spice Level": 6,
    "Cooking Method": "Slow cooking in a clay pot",
    "Preparation Time": 60,
    "Contains Allergens": false
  },
  "OutputCols": {
    "Cuisine Type": "Indian",
    "Meal Type": "Lunch, Dinner",
    "Dietary Preference": "Veg",
    "Protein Rich": true,
    "Pregnancy Safe": true,
    "Diabetic Friendly": false
  }
}