{
  "InputCols": {
    "List of Main Ingredients": "Veal shanks, onion, carrot, celery, garlic, tomato, broth, white wine, parsley, lemon zest",
    "Nutritional Value per Serving": {
      "Calories": 520,
      "Saturated Fat in daily %": 35,
      "Sugar in g": 5,
      "Protein in g": 45,
      "Glycemic Index": 50
    },
    "Region where Dish is Popular": "Italy",
    "Description": "Osso Buco is a traditional Italian dish featuring tender veal shanks braised with aromatic vegetables and herbs in a rich broth. The slow cooking process allows the meat to become incredibly tender while infusing it with deep flavors. This hearty dish is often served with gremolata, a zesty herb condiment, and pairs well with risotto or polenta.",
    "Spice Level": 4,
    "Cooking Method": "Braising",
    "Preparation Time": 150,
    "Contains Allergens": true
  },
  "OutputCols": {
    "Cuisine Type": "Italian",
    "Meal Type": "Dinner",
    "Dietary Preference": "Non-Veg",
    "Protein Rich": true,
    "Pregnancy Safe": false,
    "Diabetic Friendly": false
  }
}