{
  "InputCols": {
    "List of Main Ingredients": "Veal shanks, Onion, Carrot, Celery, White wine, Tomato, Broth, Garlic, Gremolata",
    "Nutritional Value per Serving": {
      "Calories": 640,
      "Saturated Fat in daily %": 60,
      "Sugar in g": 5,
      "Protein in g": 40,
      "Glycemic Index": 45
    },
    "Region where Dish is Popular": "Milan, Italy",
    "Description": "Ossobuco alla Milanese is a traditional Italian dish originating from Milan. It consists of cross-cut veal shanks braised with vegetables, white wine, and broth, resulting in a rich and flavorful stew. It is typically served with a gremolata topping made of lemon zest, garlic, and parsley, enhancing the dish with a fresh and aromatic touch.",
    "Spice Level": 3,
    "Cooking Method": "Braising",
    "Preparation Time": 180,
    "Contains Allergens": false
  },
  "OutputCols": {
    "Cuisine Type": "Italian",
    "Meal Type": "Lunch, Dinner",
    "Dietary Preference": "Non-Veg",
    "Protein Rich": true,
    "Pregnancy Safe": false,
    "Diabetic Friendly": false
  }
}