{
  "InputCols": {
    "List of Main Ingredients": "Oysters, spinach, butter, bread crumbs, parsley, shallots, tarragon, chervil",
    "Nutritional Value per Serving": {
      "Calories": 428,
      "Saturated Fat in daily %": 57,
      "Sugar in g": 4,
      "Protein in g": 21,
      "Glycemic Index": 15
    },
    "Region where Dish is Popular": "United States",
    "Description": "Oysters Rockefeller is a classic American dish originating from New Orleans. Plump and briny oysters are topped with a rich mixture of saut\u00e9ed spinach, buttery breadcrumbs, and aromatic herbs. Baked to perfection, this dish offers a harmonious blend of flavors with a satisfying crunch and a burst of freshness from the herbs.",
    "Spice Level": 3,
    "Cooking Method": "Baking",
    "Preparation Time": 35,
    "Contains Allergens": true
  },
  "OutputCols": {
    "Cuisine Type": "American",
    "Meal Type": "Appetizer",
    "Dietary Preference": "Non-Veg",
    "Protein Rich": true,
    "Pregnancy Safe": false,
    "Diabetic Friendly": false
  }
}