{
  "InputCols": {
    "List of Main Ingredients": "Rice noodles, tofu, peanuts, bean sprouts, eggs, garlic, shallots, tamarind paste, fish sauce",
    "Nutritional Value per Serving": {
      "Calories": 350,
      "Saturated Fat in daily %": 15,
      "Sugar in g": 10,
      "Protein in g": 15,
      "Glycemic Index": 55
    },
    "Region where Dish is Popular": "Thailand",
    "Description": "Pad Thai is a stir-fried noodle dish commonly served as street food in Thailand. It offers a perfect balance of flavors with a unique blend of sweet, sour, and salty tastes. The dish is typically garnished with crushed peanuts, lime wedges, and chili flakes for added texture and flavor.",
    "Spice Level": 6,
    "Cooking Method": "Stir-Fry",
    "Preparation Time": 30,
    "Contains Allergens": true
  },
  "OutputCols": {
    "Cuisine Type": "Thai",
    "Meal Type": "Lunch, Dinner",
    "Dietary Preference": "Non-Veg",
    "Protein Rich": true,
    "Pregnancy Safe": true,
    "Diabetic Friendly": false
  }
}