{
  "InputCols": {
    "List of Main Ingredients": "Rice, Saffron, Chicken, Seafood, Bell Peppers, Onion, Tomato",
    "Nutritional Value per Serving": {
      "Calories": 375,
      "Saturated Fat in daily %": 15,
      "Sugar in g": 3,
      "Protein in g": 20,
      "Glycemic Index": 50
    },
    "Region where Dish is Popular": "Spain",
    "Description": "Paella is a traditional Spanish dish originating from the Valencia region. It is a flavorful rice dish with a vibrant yellow color from saffron. This dish often includes a mix of chicken, seafood, and vegetables like bell peppers, onions, and tomatoes, creating a delicious and hearty one-pan meal.",
    "Spice Level": 4,
    "Cooking Method": "Simmering",
    "Preparation Time": 60,
    "Contains Allergens": true
  },
  "OutputCols": {
    "Cuisine Type": "Spanish",
    "Meal Type": "Lunch, Dinner",
    "Dietary Preference": "Non-Veg",
    "Protein Rich": true,
    "Pregnancy Safe": false,
    "Diabetic Friendly": false
  }
}