{
  "InputCols": {
    "List of Main Ingredients": "Vegetables (e.g., onion, potato, spinach), Chickpea Flour, Spices",
    "Nutritional Value per Serving": {
      "Calories": 150,
      "Saturated Fat in daily %": 8,
      "Sugar in g": 2,
      "Protein in g": 5,
      "Glycemic Index": 45
    },
    "Region where Dish is Popular": "South Asia",
    "Description": "Pakoras are deep-fried fritters made by batter-coating vegetables in spiced chickpea flour. They are popular as crispy snacks or appetizers in South Asian cuisine.",
    "Spice Level": 7,
    "Cooking Method": "Deep frying",
    "Preparation Time": 30,
    "Contains Allergens": true
  },
  "OutputCols": {
    "Cuisine Type": "South Asian",
    "Meal Type": "Snack, Appetizer",
    "Dietary Preference": "Veg",
    "Protein Rich": false,
    "Pregnancy Safe": false,
    "Diabetic Friendly": false
  }
}