{
  "InputCols": {
    "List of Main Ingredients": "Spinach, Paneer, Onion, Tomato, Ginger, Garlic, Indian spices",
    "Nutritional Value per Serving": {
      "Calories": 250,
      "Saturated Fat in daily %": 20,
      "Sugar in g": 5,
      "Protein in g": 15,
      "Glycemic Index": 30
    },
    "Region where Dish is Popular": "North India",
    "Description": "Palak Paneer is a popular North Indian dish made with fresh spinach, paneer (Indian cottage cheese), onions, tomatoes, and a blend of aromatic Indian spices. The spinach puree lends a vibrant green color to the dish, and the soft paneer cubes absorb the flavors of the rich and creamy spinach gravy, creating a delicious and nutritious meal.",
    "Spice Level": 5,
    "Cooking Method": "Saut\u00e9ing and simmering",
    "Preparation Time": 40,
    "Contains Allergens": true
  },
  "OutputCols": {
    "Cuisine Type": "Indian",
    "Meal Type": "Lunch, Dinner",
    "Dietary Preference": "Vegetarian",
    "Protein Rich": true,
    "Pregnancy Safe": true,
    "Diabetic Friendly": true
  }
}