{
  "InputCols": {
    "List of Main Ingredients": "Spinach, Lentils, Spices",
    "Nutritional Value per Serving": {
      "Calories": 200,
      "Saturated Fat in daily %": 5,
      "Sugar in g": 3,
      "Protein in g": 10,
      "Glycemic Index": 25
    },
    "Region where Dish is Popular": "India",
    "Description": "Palak Dal is a traditional Indian dish made with lentils and spinach, infused with aromatic spices. It is a flavorful and nutritious stew that is a popular choice in North Indian cuisine.",
    "Spice Level": 6,
    "Cooking Method": "Boiling and Tempering",
    "Preparation Time": 40,
    "Contains Allergens": false
  },
  "OutputCols": {
    "Cuisine Type": "Indian",
    "Meal Type": "Lunch, Dinner",
    "Dietary Preference": "Veg",
    "Protein Rich": true,
    "Pregnancy Safe": true,
    "Diabetic Friendly": true
  }
}