{
  "InputCols": {
    "List of Main Ingredients": "Cauliflower, Potatoes, Carrots, Green Beans, Panch Phoron (equal parts of cumin seeds, fennel seeds, nigella seeds, fenugreek seeds, and mustard seeds)",
    "Nutritional Value per Serving": {
      "Calories": 150,
      "Saturated Fat in daily %": 5,
      "Sugar in g": 8,
      "Protein in g": 5,
      "Glycemic Index": 30
    },
    "Region where Dish is Popular": "Eastern India",
    "Description": "Panch Phoron Tarkari is a traditional vegetable curry from Eastern India. It features a unique blend of vegetables cooked with the aromatic and flavorful Panch Phoron spice mix.",
    "Spice Level": 6,
    "Cooking Method": "Stir-frying and stewing",
    "Preparation Time": 40,
    "Contains Allergens": false
  },
  "OutputCols": {
    "Cuisine Type": "Indian",
    "Meal Type": "Lunch, Dinner",
    "Dietary Preference": "Veg",
    "Protein Rich": true,
    "Pregnancy Safe": true,
    "Diabetic Friendly": true
  }
}