{
  "InputCols": {
    "List of Main Ingredients": "Flour, Milk, Eggs, Baking Powder, Sugar, Salt",
    "Nutritional Value per Serving": {
      "Calories": 200,
      "Saturated Fat in daily %": 10,
      "Sugar in g": 6,
      "Protein in g": 6,
      "Glycemic Index": 60
    },
    "Region where Dish is Popular": "North America",
    "Description": "Pancakes are a popular breakfast dish made from a batter consisting of flour, milk, eggs, and other ingredients. They are cooked on a hot griddle or frying pan until golden brown and fluffy. Pancakes are often served with maple syrup, butter, fruits, or whipped cream.",
    "Spice Level": 2,
    "Cooking Method": "Griddling",
    "Preparation Time": 20,
    "Contains Allergens": true
  },
  "OutputCols": {
    "Cuisine Type": "American",
    "Meal Type": "Breakfast",
    "Dietary Preference": "Vegetarian",
    "Protein Rich": false,
    "Pregnancy Safe": true,
    "Diabetic Friendly": false
  }
}