{
  "InputCols": {
    "List of Main Ingredients": "Paneer, Cashew Nuts, Yogurt, Cream, Onions, Tomatoes, Spices",
    "Nutritional Value per Serving": {
      "Calories": 350,
      "Saturated Fat in daily %": 30,
      "Sugar in g": 8,
      "Protein in g": 15,
      "Glycemic Index": 45
    },
    "Region where Dish is Popular": "North India",
    "Description": "Paneer Pasanda is a rich and creamy North Indian dish where paneer slices are stuffed with a mixture of spiced nuts and then cooked in a flavorful gravy made with onions, tomatoes, yogurt, and cream. It is a popular vegetarian dish known for its indulgent taste and aromatic flavors.",
    "Spice Level": 6,
    "Cooking Method": "Pan-frying and Simmering",
    "Preparation Time": 45,
    "Contains Allergens": true
  },
  "OutputCols": {
    "Cuisine Type": "Indian",
    "Meal Type": "Lunch, Dinner",
    "Dietary Preference": "Vegetarian",
    "Protein Rich": true,
    "Pregnancy Safe": true,
    "Diabetic Friendly": false
  }
}