{
  "InputCols": {
    "List of Main Ingredients": "Paneer, Butter, Tomato, Cream, Cashew Nuts, Spices",
    "Nutritional Value per Serving": {
      "Calories": 350,
      "Saturated Fat in daily %": 45,
      "Sugar in g": 8,
      "Protein in g": 12,
      "Glycemic Index": 55
    },
    "Region where Dish is Popular": "North India",
    "Description": "Paneer Butter Masala is a popular North Indian dish made with soft paneer cubes cooked in a rich, creamy, and buttery tomato-based sauce. It is flavored with a blend of aromatic spices and is a favorite in Indian restaurants worldwide.",
    "Spice Level": 5,
    "Cooking Method": "Simmering and saut\u00e9ing",
    "Preparation Time": 40,
    "Contains Allergens": true
  },
  "OutputCols": {
    "Cuisine Type": "Indian",
    "Meal Type": "Lunch, Dinner",
    "Dietary Preference": "Vegetarian",
    "Protein Rich": true,
    "Pregnancy Safe": true,
    "Diabetic Friendly": false
  }
}