{
  "InputCols": {
    "List of Main Ingredients": "Paneer, Tomato, Onion, Cashews, Cream",
    "Nutritional Value per Serving": {
      "Calories": 350,
      "Saturated Fat in daily %": 30,
      "Sugar in g": 10,
      "Protein in g": 15,
      "Glycemic Index": 45
    },
    "Region where Dish is Popular": "India",
    "Description": "Paneer gravy is a popular Indian dish made with soft chunks of paneer cooked in a rich and creamy tomato-based gravy. It is a flavorful and indulgent dish often enjoyed with rice or Indian bread.",
    "Spice Level": 6,
    "Cooking Method": "Simmering",
    "Preparation Time": 40,
    "Contains Allergens": true
  },
  "OutputCols": {
    "Cuisine Type": "Indian",
    "Meal Type": "Lunch, Dinner",
    "Dietary Preference": "Vegetarian",
    "Protein Rich": true,
    "Pregnancy Safe": true,
    "Diabetic Friendly": false
  }
}