{
  "InputCols": {
    "List of Main Ingredients": "Paneer, Tomato, Onion, Cashew Nuts, Cream, Butter, Spices",
    "Nutritional Value per Serving": {
      "Calories": 320,
      "Saturated Fat in daily %": 35,
      "Sugar in g": 8,
      "Protein in g": 12,
      "Glycemic Index": 20
    },
    "Region where Dish is Popular": "North India",
    "Description": "Paneer Lababdar is a rich and creamy North Indian dish made with paneer (Indian cottage cheese), cooked in a tomato-based gravy with a blend of aromatic spices. It has a luxurious texture and a perfect balance of flavors, making it a popular choice for special occasions and gatherings.",
    "Spice Level": 6,
    "Cooking Method": "Stovetop",
    "Preparation Time": 40,
    "Contains Allergens": true
  },
  "OutputCols": {
    "Cuisine Type": "Indian",
    "Meal Type": "Lunch, Dinner",
    "Dietary Preference": "Vegetarian",
    "Protein Rich": true,
    "Pregnancy Safe": true,
    "Diabetic Friendly": false
  }
}