{
  "InputCols": {
    "List of Main Ingredients": "Paneer, Bell peppers, Onions, Yogurt, Cream, Tomato puree, Spices",
    "Nutritional Value per Serving": {
      "Calories": 350,
      "Saturated Fat in daily %": 22,
      "Sugar in g": 8,
      "Protein in g": 12,
      "Glycemic Index": 45
    },
    "Region where Dish is Popular": "India",
    "Description": "Paneer Tikka Masala is a popular Indian dish where marinated paneer cubes are grilled and simmered in a spiced tomato-based creamy sauce, typically served with rice or naan.",
    "Spice Level": 7,
    "Cooking Method": "Grilling and Simmering",
    "Preparation Time": 45,
    "Contains Allergens": true
  },
  "OutputCols": {
    "Cuisine Type": "Indian",
    "Meal Type": "Lunch, Dinner",
    "Dietary Preference": "Vegetarian",
    "Protein Rich": true,
    "Pregnancy Safe": true,
    "Diabetic Friendly": false
  }
}