{
  "InputCols": {
    "List of Main Ingredients": "Paneer, tomatoes, onions, capsicum, ginger, garlic, green chilies",
    "Nutritional Value per Serving": {
      "Calories": 280,
      "Saturated Fat in daily %": 20,
      "Sugar in g": 5,
      "Protein in g": 18,
      "Glycemic Index": 40
    },
    "Region where Dish is Popular": "North India",
    "Description": "Paneer Bhurji is a popular North Indian dish made by scrambling crumbled paneer with tomatoes, onions, capsicum, and a blend of spices. It is a flavorful and protein-rich dish often enjoyed with roti or paratha.",
    "Spice Level": 6,
    "Cooking Method": "Stir-Frying",
    "Preparation Time": 25,
    "Contains Allergens": true
  },
  "OutputCols": {
    "Cuisine Type": "Indian",
    "Meal Type": "Lunch, Dinner",
    "Dietary Preference": "Vegetarian",
    "Protein Rich": true,
    "Pregnancy Safe": true,
    "Diabetic Friendly": true
  }
}