{
  "InputCols": {
    "List of Main Ingredients": "Rice flour, Black lentils, Mustard seeds, Curry leaves, Green chilies, Onions",
    "Nutritional Value per Serving": {
      "Calories": 150,
      "Saturated Fat in daily %": 5,
      "Sugar in g": 2,
      "Protein in g": 4,
      "Glycemic Index": 45
    },
    "Region where Dish is Popular": "South India",
    "Description": "Paniyaram is a traditional South Indian dish made from fermented rice and lentil batter, seasoned with mustard seeds, curry leaves, and green chilies. It is cooked in a special pan with multiple small cavities, resulting in crispy on the outside and soft on the inside dumplings.",
    "Spice Level": 4,
    "Cooking Method": "Pan-frying",
    "Preparation Time": 40,
    "Contains Allergens": false
  },
  "OutputCols": {
    "Cuisine Type": "South Indian",
    "Meal Type": "Snack",
    "Dietary Preference": "Veg",
    "Protein Rich": false,
    "Pregnancy Safe": true,
    "Diabetic Friendly": true
  }
}