{
  "InputCols": {
    "List of Main Ingredients": "Semolina, Chickpeas, Tamarind, Mint, Spices",
    "Nutritional Value per Serving": {
      "Calories": 80,
      "Saturated Fat in daily %": 2,
      "Sugar in g": 3,
      "Protein in g": 2,
      "Glycemic Index": 50
    },
    "Region where Dish is Popular": "India",
    "Description": "Pani Puri, also known as Golgappa, is a popular street food in India. It consists of a hollow, crispy fried shell filled with spicy and tangy flavored water, chickpeas, potatoes, and a blend of spices. It is a favorite snack for its burst of flavors and is commonly enjoyed in social gatherings or as a quick snack.",
    "Spice Level": 7,
    "Cooking Method": "Frying",
    "Preparation Time": 45,
    "Contains Allergens": false
  },
  "OutputCols": {
    "Cuisine Type": "Indian",
    "Meal Type": "Snack",
    "Dietary Preference": "Veg",
    "Protein Rich": false,
    "Pregnancy Safe": true,
    "Diabetic Friendly": false
  }
}