{
  "InputCols": {
    "List of Main Ingredients": "Tomatoes, cucumbers, red onion, basil, bread, olive oil, vinegar",
    "Nutritional Value per Serving": {
      "Calories": 180,
      "Saturated Fat in daily %": 3,
      "Sugar in g": 6,
      "Protein in g": 4,
      "Glycemic Index": 25
    },
    "Region where Dish is Popular": "Italy",
    "Description": "Panzanella is a Tuscan salad made with chunks of soaked stale bread, tomatoes, and other vegetables. It's dressed with olive oil, vinegar, and herbs, making it a refreshing and flavorful dish during the summer months.",
    "Spice Level": 2,
    "Cooking Method": "No cooking required, only assembly",
    "Preparation Time": 20,
    "Contains Allergens": false
  },
  "OutputCols": {
    "Cuisine Type": "Italian",
    "Meal Type": "Lunch, Dinner",
    "Dietary Preference": "Vegan",
    "Protein Rich": false,
    "Pregnancy Safe": true,
    "Diabetic Friendly": true
  }
}