{
  "InputCols": {
    "List of Main Ingredients": "Papdi, Potatoes, Chickpeas, Yogurt, Tamarind Chutney, Mint Chutney, Chaat Masala, Sev, Coriander Leaves",
    "Nutritional Value per Serving": {
      "Calories": 180,
      "Saturated Fat in daily %": 5,
      "Sugar in g": 8,
      "Protein in g": 6,
      "Glycemic Index": 30
    },
    "Region where Dish is Popular": "India",
    "Description": "Papdi chaat is a popular Indian street food made with crispy fried dough wafers known as papdis, boiled potatoes, chickpeas, yogurt, and an array of chutneys and spices. It offers a burst of flavors with sweet, tangy, and spicy notes in every bite, topped with crunchy sev and fresh herbs.",
    "Spice Level": 6,
    "Cooking Method": "Mixing and Layering",
    "Preparation Time": 30,
    "Contains Allergens": true
  },
  "OutputCols": {
    "Cuisine Type": "Indian",
    "Meal Type": "Snack",
    "Dietary Preference": "Vegetarian",
    "Protein Rich": true,
    "Pregnancy Safe": true,
    "Diabetic Friendly": false
  }
}