{
  "InputCols": {
    "List of Main Ingredients": "Yellow pumpkin, lentils, coconut",
    "Nutritional Value per Serving": {
      "Calories": 150,
      "Saturated Fat in daily %": 5,
      "Sugar in g": 6,
      "Protein in g": 8,
      "Glycemic Index": 25
    },
    "Region where Dish is Popular": "Tamil Nadu, India",
    "Description": "Parangikai Kootu is a traditional South Indian dish made with yellow pumpkin, lentils, and coconut. It is cooked to a creamy consistency with a delicate blend of spices, offering a balance of flavors and textures.",
    "Spice Level": 3,
    "Cooking Method": "Boiling and simmering",
    "Preparation Time": 35,
    "Contains Allergens": false
  },
  "OutputCols": {
    "Cuisine Type": "South Indian",
    "Meal Type": "Lunch, Dinner",
    "Dietary Preference": "Veg",
    "Protein Rich": true,
    "Pregnancy Safe": true,
    "Diabetic Friendly": true
  }
}