{
  "InputCols": {
    "List of Main Ingredients": "All-purpose flour, oil, salt, water",
    "Nutritional Value per Serving": {
      "Calories": 250,
      "Saturated Fat in daily %": 20,
      "Sugar in g": 2,
      "Protein in g": 6,
      "Glycemic Index": 50
    },
    "Region where Dish is Popular": "South India",
    "Description": "Parotta is a layered flatbread that is crispy on the outside and soft on the inside. It is a popular street food in South India, especially in Tamil Nadu and Kerala. Parotta is typically served with spicy curries or gravies.",
    "Spice Level": 6,
    "Cooking Method": "Kneading, stretching, and frying on a griddle with oil",
    "Preparation Time": 60,
    "Contains Allergens": true
  },
  "OutputCols": {
    "Cuisine Type": "Indian",
    "Meal Type": "Dinner, Snack",
    "Dietary Preference": "Veg",
    "Protein Rich": true,
    "Pregnancy Safe": false,
    "Diabetic Friendly": false
  }
}