{
  "InputCols": {
    "List of Main Ingredients": "Pasta, Tomato Sauce, Garlic, Olive Oil, Parmesan Cheese",
    "Nutritional Value per Serving": {
      "Calories": 300,
      "Saturated Fat in daily %": 12,
      "Sugar in g": 8,
      "Protein in g": 10,
      "Glycemic Index": 50
    },
    "Region where Dish is Popular": "Italy",
    "Description": "Pasta is a classic Italian dish consisting of pasta noodles tossed in a flavorful tomato sauce with garlic, olive oil, and grated Parmesan cheese. It is a comforting and satisfying meal enjoyed worldwide.",
    "Spice Level": 3,
    "Cooking Method": "Boiling, Sauteing",
    "Preparation Time": 30,
    "Contains Allergens": false
  },
  "OutputCols": {
    "Cuisine Type": "Italian",
    "Meal Type": "Lunch, Dinner",
    "Dietary Preference": "Non-Veg",
    "Protein Rich": false,
    "Pregnancy Safe": true,
    "Diabetic Friendly": false
  }
}