{
  "InputCols": {
    "List of Main Ingredients": "White fish, coconut, mint, coriander, green chilies, tamarind, banana leaves",
    "Nutritional Value per Serving": {
      "Calories": 320,
      "Saturated Fat in daily %": 8,
      "Sugar in g": 2,
      "Protein in g": 30,
      "Glycemic Index": 45
    },
    "Region where Dish is Popular": "Gujarat, India",
    "Description": "Patra Ni Machhi is a traditional Parsi dish from Gujarat, India. It consists of marinated white fish coated in a green chutney made with coconut, mint, coriander, and green chilies. The fish is then wrapped in banana leaves and steamed to perfection, infusing the flavors into the tender fish. The dish is known for its aromatic and flavorful profile.",
    "Spice Level": 6,
    "Cooking Method": "Steaming",
    "Preparation Time": 45,
    "Contains Allergens": true
  },
  "OutputCols": {
    "Cuisine Type": "Parsi",
    "Meal Type": "Lunch, Dinner",
    "Dietary Preference": "Non-Veg",
    "Protein Rich": true,
    "Pregnancy Safe": false,
    "Diabetic Friendly": true
  }
}