{
  "InputCols": {
    "List of Main Ingredients": "Potatoes, tomatoes, peas, bell peppers, onions, carrots",
    "Nutritional Value per Serving": {
      "Calories": 260,
      "Saturated Fat in daily %": 8,
      "Sugar in g": 10,
      "Protein in g": 4,
      "Glycemic Index": 25
    },
    "Region where Dish is Popular": "Maharashtra, India",
    "Description": "Pav Bhaji is a popular street food from Maharashtra, India. It consists of a spicy mixture of mashed vegetables served with buttered bread rolls. The vegetables are typically cooked with a special blend of spices on a flat griddle, giving it a unique flavor.",
    "Spice Level": 7,
    "Cooking Method": "Mashing and saut\u00e9ing",
    "Preparation Time": 45,
    "Contains Allergens": false
  },
  "OutputCols": {
    "Cuisine Type": "Indian",
    "Meal Type": "Snack, Dinner",
    "Dietary Preference": "Veg",
    "Protein Rich": false,
    "Pregnancy Safe": true,
    "Diabetic Friendly": false
  }
}