{
  "InputCols": {
    "List of Main Ingredients": "Duck, Soy Sauce, Honey, Ginger, Scallions, Hoisin Sauce, Chinese Five Spice Powder",
    "Nutritional Value per Serving": {
      "Calories": 380,
      "Saturated Fat in daily %": 32,
      "Sugar in g": 8,
      "Protein in g": 20,
      "Glycemic Index": 0
    },
    "Region where Dish is Popular": "China",
    "Description": "Peking Duck is a famous Chinese dish known for its crispy skin and tender meat. The duck is traditionally roasted in a wood-fired oven and served with thin pancakes, hoisin sauce, sliced cucumbers, and scallions. The dish offers a perfect blend of savory and sweet flavors, making it a delightful culinary experience.",
    "Spice Level": 3,
    "Cooking Method": "Roasting",
    "Preparation Time": 180,
    "Contains Allergens": true
  },
  "OutputCols": {
    "Cuisine Type": "Chinese",
    "Meal Type": "Dinner",
    "Dietary Preference": "Non-Veg",
    "Protein Rich": true,
    "Pregnancy Safe": false,
    "Diabetic Friendly": false
  }
}