{
  "InputCols": {
    "List of Main Ingredients": "Whole Green Gram (Moong dal), Rice, Green Chilies, Ginger, Cumin Seeds",
    "Nutritional Value per Serving": {
      "Calories": 160,
      "Saturated Fat in daily %": 2,
      "Sugar in g": 1,
      "Protein in g": 8,
      "Glycemic Index": 22
    },
    "Region where Dish is Popular": "Andhra Pradesh, India",
    "Description": "Pesarattu is a traditional South Indian crepe made from whole green gram (moong dal) and rice. It is flavored with green chilies, ginger, and cumin seeds, giving it a unique and healthy twist. This dish is popular in Andhra Pradesh, India, and is often served for breakfast with chutney or sambar.",
    "Spice Level": 5,
    "Cooking Method": "Grinding and Pan-frying",
    "Preparation Time": 30,
    "Contains Allergens": false
  },
  "OutputCols": {
    "Cuisine Type": "South Indian",
    "Meal Type": "Breakfast",
    "Dietary Preference": "Veg",
    "Protein Rich": true,
    "Pregnancy Safe": true,
    "Diabetic Friendly": true
  }
}