{
  "InputCols": {
    "List of Main Ingredients": "Pasta, Fresh Basil, Pine Nuts, Parmesan Cheese, Olive Oil, Garlic",
    "Nutritional Value per Serving": {
      "Calories": 400,
      "Saturated Fat in daily %": 30,
      "Sugar in g": 2,
      "Protein in g": 12,
      "Glycemic Index": 45
    },
    "Region where Dish is Popular": "Italy",
    "Description": "Pesto Pasta is a classic Italian dish known for its vibrant green color and fresh flavors. It combines al dente pasta with a fragrant pesto sauce made from basil, pine nuts, Parmesan cheese, olive oil, and garlic. This dish is light, aromatic, and bursting with herbal notes, making it a perfect summertime meal.",
    "Spice Level": 2,
    "Cooking Method": "Boiling, Tossing",
    "Preparation Time": 20,
    "Contains Allergens": true
  },
  "OutputCols": {
    "Cuisine Type": "Italian",
    "Meal Type": "Lunch, Dinner",
    "Dietary Preference": "Vegetarian",
    "Protein Rich": false,
    "Pregnancy Safe": true,
    "Diabetic Friendly": false
  }
}