{
  "InputCols": {
    "List of Main Ingredients": "Sliced beef steak, onions, green peppers, provolone cheese, hoagie roll",
    "Nutritional Value per Serving": {
      "Calories": 450,
      "Saturated Fat in daily %": 25,
      "Sugar in g": 5,
      "Protein in g": 30,
      "Glycemic Index": 30
    },
    "Region where Dish is Popular": "Philadelphia, USA",
    "Description": "Philly Cheesesteak is a classic American sandwich originating from Philadelphia. It features thinly sliced beef steak cooked with onions and green peppers, topped with melted provolone cheese, all served on a hoagie roll.",
    "Spice Level": 3,
    "Cooking Method": "Grilling",
    "Preparation Time": 30,
    "Contains Allergens": true
  },
  "OutputCols": {
    "Cuisine Type": "American",
    "Meal Type": "Lunch, Dinner",
    "Dietary Preference": "Non-Veg",
    "Protein Rich": true,
    "Pregnancy Safe": false,
    "Diabetic Friendly": false
  }
}