{
  "InputCols": {
    "List of Main Ingredients": "Rice, Milk, Sugar, Saffron, Cardamom",
    "Nutritional Value per Serving": {
      "Calories": 200,
      "Saturated Fat in daily %": 10,
      "Sugar in g": 20,
      "Protein in g": 5,
      "Glycemic Index": 50
    },
    "Region where Dish is Popular": "India",
    "Description": "Phirni is a traditional Indian rice pudding made by slow-cooking ground rice in sweetened milk. It is flavored with saffron and cardamom, giving it a rich aroma and taste. Phirni has a creamy texture and is often garnished with almonds and pistachios before serving.",
    "Spice Level": 2,
    "Cooking Method": "Simmering and Chilling",
    "Preparation Time": 180,
    "Contains Allergens": true
  },
  "OutputCols": {
    "Cuisine Type": "Indian",
    "Meal Type": "Dessert",
    "Dietary Preference": "Vegetarian",
    "Protein Rich": false,
    "Pregnancy Safe": true,
    "Diabetic Friendly": false
  }
}