{
  "InputCols": {
    "List of Main Ingredients": "Beef, Rice noodles, Broth, Bean sprouts, Thai basil, Lime, Chili peppers",
    "Nutritional Value per Serving": {
      "Calories": 350,
      "Saturated Fat in daily %": 20,
      "Sugar in g": 5,
      "Protein in g": 25,
      "Glycemic Index": 50
    },
    "Region where Dish is Popular": "Vietnam",
    "Description": "Pho is a Vietnamese soup consisting of broth, rice noodles, herbs, and meat. It is a popular street food in Vietnam known for its aromatic flavors and fresh ingredients.",
    "Spice Level": 5,
    "Cooking Method": "Simmering",
    "Preparation Time": 60,
    "Contains Allergens": false
  },
  "OutputCols": {
    "Cuisine Type": "Vietnamese",
    "Meal Type": "Lunch, Dinner",
    "Dietary Preference": "Non-Veg",
    "Protein Rich": true,
    "Pregnancy Safe": true,
    "Diabetic Friendly": false
  }
}