{
  "InputCols": {
    "List of Main Ingredients": "Chickpeas, Onions, Tomatoes, Ginger, Garlic, Spices",
    "Nutritional Value per Serving": {
      "Calories": 230,
      "Saturated Fat in daily %": 3,
      "Sugar in g": 5,
      "Protein in g": 8,
      "Glycemic Index": 28
    },
    "Region where Dish is Popular": "Punjab, India",
    "Description": "Pindi Chana is a popular North Indian dish made with chickpeas cooked in a spicy and tangy gravy with aromatic spices like cumin, coriander, and garam masala. It is often served with rice or Indian bread like bhatura or naan.",
    "Spice Level": 7,
    "Cooking Method": "Pressure cooking and saut\u00e9ing",
    "Preparation Time": 40,
    "Contains Allergens": true
  },
  "OutputCols": {
    "Cuisine Type": "Indian",
    "Meal Type": "Lunch, Dinner",
    "Dietary Preference": "Veg",
    "Protein Rich": true,
    "Pregnancy Safe": true,
    "Diabetic Friendly": true
  }
}