{
  "InputCols": {
    "List of Main Ingredients": "Flour, Pineapple filling, Butter, Sugar, Milk",
    "Nutritional Value per Serving": {
      "Calories": 350,
      "Saturated Fat in daily %": 20,
      "Sugar in g": 15,
      "Protein in g": 5,
      "Glycemic Index": 55
    },
    "Region where Dish is Popular": "Hong Kong",
    "Description": "Pineapple bun is a popular pastry in Hong Kong that does not actually contain pineapple, but is named for its characteristic topping that resembles the fruit's skin. It features a soft, sweet bun with a crunchy, sugary top crust.",
    "Spice Level": 2,
    "Cooking Method": "Baking",
    "Preparation Time": 90,
    "Contains Allergens": true
  },
  "OutputCols": {
    "Cuisine Type": "Hong Kong",
    "Meal Type": "Snack",
    "Dietary Preference": "Non-Veg",
    "Protein Rich": false,
    "Pregnancy Safe": true,
    "Diabetic Friendly": false
  }
}