{
  "InputCols": {
    "List of Main Ingredients": "Cornmeal, Water, Salt",
    "Nutritional Value per Serving": {
      "Calories": 150,
      "Saturated Fat in daily %": 2,
      "Sugar in g": 0,
      "Protein in g": 3,
      "Glycemic Index": 45
    },
    "Region where Dish is Popular": "Italy",
    "Description": "Polenta is a traditional Italian staple made by simmering cornmeal into a thick, creamy porridge. It can be served soft, like a warm mush, or firm and sliced for grilling, baking, or frying. Polenta has a rich, comforting taste with a slightly grainy texture, often used as a base for various toppings and sauces.",
    "Spice Level": 2,
    "Cooking Method": "Boiling and stirring",
    "Preparation Time": 45,
    "Contains Allergens": false
  },
  "OutputCols": {
    "Cuisine Type": "Italian",
    "Meal Type": "Breakfast, Lunch, Dinner",
    "Dietary Preference": "Veg",
    "Protein Rich": false,
    "Pregnancy Safe": true,
    "Diabetic Friendly": true
  }
}