{
  "InputCols": {
    "List of Main Ingredients": "Rice, Lentils, Pepper, Cumin, Ginger, Ghee",
    "Nutritional Value per Serving": {
      "Calories": 320,
      "Saturated Fat in daily %": 12,
      "Sugar in g": 2,
      "Protein in g": 8,
      "Glycemic Index": 50
    },
    "Region where Dish is Popular": "South India",
    "Description": "Pongal is a traditional South Indian dish made with rice and lentils, flavored with pepper, cumin, ginger, and ghee. It is a warm and comforting dish often served for breakfast or as a festive meal during Pongal festival.",
    "Spice Level": 3,
    "Cooking Method": "Boiling and Tempering",
    "Preparation Time": 30,
    "Contains Allergens": false
  },
  "OutputCols": {
    "Cuisine Type": "South Indian",
    "Meal Type": "Breakfast, Main Dish",
    "Dietary Preference": "Veg",
    "Protein Rich": true,
    "Pregnancy Safe": true,
    "Diabetic Friendly": true
  }
}