{
  "InputCols": {
    "List of Main Ingredients": "Chana dal, Jaggery, Rice flour, Cardamom",
    "Nutritional Value per Serving": {
      "Calories": 80,
      "Saturated Fat in daily %": 5,
      "Sugar in g": 5,
      "Protein in g": 2,
      "Glycemic Index": 35
    },
    "Region where Dish is Popular": "Andhra Pradesh, India",
    "Description": "Poornam Boorelu is a traditional sweet dish from Andhra Pradesh, India. It consists of a sweet filling made from chana dal, jaggery, and cardamom encased in a crispy rice flour coating. These small round balls are deep-fried until they turn golden brown, creating a delightful contrast of textures and flavors.",
    "Spice Level": 2,
    "Cooking Method": "Deep-fried",
    "Preparation Time": 60,
    "Contains Allergens": true
  },
  "OutputCols": {
    "Cuisine Type": "Indian",
    "Meal Type": "Dessert, Snack",
    "Dietary Preference": "Vegetarian",
    "Protein Rich": false,
    "Pregnancy Safe": true,
    "Diabetic Friendly": false
  }
}