{
  "InputCols": {
    "List of Main Ingredients": "Pork belly, pork loin, garlic, fennel, rosemary, salt, pepper",
    "Nutritional Value per Serving": {
      "Calories": 500,
      "Saturated Fat in daily %": 65,
      "Sugar in g": 0,
      "Protein in g": 40,
      "Glycemic Index": 0
    },
    "Region where Dish is Popular": "Italy",
    "Description": "Porchetta is a traditional Italian dish consisting of moist boneless pork belly, rolled and roasted with aromatic herbs like garlic, fennel, and rosemary. The crackling skin adds a delicious crunch to the succulent meat within.",
    "Spice Level": 4,
    "Cooking Method": "Roasting",
    "Preparation Time": 180,
    "Contains Allergens": false
  },
  "OutputCols": {
    "Cuisine Type": "Italian",
    "Meal Type": "Lunch, Dinner",
    "Dietary Preference": "Non-Veg",
    "Protein Rich": true,
    "Pregnancy Safe": false,
    "Diabetic Friendly": false
  }
}