{
  "InputCols": {
    "List of Main Ingredients": "Beef, Carrots, Potatoes, Onion, Garlic, Beef Broth",
    "Nutritional Value per Serving": {
      "Calories": 350,
      "Saturated Fat in daily %": 20,
      "Sugar in g": 5,
      "Protein in g": 30,
      "Glycemic Index": 30
    },
    "Region where Dish is Popular": "United States",
    "Description": "Pot Roast is a classic American comfort food dish where beef is slowly cooked with vegetables and broth until tender. It is hearty, flavorful, and perfect for family gatherings or cozy dinners.",
    "Spice Level": 3,
    "Cooking Method": "Braising",
    "Preparation Time": 240,
    "Contains Allergens": false
  },
  "OutputCols": {
    "Cuisine Type": "American",
    "Meal Type": "Lunch, Dinner",
    "Dietary Preference": "Non-Veg",
    "Protein Rich": true,
    "Pregnancy Safe": true,
    "Diabetic Friendly": false
  }
}