{
  "InputCols": {
    "List of Main Ingredients": "Potatoes, onions, tomatoes, spices",
    "Nutritional Value per Serving": {
      "Calories": 250,
      "Saturated Fat in daily %": 8,
      "Sugar in g": 5,
      "Protein in g": 4,
      "Glycemic Index": 50
    },
    "Region where Dish is Popular": "Indian subcontinent",
    "Description": "Potato Curry is a popular Indian dish made with potatoes cooked in a flavorful, aromatic curry sauce. It is a comfort food that is hearty, filling, and packed with spices that offer a burst of flavors.",
    "Spice Level": 7,
    "Cooking Method": "Stovetop",
    "Preparation Time": 40,
    "Contains Allergens": false
  },
  "OutputCols": {
    "Cuisine Type": "Indian",
    "Meal Type": "Lunch, Dinner",
    "Dietary Preference": "Veg",
    "Protein Rich": false,
    "Pregnancy Safe": true,
    "Diabetic Friendly": true
  }
}