{
  "InputCols": {
    "List of Main Ingredients": "Prawns, coconut milk, onions, tomatoes, garlic, ginger, spices",
    "Nutritional Value per Serving": {
      "Calories": 350,
      "Saturated Fat in daily %": 20,
      "Sugar in g": 5,
      "Protein in g": 25,
      "Glycemic Index": 30
    },
    "Region where Dish is Popular": "Indian subcontinent",
    "Description": "Prawn curry is a flavorful and aromatic dish made with succulent prawns cooked in a rich and spicy coconut milk-based gravy. This popular dish from the Indian subcontinent is known for its blend of fragrant spices and is often served with rice or bread.",
    "Spice Level": 8,
    "Cooking Method": "Simmering",
    "Preparation Time": 45,
    "Contains Allergens": true
  },
  "OutputCols": {
    "Cuisine Type": "Indian",
    "Meal Type": "Lunch, Dinner",
    "Dietary Preference": "Non-Veg",
    "Protein Rich": true,
    "Pregnancy Safe": false,
    "Diabetic Friendly": true
  }
}