{
  "InputCols": {
    "List of Main Ingredients": "Prawns, Coconut Milk, Onions, Tomatoes, Garlic, Ginger, Green Chilies, Spices",
    "Nutritional Value per Serving": {
      "Calories": 320,
      "Saturated Fat in daily %": 22,
      "Sugar in g": 6,
      "Protein in g": 25,
      "Glycemic Index": 25
    },
    "Region where Dish is Popular": "South Asia",
    "Description": "Prawn Malai Curry is a creamy and mildly spiced seafood dish popular in South Asian cuisine. It features succulent prawns cooked in a rich coconut milk-based gravy with a blend of aromatic spices, creating a flavorful and satisfying meal.",
    "Spice Level": 4,
    "Cooking Method": "Simmering",
    "Preparation Time": 45,
    "Contains Allergens": true
  },
  "OutputCols": {
    "Cuisine Type": "South Asian",
    "Meal Type": "Lunch, Dinner",
    "Dietary Preference": "Non-Veg",
    "Protein Rich": true,
    "Pregnancy Safe": true,
    "Diabetic Friendly": false
  }
}