{
  "InputCols": {
    "List of Main Ingredients": "Prawns, Tempura batter",
    "Nutritional Value per Serving": {
      "Calories": 310,
      "Saturated Fat in daily %": 14,
      "Sugar in g": 1,
      "Protein in g": 20,
      "Glycemic Index": 55
    },
    "Region where Dish is Popular": "Japan",
    "Description": "Prawn Tempura is a popular Japanese dish consisting of deep-fried prawns coated in a light and crispy tempura batter. It is commonly served as a starter or appetizer in Japanese cuisine, known for its delicate flavors and crunchy texture.",
    "Spice Level": 2,
    "Cooking Method": "Deep-frying",
    "Preparation Time": 30,
    "Contains Allergens": true
  },
  "OutputCols": {
    "Cuisine Type": "Japanese",
    "Meal Type": "Appetizer",
    "Dietary Preference": "Non-Veg",
    "Protein Rich": true,
    "Pregnancy Safe": false,
    "Diabetic Friendly": false
  }
}