{
  "InputCols": {
    "List of Main Ingredients": "Prosciutto, Salt, Air",
    "Nutritional Value per Serving": {
      "Calories": 17,
      "Saturated Fat in daily %": 1,
      "Sugar in g": 0,
      "Protein in g": 2,
      "Glycemic Index": 0
    },
    "Region where Dish is Popular": "Italy",
    "Description": "Prosciutto is a dry-cured ham that is thinly sliced and served uncooked. It has a delicate flavor and a slightly salty taste, making it a popular ingredient in Italian cuisine.",
    "Spice Level": 2,
    "Cooking Method": "Cured",
    "Preparation Time": 0,
    "Contains Allergens": false
  },
  "OutputCols": {
    "Cuisine Type": "Italian",
    "Meal Type": "Any",
    "Dietary Preference": "Non-Veg",
    "Protein Rich": true,
    "Pregnancy Safe": true,
    "Diabetic Friendly": false
  }
}