{
  "InputCols": {
    "List of Main Ingredients": "Mint leaves, coriander leaves, green chili, garlic, ginger, lime juice, salt",
    "Nutritional Value per Serving": {
      "Calories": 15,
      "Saturated Fat in daily %": 0,
      "Sugar in g": 1,
      "Protein in g": 0,
      "Glycemic Index": 6
    },
    "Region where Dish is Popular": "India",
    "Description": "Pudina Chutney is a vibrant and flavorful Indian condiment made with fresh mint, coriander, and spices. It has a refreshing taste with a hint of heat from green chilies and a tangy kick from lime juice, making it a versatile accompaniment to various dishes.",
    "Spice Level": 7,
    "Cooking Method": "Blending",
    "Preparation Time": 10,
    "Contains Allergens": false
  },
  "OutputCols": {
    "Cuisine Type": "Indian",
    "Meal Type": "Side Dish",
    "Dietary Preference": "Vegan",
    "Protein Rich": false,
    "Pregnancy Safe": true,
    "Diabetic Friendly": true
  }
}