{
  "InputCols": {
    "List of Main Ingredients": "Pork, BBQ sauce, buns, coleslaw",
    "Nutritional Value per Serving": {
      "Calories": 450,
      "Saturated Fat in daily %": 30,
      "Sugar in g": 12,
      "Protein in g": 25,
      "Glycemic Index": 45
    },
    "Region where Dish is Popular": "United States",
    "Description": "Pulled pork sandwich is a classic American dish featuring slow-cooked, shredded pork smothered in tangy BBQ sauce, served on a soft bun with a side of creamy coleslaw. It offers a perfect balance of savory, sweet, and tangy flavors.",
    "Spice Level": 4,
    "Cooking Method": "Slow cooking",
    "Preparation Time": 360,
    "Contains Allergens": false
  },
  "OutputCols": {
    "Cuisine Type": "American",
    "Meal Type": "Lunch, Dinner",
    "Dietary Preference": "Non-Veg",
    "Protein Rich": true,
    "Pregnancy Safe": false,
    "Diabetic Friendly": false
  }
}