{
  "InputCols": {
    "List of Main Ingredients": "Pumpkin, eggs, sugar, cinnamon, nutmeg, cloves, ginger, milk",
    "Nutritional Value per Serving": {
      "Calories": 323,
      "Saturated Fat in daily %": 32,
      "Sugar in g": 20,
      "Protein in g": 6,
      "Glycemic Index": 30
    },
    "Region where Dish is Popular": "United States",
    "Description": "Pumpkin pie is a traditional sweet dessert that is typically served during fall and winter holidays in the United States. It features a spiced pumpkin custard filling baked in a flaky pie crust. The aroma of cinnamon, nutmeg, and cloves infuses the pie with warm, cozy flavors that evoke the spirit of the festive season.",
    "Spice Level": 4,
    "Cooking Method": "Baking",
    "Preparation Time": 90,
    "Contains Allergens": true
  },
  "OutputCols": {
    "Cuisine Type": "American",
    "Meal Type": "Dessert",
    "Dietary Preference": "Non-Veg",
    "Protein Rich": false,
    "Pregnancy Safe": true,
    "Diabetic Friendly": false
  }
}