{
  "InputCols": {
    "List of Main Ingredients": "Chana Dal, Jaggery, Wheat Flour, Ghee, Cardamom",
    "Nutritional Value per Serving": {
      "Calories": 250,
      "Saturated Fat in daily %": 12,
      "Sugar in g": 15,
      "Protein in g": 5,
      "Glycemic Index": 45
    },
    "Region where Dish is Popular": "Maharashtra, India",
    "Description": "Puran Poli is a traditional Maharashtrian flatbread stuffed with a sweet lentil filling made from chana dal, jaggery, and flavoured with cardamom. It is a popular festive delicacy enjoyed during occasions like Holi and Diwali.",
    "Spice Level": 2,
    "Cooking Method": "Pan-frying",
    "Preparation Time": 60,
    "Contains Allergens": true
  },
  "OutputCols": {
    "Cuisine Type": "Indian",
    "Meal Type": "Dessert, Snack",
    "Dietary Preference": "Vegetarian",
    "Protein Rich": false,
    "Pregnancy Safe": true,
    "Diabetic Friendly": false
  }
}