{
  "InputCols": {
    "List of Main Ingredients": "Ground meat, green peas, onions, tomatoes, spices",
    "Nutritional Value per Serving": {
      "Calories": 350,
      "Saturated Fat in daily %": 20,
      "Sugar in g": 5,
      "Protein in g": 25,
      "Glycemic Index": 45
    },
    "Region where Dish is Popular": "South Asia",
    "Description": "Qeema Matar is a flavorful South Asian dish made with spiced ground meat cooked with green peas in a tomato-onion gravy. It is a popular dish in countries like India and Pakistan, often enjoyed with rice or bread.",
    "Spice Level": 7,
    "Cooking Method": "Stovetop cooking",
    "Preparation Time": 40,
    "Contains Allergens": false
  },
  "OutputCols": {
    "Cuisine Type": "South Asian",
    "Meal Type": "Lunch, Dinner",
    "Dietary Preference": "Non-Veg",
    "Protein Rich": true,
    "Pregnancy Safe": false,
    "Diabetic Friendly": false
  }
}