{
  "InputCols": {
    "List of Main Ingredients": "Quail, spices, oil",
    "Nutritional Value per Serving": {
      "Calories": 250,
      "Saturated Fat in daily %": 20,
      "Sugar in g": 0,
      "Protein in g": 30,
      "Glycemic Index": 0
    },
    "Region where Dish is Popular": "Global",
    "Description": "Quail fry is a flavorful dish made with tender quail marinated in a blend of spices and then fried to perfection. It is a popular appetizer or main course in various cuisines around the world, known for its crispy texture and rich taste.",
    "Spice Level": 7,
    "Cooking Method": "Frying",
    "Preparation Time": 40,
    "Contains Allergens": false
  },
  "OutputCols": {
    "Cuisine Type": "Mixed",
    "Meal Type": "Appetizer, Main Course",
    "Dietary Preference": "Non-Veg",
    "Protein Rich": true,
    "Pregnancy Safe": false,
    "Diabetic Friendly": false
  }
}