{
  "InputCols": {
    "List of Main Ingredients": "Eggs, bacon, cream, cheese, onions, pie crust",
    "Nutritional Value per Serving": {
      "Calories": 350,
      "Saturated Fat in daily %": 45,
      "Sugar in g": 2,
      "Protein in g": 15,
      "Glycemic Index": 20
    },
    "Region where Dish is Popular": "France",
    "Description": "Quiche Lorraine is a classic French dish consisting of a savory custard filled with bacon, cheese, and onions baked in a flaky pie crust. It is a rich and indulgent dish perfect for brunch or a light dinner.",
    "Spice Level": 2,
    "Cooking Method": "Baking",
    "Preparation Time": 60,
    "Contains Allergens": true
  },
  "OutputCols": {
    "Cuisine Type": "French",
    "Meal Type": "Brunch, Light Dinner",
    "Dietary Preference": "Non-Veg",
    "Protein Rich": true,
    "Pregnancy Safe": false,
    "Diabetic Friendly": false
  }
}