{
  "InputCols": {
    "List of Main Ingredients": "Eggs, cream, cheese, vegetables, pastry crust",
    "Nutritional Value per Serving": {
      "Calories": 350,
      "Saturated Fat in daily %": 30,
      "Sugar in g": 2,
      "Protein in g": 12,
      "Glycemic Index": 15
    },
    "Region where Dish is Popular": "France",
    "Description": "Quiche is a savory custard pie filled with a mixture of eggs, cream, cheese, and various vegetables encased in a buttery pastry crust. It is a popular dish in French cuisine, often served warm as a main course or cold as part of a picnic spread.",
    "Spice Level": 2,
    "Cooking Method": "Baking",
    "Preparation Time": 60,
    "Contains Allergens": true
  },
  "OutputCols": {
    "Cuisine Type": "French",
    "Meal Type": "Main Course, Snack",
    "Dietary Preference": "Non-Veg",
    "Protein Rich": true,
    "Pregnancy Safe": true,
    "Diabetic Friendly": false
  }
}