{
  "InputCols": {
    "List of Main Ingredients": "Quinoa, Mixed Vegetables, Spices",
    "Nutritional Value per Serving": {
      "Calories": 320,
      "Saturated Fat in daily %": 5,
      "Sugar in g": 6,
      "Protein in g": 8,
      "Glycemic Index": 53
    },
    "Region where Dish is Popular": "Indian Subcontinent",
    "Description": "Quinoa Biryani is a nutritious twist to the traditional biryani dish, incorporating quinoa and a variety of mixed vegetables. It offers a unique blend of flavors and textures, elevated by aromatic spices. This vegetarian biryani is a wholesome meal that caters to health-conscious individuals looking for a tasty yet nutritious option.",
    "Spice Level": 7,
    "Cooking Method": "Stovetop cooking",
    "Preparation Time": 45,
    "Contains Allergens": false
  },
  "OutputCols": {
    "Cuisine Type": "Indian",
    "Meal Type": "Lunch, Dinner",
    "Dietary Preference": "Veg",
    "Protein Rich": true,
    "Pregnancy Safe": true,
    "Diabetic Friendly": true
  }
}