{
  "InputCols": {
    "List of Main Ingredients": "Quinoa, cherry tomatoes, cucumbers, red onion, parsley, lemon juice, olive oil, salt, pepper",
    "Nutritional Value per Serving": {
      "Calories": 220,
      "Saturated Fat in daily %": 3,
      "Sugar in g": 3,
      "Protein in g": 5,
      "Glycemic Index": 53
    },
    "Region where Dish is Popular": "International",
    "Description": "A refreshing and nutritious salad made with fluffy quinoa, juicy cherry tomatoes, crisp cucumbers, zesty red onion, fresh parsley, all tossed in a tangy lemon-olive oil dressing. This Quinoa Salad is a vibrant dish bursting with flavors and textures.",
    "Spice Level": 2,
    "Cooking Method": "Boiling, Mixing",
    "Preparation Time": 25,
    "Contains Allergens": false
  },
  "OutputCols": {
    "Cuisine Type": "International",
    "Meal Type": "Lunch, Dinner",
    "Dietary Preference": "Vegan",
    "Protein Rich": false,
    "Pregnancy Safe": true,
    "Diabetic Friendly": true
  }
}