{
  "InputCols": {
    "List of Main Ingredients": "Milk, Sugar, Saffron, Cardamom",
    "Nutritional Value per Serving": {
      "Calories": 250,
      "Saturated Fat in daily %": 20,
      "Sugar in g": 30,
      "Protein in g": 8,
      "Glycemic Index": 45
    },
    "Region where Dish is Popular": "India",
    "Description": "Rabdi is a traditional Indian dessert made by reducing milk and sugar to a thick, creamy consistency. It is delicately flavored with saffron and cardamom, giving it a rich and aromatic taste. Rabdi is often served chilled as a sweet treat or dessert after meals.",
    "Spice Level": 1,
    "Cooking Method": "Simmering",
    "Preparation Time": 60,
    "Contains Allergens": false
  },
  "OutputCols": {
    "Cuisine Type": "Indian",
    "Meal Type": "Dessert",
    "Dietary Preference": "Vegetarian",
    "Protein Rich": false,
    "Pregnancy Safe": true,
    "Diabetic Friendly": false
  }
}