{
  "InputCols": {
    "List of Main Ingredients": "Ragi flour, Rice flour, Urad dal, Salt, Water",
    "Nutritional Value per Serving": {
      "Calories": 150,
      "Saturated Fat in daily %": 5,
      "Sugar in g": 1,
      "Protein in g": 3,
      "Glycemic Index": 50
    },
    "Region where Dish is Popular": "South India",
    "Description": "Ragi Dosa is a traditional South Indian crepe made from finger millet flour (ragi). It is a nutritious and gluten-free dish that is light on the stomach and packed with essential nutrients. Ragi dosa is crispy on the edges, soft in the middle, and is often served with coconut chutney and sambar.",
    "Spice Level": 3,
    "Cooking Method": "Pan-frying",
    "Preparation Time": 30,
    "Contains Allergens": false
  },
  "OutputCols": {
    "Cuisine Type": "South Indian",
    "Meal Type": "Breakfast",
    "Dietary Preference": "Vegan",
    "Protein Rich": false,
    "Pregnancy Safe": true,
    "Diabetic Friendly": true
  }
}