{
  "InputCols": {
    "List of Main Ingredients": "Ragi flour, water, prawns, onions, tomatoes, spices",
    "Nutritional Value per Serving": {
      "Calories": 350,
      "Saturated Fat in daily %": 5,
      "Sugar in g": 2,
      "Protein in g": 25,
      "Glycemic Index": 50
    },
    "Region where Dish is Popular": "South India",
    "Description": "Ragi koozh is a traditional South Indian dish made from ragi flour and water, having a thick porridge-like consistency. It is often served with prawns curry, a delicious and spicy seafood dish with prawns cooked in a flavorful onion and tomato-based gravy.",
    "Spice Level": 8,
    "Cooking Method": "Boiling, Sauteing",
    "Preparation Time": 45,
    "Contains Allergens": true
  },
  "OutputCols": {
    "Cuisine Type": "South Indian",
    "Meal Type": "Lunch, Dinner",
    "Dietary Preference": "Non-Veg",
    "Protein Rich": true,
    "Pregnancy Safe": false,
    "Diabetic Friendly": false
  }
}