{
  "InputCols": {
    "List of Main Ingredients": "Ragi (Finger Millet), Buttermilk, Green chilies, Ginger, Curry leaves",
    "Nutritional Value per Serving": {
      "Calories": 150,
      "Saturated Fat in daily %": 5,
      "Sugar in g": 3,
      "Protein in g": 8,
      "Glycemic Index": 45
    },
    "Region where Dish is Popular": "South India",
    "Description": "Ragi Kool is a traditional South Indian dish made from finger millet (ragi) and buttermilk. It is seasoned with green chilies, ginger, and curry leaves, giving it a tangy and spicy flavor. Ragi Kool is known for its cooling properties and is often consumed during hot summers for its refreshing taste and nutritional benefits.",
    "Spice Level": 4,
    "Cooking Method": "Boiling and Tempering",
    "Preparation Time": 30,
    "Contains Allergens": false
  },
  "OutputCols": {
    "Cuisine Type": "South Indian",
    "Meal Type": "Breakfast, Snack",
    "Dietary Preference": "Veg",
    "Protein Rich": true,
    "Pregnancy Safe": true,
    "Diabetic Friendly": true
  }
}