{
  "InputCols": {
    "List of Main Ingredients": "Kidney beans, tomatoes, onions, garlic, ginger, spices",
    "Nutritional Value per Serving": {
      "Calories": 300,
      "Saturated Fat in daily %": 6,
      "Sugar in g": 5,
      "Protein in g": 15,
      "Glycemic Index": 30
    },
    "Region where Dish is Popular": "North India",
    "Description": "Rajma is a popular North Indian curry made with red kidney beans in a flavorful onion-tomato gravy. It is seasoned with aromatic spices like cumin, coriander, and garam masala, giving it a rich and comforting taste.",
    "Spice Level": 6,
    "Cooking Method": "Pressure cooking",
    "Preparation Time": 60,
    "Contains Allergens": true
  },
  "OutputCols": {
    "Cuisine Type": "Indian",
    "Meal Type": "Lunch, Dinner",
    "Dietary Preference": "Veg",
    "Protein Rich": true,
    "Pregnancy Safe": true,
    "Diabetic Friendly": true
  }
}