{
  "InputCols": {
    "List of Main Ingredients": "Noodles, Broth, Protein (Eggs, Pork, Chicken, Tofu), Vegetables (Green Onions, Mushrooms, Seaweed)",
    "Nutritional Value per Serving": {
      "Calories": 450,
      "Saturated Fat in daily %": 20,
      "Sugar in g": 5,
      "Protein in g": 15,
      "Glycemic Index": 45
    },
    "Region where Dish is Popular": "Japan",
    "Description": "Ramen noodles are a popular Japanese dish consisting of Chinese-style wheat noodles served in a meat or fish-based broth. Topped with ingredients like sliced pork, dried seaweed, green onions, and a soft-boiled egg, this flavorful dish is a comfort food enjoyed worldwide.",
    "Spice Level": 5,
    "Cooking Method": "Boiling, Simmering",
    "Preparation Time": 30,
    "Contains Allergens": true
  },
  "OutputCols": {
    "Cuisine Type": "Japanese",
    "Meal Type": "Lunch, Dinner",
    "Dietary Preference": "Non-Veg",
    "Protein Rich": true,
    "Pregnancy Safe": false,
    "Diabetic Friendly": false
  }
}