{
  "InputCols": {
    "List of Main Ingredients": "Milk, sugar, cardamom, saffron, pistachios",
    "Nutritional Value per Serving": {
      "Calories": 250,
      "Saturated Fat in daily %": 20,
      "Sugar in g": 20,
      "Protein in g": 8,
      "Glycemic Index": 45
    },
    "Region where Dish is Popular": "South Asia",
    "Description": "Ras Malai is a popular dessert in South Asia made from soft paneer cheese dumplings soaked in sweetened, thickened milk, flavored with cardamom, saffron, and garnished with pistachios.",
    "Spice Level": 2,
    "Cooking Method": "Boiling, simmering",
    "Preparation Time": 60,
    "Contains Allergens": true
  },
  "OutputCols": {
    "Cuisine Type": "Indian",
    "Meal Type": "Dessert",
    "Dietary Preference": "Vegetarian",
    "Protein Rich": false,
    "Pregnancy Safe": true,
    "Diabetic Friendly": false
  }
}