{
  "InputCols": {
    "List of Main Ingredients": "Tomatoes, tamarind, lentils, black pepper, cumin, garlic, curry leaves",
    "Nutritional Value per Serving": {
      "Calories": 80,
      "Saturated Fat in daily %": 1,
      "Sugar in g": 4,
      "Protein in g": 3,
      "Glycemic Index": 45
    },
    "Region where Dish is Popular": "South India",
    "Description": "Rasam is a tangy and spicy soup from South India, made with tamarind juice, tomatoes, and a blend of spices. It is often consumed as a soup or mixed with rice, providing a flavorful and comforting experience.",
    "Spice Level": 5,
    "Cooking Method": "Boiling and tempering",
    "Preparation Time": 30,
    "Contains Allergens": false
  },
  "OutputCols": {
    "Cuisine Type": "South Indian",
    "Meal Type": "Lunch, Dinner",
    "Dietary Preference": "Veg",
    "Protein Rich": false,
    "Pregnancy Safe": true,
    "Diabetic Friendly": true
  }
}