{
  "InputCols": {
    "List of Main Ingredients": "Milk, Sugar, Water, and Lemon Juice",
    "Nutritional Value per Serving": {
      "Calories": 150,
      "Saturated Fat in daily %": 10,
      "Sugar in g": 30,
      "Protein in g": 4,
      "Glycemic Index": 60
    },
    "Region where Dish is Popular": "India",
    "Description": "Rasgulla is a popular Indian dessert made from chenna (an Indian cheese) dough, shaped into balls and simmered in a sugar syrup. These spongy and sweet balls are a favorite during festivals and special occasions.",
    "Spice Level": 1,
    "Cooking Method": "Boiling",
    "Preparation Time": 60,
    "Contains Allergens": true
  },
  "OutputCols": {
    "Cuisine Type": "Indian",
    "Meal Type": "Dessert",
    "Dietary Preference": "Vegetarian",
    "Protein Rich": false,
    "Pregnancy Safe": true,
    "Diabetic Friendly": false
  }
}