{
  "InputCols": {
    "List of Main Ingredients": "Milk, Sugar, Saffron, Cardamom, Almonds",
    "Nutritional Value per Serving": {
      "Calories": 150,
      "Saturated Fat in daily %": 20,
      "Sugar in g": 15,
      "Protein in g": 5,
      "Glycemic Index": 45
    },
    "Region where Dish is Popular": "India",
    "Description": "Rasmalai is a popular Indian dessert made from paneer (Indian cottage cheese) soaked in sweet, saffron-infused milk. It is flavored with cardamom, garnished with almonds, and served chilled. The dish has a creamy and delicate texture, making it a favorite at festivals and special occasions.",
    "Spice Level": 2,
    "Cooking Method": "Boiling and Chilling",
    "Preparation Time": 60,
    "Contains Allergens": true
  },
  "OutputCols": {
    "Cuisine Type": "Indian",
    "Meal Type": "Dessert",
    "Dietary Preference": "Vegetarian",
    "Protein Rich": false,
    "Pregnancy Safe": true,
    "Diabetic Friendly": false
  }
}