{
  "InputCols": {
    "List of Main Ingredients": "Eggplant, zucchini, bell peppers, tomatoes, onions, garlic, herbs",
    "Nutritional Value per Serving": {
      "Calories": 150,
      "Saturated Fat in daily %": 5,
      "Sugar in g": 10,
      "Protein in g": 3,
      "Glycemic Index": 30
    },
    "Region where Dish is Popular": "Provence, France",
    "Description": "Ratatouille is a traditional French veggie stew made with a colorful mix of seasonal vegetables saut\u00e9ed in olive oil with herbs and garlic. It is a vibrant and flavorful dish that captures the essence of Mediterranean cuisine.",
    "Spice Level": 3,
    "Cooking Method": "Stovetop cooking",
    "Preparation Time": 45,
    "Contains Allergens": false
  },
  "OutputCols": {
    "Cuisine Type": "French",
    "Meal Type": "Lunch, Dinner",
    "Dietary Preference": "Veg",
    "Protein Rich": false,
    "Pregnancy Safe": true,
    "Diabetic Friendly": true
  }
}