{
  "InputCols": {
    "List of Main Ingredients": "Semolina, Yogurt, Vegetables, Spices",
    "Nutritional Value per Serving": {
      "Calories": 150,
      "Saturated Fat in daily %": 5,
      "Sugar in g": 2,
      "Protein in g": 4,
      "Glycemic Index": 42
    },
    "Region where Dish is Popular": "South India",
    "Description": "Rava Idli is a popular South Indian steamed cake made from semolina and yogurt. It is light, fluffy, and typically served with chutney and sambar.",
    "Spice Level": 3,
    "Cooking Method": "Steaming",
    "Preparation Time": 30,
    "Contains Allergens": false
  },
  "OutputCols": {
    "Cuisine Type": "Indian",
    "Meal Type": "Breakfast, Snack",
    "Dietary Preference": "Vegetarian",
    "Protein Rich": false,
    "Pregnancy Safe": true,
    "Diabetic Friendly": true
  }
}