{
  "InputCols": {
    "List of Main Ingredients": "Semolina, ghee, sugar, water, cashews, raisins, cardamom",
    "Nutritional Value per Serving": {
      "Calories": 250,
      "Saturated Fat in daily %": 20,
      "Sugar in g": 20,
      "Protein in g": 4,
      "Glycemic Index": 52
    },
    "Region where Dish is Popular": "South India",
    "Description": "Rava Kesari is a popular South Indian sweet dish made from semolina, ghee, and sugar. It is flavored with cardamom and garnished with cashews and raisins, giving it a rich and aromatic taste. This dessert is commonly prepared during festivals and special occasions.",
    "Spice Level": 2,
    "Cooking Method": "Stovetop",
    "Preparation Time": 30,
    "Contains Allergens": true
  },
  "OutputCols": {
    "Cuisine Type": "Indian",
    "Meal Type": "Dessert",
    "Dietary Preference": "Non-Veg",
    "Protein Rich": false,
    "Pregnancy Safe": true,
    "Diabetic Friendly": false
  }
}