{
  "InputCols": {
    "List of Main Ingredients": "Pasta dough, ricotta cheese, Parmesan cheese, spinach, nutmeg, salt, pepper",
    "Nutritional Value per Serving": {
      "Calories": 250,
      "Saturated Fat in daily %": 25,
      "Sugar in g": 3,
      "Protein in g": 12,
      "Glycemic Index": 50
    },
    "Region where Dish is Popular": "Italy",
    "Description": "Ravioli is a classic Italian dish consisting of pasta dough filled with a savory mixture of ricotta cheese, Parmesan cheese, spinach, and seasonings like nutmeg, salt, and pepper. The filled pasta parcels are typically served with a complementing sauce, making it a comforting and hearty meal enjoyed by many.",
    "Spice Level": 3,
    "Cooking Method": "Boiling",
    "Preparation Time": 45,
    "Contains Allergens": true
  },
  "OutputCols": {
    "Cuisine Type": "Italian",
    "Meal Type": "Lunch, Dinner",
    "Dietary Preference": "Vegetarian",
    "Protein Rich": true,
    "Pregnancy Safe": true,
    "Diabetic Friendly": false
  }
}