{
  "InputCols": {
    "List of Main Ingredients": "Flour, cocoa powder, buttermilk, vinegar, butter, sugar, eggs, red food coloring, vanilla extract, baking soda, salt, cream cheese, powdered sugar",
    "Nutritional Value per Serving": {
      "Calories": 350,
      "Saturated Fat in daily %": 35,
      "Sugar in g": 30,
      "Protein in g": 4,
      "Glycemic Index": 50
    },
    "Region where Dish is Popular": "United States",
    "Description": "Red Velvet Cake is a classic American dessert known for its striking red color and moist, tender crumb. The cake is layered with rich cream cheese frosting, creating a balance of sweetness and tanginess that is loved by many. It is often enjoyed during special occasions like birthdays, holidays, and weddings.",
    "Spice Level": 2,
    "Cooking Method": "Baking",
    "Preparation Time": 60,
    "Contains Allergens": true
  },
  "OutputCols": {
    "Cuisine Type": "American",
    "Meal Type": "Dessert",
    "Dietary Preference": "Non-Veg",
    "Protein Rich": false,
    "Pregnancy Safe": false,
    "Diabetic Friendly": false
  }
}