{
  "InputCols": {
    "List of Main Ingredients": "Red Rice, Mixed Vegetables, Tofu, Soy Sauce, Ginger, Garlic, Sesame Oil",
    "Nutritional Value per Serving": {
      "Calories": 250,
      "Saturated Fat in daily %": 8,
      "Sugar in g": 3,
      "Protein in g": 10,
      "Glycemic Index": 50
    },
    "Region where Dish is Popular": "Asian",
    "Description": "Red Rice stir-fry with a colorful mix of vegetables, tofu, and Asian flavors like soy sauce, ginger, and garlic, all tossed in aromatic sesame oil. A healthy and vibrant dish bursting with flavors.",
    "Spice Level": 5,
    "Cooking Method": "Stir-Frying",
    "Preparation Time": 30,
    "Contains Allergens": true
  },
  "OutputCols": {
    "Cuisine Type": "Asian",
    "Meal Type": "Lunch, Dinner",
    "Dietary Preference": "Vegan",
    "Protein Rich": true,
    "Pregnancy Safe": true,
    "Diabetic Friendly": true
  }
}