{
  "InputCols": {
    "List of Main Ingredients": "Corned beef, Swiss cheese, sauerkraut, rye bread, Russian dressing",
    "Nutritional Value per Serving": {
      "Calories": 610,
      "Saturated Fat in daily %": 38,
      "Sugar in g": 7,
      "Protein in g": 30,
      "Glycemic Index": 55
    },
    "Region where Dish is Popular": "United States",
    "Description": "The Reuben sandwich is a classic American deli sandwich filled with layers of thinly sliced corned beef, Swiss cheese, sauerkraut, and tangy Russian dressing, all sandwiched between slices of toasted rye bread. The combination of flavors and textures creates a mouthwatering experience that is both savory and slightly tangy.",
    "Spice Level": 2,
    "Cooking Method": "Grilling",
    "Preparation Time": 20,
    "Contains Allergens": true
  },
  "OutputCols": {
    "Cuisine Type": "American",
    "Meal Type": "Lunch, Dinner",
    "Dietary Preference": "Non-Veg",
    "Protein Rich": true,
    "Pregnancy Safe": false,
    "Diabetic Friendly": false
  }
}