{
  "InputCols": {
    "List of Main Ingredients": "Cannellini beans, kale, carrots, celery, onion, tomatoes, garlic, day-old bread",
    "Nutritional Value per Serving": {
      "Calories": 320,
      "Saturated Fat in daily %": 6,
      "Sugar in g": 10,
      "Protein in g": 12,
      "Glycemic Index": 45
    },
    "Region where Dish is Popular": "Tuscany, Italy",
    "Description": "Ribollita is a traditional Tuscan vegetable soup made with beans, vegetables, and bread. It is a hearty and flavorful dish that is perfect for colder weather. The name 'Ribollita' means 'reboiled,' as the soup is typically reheated multiple times to enhance the flavors.",
    "Spice Level": 3,
    "Cooking Method": "Stovetop",
    "Preparation Time": 60,
    "Contains Allergens": true
  },
  "OutputCols": {
    "Cuisine Type": "Italian",
    "Meal Type": "Lunch, Dinner",
    "Dietary Preference": "Veg",
    "Protein Rich": true,
    "Pregnancy Safe": true,
    "Diabetic Friendly": false
  }
}