{
  "InputCols": {
    "List of Main Ingredients": "Rice, Fish, Spices, Tomatoes, Onions, Coconut Milk",
    "Nutritional Value per Serving": {
      "Calories": 350,
      "Saturated Fat in daily %": 12,
      "Sugar in g": 3,
      "Protein in g": 25,
      "Glycemic Index": 50
    },
    "Region where Dish is Popular": "Coastal regions of South India",
    "Description": "Rice with fish curry is a popular coastal dish in South India, known for its flavorful and aromatic blend of spices, tender fish pieces, and creamy coconut milk. The curry is delicately spiced and pairs perfectly with steamed rice, creating a satisfying and wholesome meal.",
    "Spice Level": 7,
    "Cooking Method": "Simmering",
    "Preparation Time": 45,
    "Contains Allergens": true
  },
  "OutputCols": {
    "Cuisine Type": "South Indian",
    "Meal Type": "Lunch, Dinner",
    "Dietary Preference": "Non-Veg",
    "Protein Rich": true,
    "Pregnancy Safe": false,
    "Diabetic Friendly": false
  }
}