{
  "InputCols": {
    "List of Main Ingredients": "Arborio rice, saffron, onion, white wine, Parmesan cheese, butter",
    "Nutritional Value per Serving": {
      "Calories": 350,
      "Saturated Fat in daily %": 20,
      "Sugar in g": 2,
      "Protein in g": 8,
      "Glycemic Index": 50
    },
    "Region where Dish is Popular": "Milan, Italy",
    "Description": "Risotto alla Milanese is a classic Italian dish from Milan known for its saffron-infused creamy Arborio rice. The combination of tender grains, saffron's unique flavor, and the richness of Parmesan cheese creates a comforting and luxurious dish often served as a primo (first course).",
    "Spice Level": 3,
    "Cooking Method": "Stirring and gradually adding broth until creamy",
    "Preparation Time": 40,
    "Contains Allergens": true
  },
  "OutputCols": {
    "Cuisine Type": "Italian",
    "Meal Type": "Lunch, Dinner",
    "Dietary Preference": "Vegetarian",
    "Protein Rich": false,
    "Pregnancy Safe": true,
    "Diabetic Friendly": false
  }
}