{
  "InputCols": {
    "List of Main Ingredients": "Pork, Flour, Sugar, Yeast",
    "Nutritional Value per Serving": {
      "Calories": 250,
      "Saturated Fat in daily %": 20,
      "Sugar in g": 10,
      "Protein in g": 8,
      "Glycemic Index": 45
    },
    "Region where Dish is Popular": "China",
    "Description": "Roast Pork Bun is a popular Chinese dim sum dish featuring tender roasted pork encased in a fluffy, slightly sweet bun. The contrast of savory meat and soft bread makes it a delightful treat enjoyed by many.",
    "Spice Level": 3,
    "Cooking Method": "Roasting",
    "Preparation Time": 120,
    "Contains Allergens": true
  },
  "OutputCols": {
    "Cuisine Type": "Chinese",
    "Meal Type": "Snack",
    "Dietary Preference": "Non-Veg",
    "Protein Rich": true,
    "Pregnancy Safe": false,
    "Diabetic Friendly": false
  }
}