{
  "InputCols": {
    "List of Main Ingredients": "Lamb, yogurt, Kashmiri chilies, garlic, ginger, onions, tomatoes, garam masala",
    "Nutritional Value per Serving": {
      "Calories": 380,
      "Saturated Fat in daily %": 24,
      "Sugar in g": 5,
      "Protein in g": 25,
      "Glycemic Index": 15
    },
    "Region where Dish is Popular": "Kashmir, India",
    "Description": "Rogan Josh is a popular aromatic curry dish originating from Kashmir, India. It is known for its vibrant red color and rich flavors. Tender lamb is slow-cooked with a blend of aromatic spices, yogurt, and tomatoes to create a hearty and flavorful dish.",
    "Spice Level": 8,
    "Cooking Method": "Slow cooking",
    "Preparation Time": 120,
    "Contains Allergens": true
  },
  "OutputCols": {
    "Cuisine Type": "Indian",
    "Meal Type": "Lunch, Dinner",
    "Dietary Preference": "Non-Veg",
    "Protein Rich": true,
    "Pregnancy Safe": false,
    "Diabetic Friendly": false
  }
}