{
  "InputCols": {
    "List of Main Ingredients": "Lamb, yogurt, onions, garlic, ginger, tomatoes, Indian spices",
    "Nutritional Value per Serving": {
      "Calories": 380,
      "Saturated Fat in daily %": 32,
      "Sugar in g": 3,
      "Protein in g": 28,
      "Glycemic Index": 30
    },
    "Region where Dish is Popular": "Kashmir, India",
    "Description": "Rogan Josh is a traditional Kashmiri dish that consists of tender meat cooked in a rich, aromatic gravy made with yogurt and a blend of Indian spices. The dish is known for its deep red color and complex flavors.",
    "Spice Level": 7,
    "Cooking Method": "Slow cooking",
    "Preparation Time": 120,
    "Contains Allergens": true
  },
  "OutputCols": {
    "Cuisine Type": "Indian",
    "Meal Type": "Lunch, Dinner",
    "Dietary Preference": "Non-Veg",
    "Protein Rich": true,
    "Pregnancy Safe": false,
    "Diabetic Friendly": false
  }
}