{
  "InputCols": {
    "List of Main Ingredients": "Graham crackers, chocolate, marshmallows",
    "Nutritional Value per Serving": {
      "Calories": 250,
      "Saturated Fat in daily %": 15,
      "Sugar in g": 20,
      "Protein in g": 2,
      "Glycemic Index": 45
    },
    "Region where Dish is Popular": "United States",
    "Description": "S'mores are a classic American campfire treat consisting of a layer of chocolate and a toasted marshmallow sandwiched between two graham crackers. The combination of warm, gooey marshmallow with melted chocolate and crunchy graham cracker creates a sweet and satisfying flavor that is beloved by many, especially during summer camping trips.",
    "Spice Level": 1,
    "Cooking Method": "Roasting over a fire",
    "Preparation Time": 5,
    "Contains Allergens": false
  },
  "OutputCols": {
    "Cuisine Type": "American",
    "Meal Type": "Dessert, Snack",
    "Dietary Preference": "Non-Veg",
    "Protein Rich": false,
    "Pregnancy Safe": true,
    "Diabetic Friendly": false
  }
}