{
  "InputCols": {
    "List of Main Ingredients": "Spinach, Potatoes, Spices",
    "Nutritional Value per Serving": {
      "Calories": 180,
      "Saturated Fat in daily %": 8,
      "Sugar in g": 3,
      "Protein in g": 5,
      "Glycemic Index": 25
    },
    "Region where Dish is Popular": "India",
    "Description": "Saag Aloo is a popular North Indian dish made with spinach, potatoes, and aromatic spices. It is a nutritious vegetarian dish that is flavorful and comforting. The spinach adds a vibrant green color and a boost of vitamins, while the potatoes provide a hearty texture. Saag Aloo is often enjoyed with roti or rice.",
    "Spice Level": 5,
    "Cooking Method": "Stir-fry",
    "Preparation Time": 30,
    "Contains Allergens": false
  },
  "OutputCols": {
    "Cuisine Type": "Indian",
    "Meal Type": "Lunch, Dinner",
    "Dietary Preference": "Veg",
    "Protein Rich": false,
    "Pregnancy Safe": true,
    "Diabetic Friendly": true
  }
}