{
  "InputCols": {
    "List of Main Ingredients": "Veal, Prosciutto, Sage leaves, White wine, Olive oil",
    "Nutritional Value per Serving": {
      "Calories": 320,
      "Saturated Fat in daily %": 20,
      "Sugar in g": 2,
      "Protein in g": 25,
      "Glycemic Index": 30
    },
    "Region where Dish is Popular": "Italy",
    "Description": "Saltimbocca is a traditional Italian dish where tender veal is wrapped in prosciutto and sage leaves, then pan-fried to create a flavorful and elegant main course. The dish is typically served with a white wine sauce infused with the aromatics of sage.",
    "Spice Level": 3,
    "Cooking Method": "Pan-frying",
    "Preparation Time": 30,
    "Contains Allergens": false
  },
  "OutputCols": {
    "Cuisine Type": "Italian",
    "Meal Type": "Lunch, Dinner",
    "Dietary Preference": "Non-Veg",
    "Protein Rich": true,
    "Pregnancy Safe": false,
    "Diabetic Friendly": false
  }
}