{
  "InputCols": {
    "List of Main Ingredients": "Toor dal, tamarind, vegetables (like drumsticks, potatoes, carrots), spices (like coriander, turmeric, cumin), curry leaves",
    "Nutritional Value per Serving": {
      "Calories": 150,
      "Saturated Fat in daily %": 3,
      "Sugar in g": 5,
      "Protein in g": 8,
      "Glycemic Index": 45
    },
    "Region where Dish is Popular": "South India",
    "Description": "Sambar is a traditional South Indian lentil-based stew with vegetables, tangy tamarind, and aromatic spices. It is a popular and flavorful dish often served with rice or idli/dosa.",
    "Spice Level": 5,
    "Cooking Method": "Boiling, Tadka (tempering)",
    "Preparation Time": 40,
    "Contains Allergens": false
  },
  "OutputCols": {
    "Cuisine Type": "South Indian",
    "Meal Type": "Lunch, Dinner",
    "Dietary Preference": "Veg",
    "Protein Rich": true,
    "Pregnancy Safe": true,
    "Diabetic Friendly": true
  }
}