{
  "InputCols": {
    "List of Main Ingredients": "Potatoes, Peas, Spices, Dough",
    "Nutritional Value per Serving": {
      "Calories": 200,
      "Saturated Fat in daily %": 10,
      "Sugar in g": 2,
      "Protein in g": 3,
      "Glycemic Index": 22
    },
    "Region where Dish is Popular": "Indian Subcontinent",
    "Description": "Samosa is a popular Indian snack filled with spiced potatoes and peas, encased in a crispy fried dough. It is a savory treat enjoyed with chutney and is commonly served as street food or appetizers in India.",
    "Spice Level": 7,
    "Cooking Method": "Deep-frying",
    "Preparation Time": 45,
    "Contains Allergens": true
  },
  "OutputCols": {
    "Cuisine Type": "Indian",
    "Meal Type": "Snack",
    "Dietary Preference": "Veg",
    "Protein Rich": false,
    "Pregnancy Safe": false,
    "Diabetic Friendly": false
  }
}