{
  "InputCols": {
    "List of Main Ingredients": "Potatoes, Peas, Chickpeas, Tamarind Chutney, Yogurt, Spices",
    "Nutritional Value per Serving": {
      "Calories": 320,
      "Saturated Fat in daily %": 12,
      "Sugar in g": 8,
      "Protein in g": 6,
      "Glycemic Index": 55
    },
    "Region where Dish is Popular": "India",
    "Description": "Samosa Chaat is a popular Indian street food dish that combines crispy samosas with tangy tamarind chutney, cooling yogurt, and flavorful spices. The contrasting textures and flavors make it a delightful treat for the taste buds.",
    "Spice Level": 7,
    "Cooking Method": "Frying, Mixing",
    "Preparation Time": 45,
    "Contains Allergens": true
  },
  "OutputCols": {
    "Cuisine Type": "Indian",
    "Meal Type": "Snack, Appetizer",
    "Dietary Preference": "Veg",
    "Protein Rich": false,
    "Pregnancy Safe": true,
    "Diabetic Friendly": false
  }
}