{
  "InputCols": {
    "List of Main Ingredients": "Mustard leaves, spinach, green chillies, ginger, garlic",
    "Nutritional Value per Serving": {
      "Calories": 150,
      "Saturated Fat in daily %": 5,
      "Sugar in g": 3,
      "Protein in g": 7,
      "Glycemic Index": 25
    },
    "Region where Dish is Popular": "Punjab, India",
    "Description": "Sarson Da Saag is a traditional Punjabi dish made from mustard leaves and spinach, cooked with aromatic spices like green chillies, ginger, and garlic. It is a healthy and flavorful delicacy enjoyed with makki di roti.",
    "Spice Level": 7,
    "Cooking Method": "Boiling, saut\u00e9ing",
    "Preparation Time": 40,
    "Contains Allergens": false
  },
  "OutputCols": {
    "Cuisine Type": "Indian",
    "Meal Type": "Lunch, Dinner",
    "Dietary Preference": "Veg",
    "Protein Rich": true,
    "Pregnancy Safe": true,
    "Diabetic Friendly": true
  }
}