{
  "InputCols": {
    "List of Main Ingredients": "Vermicelli, vegetables, spices, curry leaves",
    "Nutritional Value per Serving": {
      "Calories": 250,
      "Saturated Fat in daily %": 7,
      "Sugar in g": 5,
      "Protein in g": 6,
      "Glycemic Index": 50
    },
    "Region where Dish is Popular": "South India",
    "Description": "Semiya Upma is a popular South Indian breakfast dish made from vermicelli, mixed with saut\u00e9ed vegetables and seasoned with spices like mustard seeds, curry leaves, and green chilies. It has a light and fluffy texture with a delightful aroma of roasted vermicelli.",
    "Spice Level": 5,
    "Cooking Method": "Sauteing and steaming",
    "Preparation Time": 25,
    "Contains Allergens": false
  },
  "OutputCols": {
    "Cuisine Type": "South Indian",
    "Meal Type": "Breakfast",
    "Dietary Preference": "Veg",
    "Protein Rich": false,
    "Pregnancy Safe": true,
    "Diabetic Friendly": true
  }
}