{
  "InputCols": {
    "List of Main Ingredients": "Chicken, sesame seeds, soy sauce, honey, garlic, ginger",
    "Nutritional Value per Serving": {
      "Calories": 350,
      "Saturated Fat in daily %": 15,
      "Sugar in g": 10,
      "Protein in g": 25,
      "Glycemic Index": 20
    },
    "Region where Dish is Popular": "China",
    "Description": "Sesame Chicken is a popular Chinese dish featuring crispy and tender chicken pieces coated in a sweet and savory sauce made with sesame seeds, soy sauce, honey, garlic, and ginger. It is often served with steamed rice or noodles.",
    "Spice Level": 5,
    "Cooking Method": "Stir-frying",
    "Preparation Time": 30,
    "Contains Allergens": true
  },
  "OutputCols": {
    "Cuisine Type": "Chinese",
    "Meal Type": "Lunch, Dinner",
    "Dietary Preference": "Non-Veg",
    "Protein Rich": true,
    "Pregnancy Safe": false,
    "Diabetic Friendly": false
  }
}