{
  "InputCols": {
    "List of Main Ingredients": "Puri, Sev (fried gram flour vermicelli), Potatoes, Onions, Green Chutney, Tamarind Chutney, Chaat Masala",
    "Nutritional Value per Serving": {
      "Calories": 160,
      "Saturated Fat in daily %": 8,
      "Sugar in g": 6,
      "Protein in g": 3,
      "Glycemic Index": 42
    },
    "Region where Dish is Popular": "India",
    "Description": "Sev Puri is a popular Indian street food snack that consists of crispy puris topped with boiled potatoes, onions, tangy chutneys, and sev (crispy gram flour vermicelli). It offers a burst of flavors with a combination of sweet, tangy, and spicy tastes in every bite.",
    "Spice Level": 5,
    "Cooking Method": "Assembling",
    "Preparation Time": 30,
    "Contains Allergens": true
  },
  "OutputCols": {
    "Cuisine Type": "Indian",
    "Meal Type": "Snack",
    "Dietary Preference": "Vegetarian",
    "Protein Rich": false,
    "Pregnancy Safe": true,
    "Diabetic Friendly": false
  }
}