{
  "InputCols": {
    "List of Main Ingredients": "Paneer, Cream, Tomatoes, Onions, Cashews, Spices",
    "Nutritional Value per Serving": {
      "Calories": 350,
      "Saturated Fat in daily %": 45,
      "Sugar in g": 10,
      "Protein in g": 15,
      "Glycemic Index": 30
    },
    "Region where Dish is Popular": "North India",
    "Description": "Shahi Paneer is a rich and creamy Indian dish made with paneer (Indian cottage cheese) cooked in a luxurious tomato and cream-based gravy, infused with aromatic spices and a hint of sweetness from cashews.",
    "Spice Level": 5,
    "Cooking Method": "Sauteing, Simmering",
    "Preparation Time": 45,
    "Contains Allergens": true
  },
  "OutputCols": {
    "Cuisine Type": "Indian",
    "Meal Type": "Lunch, Dinner",
    "Dietary Preference": "Vegetarian",
    "Protein Rich": true,
    "Pregnancy Safe": true,
    "Diabetic Friendly": false
  }
}