{
  "InputCols": {
    "List of Main Ingredients": "Tomatoes, Bell Peppers, Onions, Eggs",
    "Nutritional Value per Serving": {
      "Calories": 300,
      "Saturated Fat in daily %": 12,
      "Sugar in g": 10,
      "Protein in g": 15,
      "Glycemic Index": 40
    },
    "Region where Dish is Popular": "Middle East/North Africa",
    "Description": "Shakshuka is a flavorful and hearty dish made of poached eggs in a spicy tomato and bell pepper sauce. It's commonly seasoned with cumin, paprika, and chili flakes, giving it a rich and savory taste. Served with crusty bread or pita, Shakshuka is a popular breakfast or brunch dish in the Middle East and North Africa, known for its comforting and warming qualities.",
    "Spice Level": 7,
    "Cooking Method": "Simmering",
    "Preparation Time": 30,
    "Contains Allergens": false
  },
  "OutputCols": {
    "Cuisine Type": "Middle Eastern/North African",
    "Meal Type": "Breakfast, Brunch",
    "Dietary Preference": "Vegetarian",
    "Protein Rich": true,
    "Pregnancy Safe": true,
    "Diabetic Friendly": false
  }
}