{
  "InputCols": {
    "List of Main Ingredients": "Shrimp, Coconut Milk, Curry Paste, Onion, Garlic, Bell Peppers",
    "Nutritional Value per Serving": {
      "Calories": 320,
      "Saturated Fat in daily %": 20,
      "Sugar in g": 6,
      "Protein in g": 25,
      "Glycemic Index": 35
    },
    "Region where Dish is Popular": "South Asia",
    "Description": "Shrimp Curry is a flavorful and spicy dish made with succulent shrimp cooked in a rich coconut-based curry sauce, infused with aromatic spices like curry paste, onion, and garlic. Bell peppers add a colorful touch and extra crunch to the dish. It is a popular South Asian seafood delicacy known for its balance of heat and creaminess.",
    "Spice Level": 7,
    "Cooking Method": "Simmering",
    "Preparation Time": 30,
    "Contains Allergens": true
  },
  "OutputCols": {
    "Cuisine Type": "South Asian",
    "Meal Type": "Lunch, Dinner",
    "Dietary Preference": "Non-Veg",
    "Protein Rich": true,
    "Pregnancy Safe": false,
    "Diabetic Friendly": false
  }
}