{
  "InputCols": {
    "List of Main Ingredients": "Shrimp, Lo Mein noodles, Bell Peppers, Carrots, Soy Sauce, Garlic, Ginger",
    "Nutritional Value per Serving": {
      "Calories": 350,
      "Saturated Fat in daily %": 15,
      "Sugar in g": 8,
      "Protein in g": 25,
      "Glycemic Index": 45
    },
    "Region where Dish is Popular": "China",
    "Description": "Shrimp Lo Mein is a popular Chinese stir-fried noodle dish with a savory sauce, tender shrimp, and crisp vegetables. It offers a perfect balance of umami flavors and textures, making it a favorite in Chinese cuisine.",
    "Spice Level": 4,
    "Cooking Method": "Stir-fry",
    "Preparation Time": 30,
    "Contains Allergens": true
  },
  "OutputCols": {
    "Cuisine Type": "Chinese",
    "Meal Type": "Lunch, Dinner",
    "Dietary Preference": "Non-Veg",
    "Protein Rich": true,
    "Pregnancy Safe": false,
    "Diabetic Friendly": true
  }
}