{
  "InputCols": {
    "List of Main Ingredients": "Dough, Tomato Sauce, Mozzarella Cheese, Olive Oil, Basil, Oregano",
    "Nutritional Value per Serving": {
      "Calories": 285,
      "Saturated Fat in daily %": 21,
      "Sugar in g": 3,
      "Protein in g": 12,
      "Glycemic Index": 50
    },
    "Region where Dish is Popular": "Sicily, Italy",
    "Description": "Sicilian pizza is a thick-crust style pizza originating from Sicily, Italy. It is known for its fluffy dough, rich tomato sauce, gooey mozzarella cheese, and fragrant olive oil, topped with fresh basil and oregano for a burst of flavor.",
    "Spice Level": 2,
    "Cooking Method": "Baked",
    "Preparation Time": 45,
    "Contains Allergens": true
  },
  "OutputCols": {
    "Cuisine Type": "Italian",
    "Meal Type": "Lunch, Dinner",
    "Dietary Preference": "Non-Veg",
    "Protein Rich": true,
    "Pregnancy Safe": true,
    "Diabetic Friendly": false
  }
}