{
  "InputCols": {
    "List of Main Ingredients": "Tomatoes, potatoes, drumsticks, cluster beans",
    "Nutritional Value per Serving": {
      "Calories": 250,
      "Saturated Fat in daily %": 8,
      "Sugar in g": 10,
      "Protein in g": 5,
      "Glycemic Index": 55
    },
    "Region where Dish is Popular": "Sindh, Pakistan",
    "Description": "Sindhi curry is a spicy and tangy dish hailing from the Sindh region of Pakistan. It is a flavorful stew made with a medley of vegetables like tomatoes, potatoes, drumsticks, and cluster beans, simmered in a rich, aromatic gravy with a perfect blend of spices.",
    "Spice Level": 7,
    "Cooking Method": "Simmering",
    "Preparation Time": 45,
    "Contains Allergens": false
  },
  "OutputCols": {
    "Cuisine Type": "Pakistani",
    "Meal Type": "Lunch, Dinner",
    "Dietary Preference": "Veg",
    "Protein Rich": false,
    "Pregnancy Safe": true,
    "Diabetic Friendly": false
  }
}