{
  "InputCols": {
    "List of Main Ingredients": "Chicken, Soy Sauce, Ginger, Garlic, Star Anise",
    "Nutritional Value per Serving": {
      "Calories": 280,
      "Saturated Fat in daily %": 15,
      "Sugar in g": 2,
      "Protein in g": 25,
      "Glycemic Index": 0
    },
    "Region where Dish is Popular": "China",
    "Description": "Soy Sauce Chicken is a classic Chinese dish where chicken is simmered in a flavorful mixture of soy sauce, ginger, garlic, and spices until tender and juicy. It has a savory umami taste with a hint of sweetness from the soy sauce.",
    "Spice Level": 3,
    "Cooking Method": "Simmering",
    "Preparation Time": 60,
    "Contains Allergens": false
  },
  "OutputCols": {
    "Cuisine Type": "Chinese",
    "Meal Type": "Lunch, Dinner",
    "Dietary Preference": "Non-Veg",
    "Protein Rich": true,
    "Pregnancy Safe": true,
    "Diabetic Friendly": false
  }
}