{
  "InputCols": {
    "List of Main Ingredients": "Spaghetti, Ground beef, Parmesan cheese, Bread crumbs, Tomato sauce, Garlic, Onion, Olive oil",
    "Nutritional Value per Serving": {
      "Calories": 560,
      "Saturated Fat in daily %": 40,
      "Sugar in g": 8,
      "Protein in g": 23,
      "Glycemic Index": 55
    },
    "Region where Dish is Popular": "Italy",
    "Description": "Spaghetti with meatballs is a classic Italian-American dish featuring seasoned ground beef meatballs served over a bed of al dente spaghetti pasta, topped with rich tomato sauce and grated parmesan cheese. It's a hearty and satisfying meal that is loved for its comforting flavors and hearty nature.",
    "Spice Level": 3,
    "Cooking Method": "Boiling, Baking, Sauteing",
    "Preparation Time": 60,
    "Contains Allergens": true
  },
  "OutputCols": {
    "Cuisine Type": "Italian-American",
    "Meal Type": "Lunch, Dinner",
    "Dietary Preference": "Non-Veg",
    "Protein Rich": true,
    "Pregnancy Safe": false,
    "Diabetic Friendly": false
  }
}