{
  "InputCols": {
    "List of Main Ingredients": "Spaghetti, Guanciale (or Pancetta), Eggs, Pecorino Cheese, Black Pepper",
    "Nutritional Value per Serving": {
      "Calories": 760,
      "Saturated Fat in daily %": 85,
      "Sugar in g": 4,
      "Protein in g": 26,
      "Glycemic Index": 50
    },
    "Region where Dish is Popular": "Italy",
    "Description": "Spaghetti Carbonara is a classic Italian pasta dish made with simple ingredients like eggs, pecorino cheese, guanciale or pancetta, and black pepper. The creamy sauce is created by mixing eggs with the hot pasta, resulting in a rich and flavorful dish that is beloved worldwide.",
    "Spice Level": 3,
    "Cooking Method": "Pan-frying",
    "Preparation Time": 30,
    "Contains Allergens": false
  },
  "OutputCols": {
    "Cuisine Type": "Italian",
    "Meal Type": "Dinner",
    "Dietary Preference": "Non-Veg",
    "Protein Rich": true,
    "Pregnancy Safe": false,
    "Diabetic Friendly": false
  }
}