{
  "InputCols": {
    "List of Main Ingredients": "Spaghetti, Pancetta, Eggs, Parmesan Cheese, Black Pepper",
    "Nutritional Value per Serving": {
      "Calories": 480,
      "Saturated Fat in daily %": 50,
      "Sugar in g": 2,
      "Protein in g": 21,
      "Glycemic Index": 45
    },
    "Region where Dish is Popular": "Italy",
    "Description": "Spaghetti alla Carbonara is a classic Italian pasta dish originating from Rome. It is a simple yet decadent dish made with spaghetti pasta, crispy pancetta (Italian bacon), eggs, Parmesan cheese, and a generous amount of black pepper. The eggs create a creamy sauce that coats the pasta beautifully, while the pancetta adds a rich and savory flavor to the dish.",
    "Spice Level": 2,
    "Cooking Method": "Boiling, Pan-frying",
    "Preparation Time": 30,
    "Contains Allergens": true
  },
  "OutputCols": {
    "Cuisine Type": "Italian",
    "Meal Type": "Lunch, Dinner",
    "Dietary Preference": "Non-Veg",
    "Protein Rich": true,
    "Pregnancy Safe": false,
    "Diabetic Friendly": false
  }
}