{
  "InputCols": {
    "List of Main Ingredients": "Vegetables, Shrimp, Rice Noodles, Spring Roll Wrappers",
    "Nutritional Value per Serving": {
      "Calories": 100,
      "Saturated Fat in daily %": 5,
      "Sugar in g": 2,
      "Protein in g": 6,
      "Glycemic Index": 50
    },
    "Region where Dish is Popular": "Southeast Asia",
    "Description": "Spring rolls are a popular appetizer in Southeast Asia, typically filled with a mix of fresh vegetables, shrimp, and rice noodles. These rolls are wrapped in thin, translucent spring roll wrappers and are often served with a dipping sauce.",
    "Spice Level": 3,
    "Cooking Method": "Frying",
    "Preparation Time": 30,
    "Contains Allergens": true
  },
  "OutputCols": {
    "Cuisine Type": "Asian",
    "Meal Type": "Appetizer",
    "Dietary Preference": "Non-Veg",
    "Protein Rich": true,
    "Pregnancy Safe": true,
    "Diabetic Friendly": false
  }
}