{
  "InputCols": {
    "List of Main Ingredients": "Fish, Ginger, Garlic, Soy Sauce, Green Onions",
    "Nutritional Value per Serving": {
      "Calories": 200,
      "Saturated Fat in daily %": 5,
      "Sugar in g": 1,
      "Protein in g": 25,
      "Glycemic Index": 0
    },
    "Region where Dish is Popular": "Asia",
    "Description": "Steamed fish is a popular Asian dish where a fresh fish is gently cooked with ginger, garlic, soy sauce, and green onions. The gentle steaming process retains the natural flavors of the fish while infusing it with the aromatics.",
    "Spice Level": 3,
    "Cooking Method": "Steaming",
    "Preparation Time": 20,
    "Contains Allergens": false
  },
  "OutputCols": {
    "Cuisine Type": "Asian",
    "Meal Type": "Lunch, Dinner",
    "Dietary Preference": "Non-Veg",
    "Protein Rich": true,
    "Pregnancy Safe": true,
    "Diabetic Friendly": true
  }
}