{
  "InputCols": {
    "List of Main Ingredients": "Sticky rice, Chinese sausage, dried shrimp, shiitake mushrooms, lotus leaf",
    "Nutritional Value per Serving": {
      "Calories": 320,
      "Saturated Fat in daily %": 15,
      "Sugar in g": 3,
      "Protein in g": 8,
      "Glycemic Index": 45
    },
    "Region where Dish is Popular": "China",
    "Description": "Sticky Rice in Lotus Leaf is a traditional Chinese dish where glutinous rice is infused with the fragrance of lotus leaf. It is typically filled with savory ingredients like Chinese sausage, dried shrimp, and shiitake mushrooms, creating a flavorful and aromatic treat. The rice is steamed inside lotus leaves, imparting a unique earthy essence to the dish.",
    "Spice Level": 3,
    "Cooking Method": "Steaming",
    "Preparation Time": 60,
    "Contains Allergens": true
  },
  "OutputCols": {
    "Cuisine Type": "Chinese",
    "Meal Type": "Lunch, Dinner",
    "Dietary Preference": "Non-Veg",
    "Protein Rich": true,
    "Pregnancy Safe": false,
    "Diabetic Friendly": false
  }
}