{
  "InputCols": {
    "List of Main Ingredients": "Cream cheese, graham crackers, butter, sugar, strawberries",
    "Nutritional Value per Serving": {
      "Calories": 450,
      "Saturated Fat in daily %": 60,
      "Sugar in g": 30,
      "Protein in g": 6,
      "Glycemic Index": 30
    },
    "Region where Dish is Popular": "United States",
    "Description": "Strawberry Cheesecake is a classic dessert consisting of creamy, rich cheesecake filling on a buttery graham cracker crust topped with fresh strawberries. It is a popular and indulgent treat enjoyed in the United States.",
    "Spice Level": 0,
    "Cooking Method": "Baking",
    "Preparation Time": 240,
    "Contains Allergens": true
  },
  "OutputCols": {
    "Cuisine Type": "American",
    "Meal Type": "Dessert",
    "Dietary Preference": "Non-Veg",
    "Protein Rich": false,
    "Pregnancy Safe": false,
    "Diabetic Friendly": false
  }
}