{
  "InputCols": {
    "List of Main Ingredients": "Sushi rice, Nori seaweed, Fish (such as salmon, tuna), Vegetables (such as cucumber, avocado), Soy sauce, Wasabi, Pickled ginger",
    "Nutritional Value per Serving": {
      "Calories": 300,
      "Saturated Fat in daily %": 10,
      "Sugar in g": 3,
      "Protein in g": 20,
      "Glycemic Index": 50
    },
    "Region where Dish is Popular": "Japan",
    "Description": "Sushi rolls are a traditional Japanese dish consisting of vinegared rice and various ingredients such as seafood, vegetables, and sometimes tropical fruits, rolled in seaweed. They are usually served with soy sauce, wasabi, and pickled ginger, offering a unique combination of flavors and textures.",
    "Spice Level": 2,
    "Cooking Method": "Raw and assembly",
    "Preparation Time": 30,
    "Contains Allergens": true
  },
  "OutputCols": {
    "Cuisine Type": "Japanese",
    "Meal Type": "Lunch, Dinner",
    "Dietary Preference": "Non-Veg",
    "Protein Rich": true,
    "Pregnancy Safe": true,
    "Diabetic Friendly": false
  }
}