{
  "InputCols": {
    "List of Main Ingredients": "Pork, Bell Peppers, Pineapple, Onion, Vinegar, Sugar, Soy Sauce",
    "Nutritional Value per Serving": {
      "Calories": 350,
      "Saturated Fat in daily %": 20,
      "Sugar in g": 15,
      "Protein in g": 25,
      "Glycemic Index": 45
    },
    "Region where Dish is Popular": "China",
    "Description": "Sweet and Sour Pork is a popular Chinese dish featuring crispy pork pieces mixed with colorful bell peppers, tangy pineapple chunks, and a sweet-sour sauce. The dish offers a delightful balance of flavors and textures, combining the crunchiness of the pork with the tanginess of the sauce and the sweetness of pineapple.",
    "Spice Level": 3,
    "Cooking Method": "Deep frying and stir-frying",
    "Preparation Time": 45,
    "Contains Allergens": true
  },
  "OutputCols": {
    "Cuisine Type": "Chinese",
    "Meal Type": "Lunch, Dinner",
    "Dietary Preference": "Non-Veg",
    "Protein Rich": true,
    "Pregnancy Safe": false,
    "Diabetic Friendly": false
  }
}