{
  "InputCols": {
    "List of Main Ingredients": "Beef, Szechuan peppercorns, vegetables, soy sauce, ginger, garlic",
    "Nutritional Value per Serving": {
      "Calories": 350,
      "Saturated Fat in daily %": 20,
      "Sugar in g": 8,
      "Protein in g": 25,
      "Glycemic Index": 45
    },
    "Region where Dish is Popular": "Szechuan Province, China",
    "Description": "Szechuan Beef is a popular dish from the Szechuan province of China known for its bold and spicy flavors. Tender slices of beef are stir-fried with Szechuan peppercorns, vegetables, and a savory sauce made from soy sauce, ginger, and garlic. The dish offers a perfect balance of heat and umami flavors.",
    "Spice Level": 8,
    "Cooking Method": "Stir-frying",
    "Preparation Time": 30,
    "Contains Allergens": true
  },
  "OutputCols": {
    "Cuisine Type": "Chinese",
    "Meal Type": "Lunch, Dinner",
    "Dietary Preference": "Non-Veg",
    "Protein Rich": true,
    "Pregnancy Safe": false,
    "Diabetic Friendly": false
  }
}