{
  "InputCols": {
    "List of Main Ingredients": "Pork, Pineapple, Onion, Cilantro, Lime, Corn Tortillas, Spices",
    "Nutritional Value per Serving": {
      "Calories": 280,
      "Saturated Fat in daily %": 12,
      "Sugar in g": 5,
      "Protein in g": 22,
      "Glycemic Index": 50
    },
    "Region where Dish is Popular": "Mexico",
    "Description": "Tacos al Pastor is a traditional Mexican dish with marinated pork, pineapple, onions, and cilantro stuffed in corn tortillas. The pork is marinated with a blend of spices, giving it a unique flavor profile that is both savory and slightly sweet from the pineapple. It is a popular street food in Mexico known for its juicy, tender meat and vibrant colors.",
    "Spice Level": 6,
    "Cooking Method": "Grilling",
    "Preparation Time": 40,
    "Contains Allergens": false
  },
  "OutputCols": {
    "Cuisine Type": "Mexican",
    "Meal Type": "Lunch, Dinner",
    "Dietary Preference": "Non-Veg",
    "Protein Rich": true,
    "Pregnancy Safe": false,
    "Diabetic Friendly": false
  }
}