{
  "InputCols": {
    "List of Main Ingredients": "Chicken, Yogurt, Lemon juice, Ginger, Garlic, Spices",
    "Nutritional Value per Serving": {
      "Calories": 220,
      "Saturated Fat in daily %": 10,
      "Sugar in g": 2,
      "Protein in g": 25,
      "Glycemic Index": 0
    },
    "Region where Dish is Popular": "Indian Subcontinent",
    "Description": "Tandoori Chicken is a popular Indian dish where tender chicken marinated in yogurt and spices is traditionally cooked in a tandoor, resulting in smoky, flavorful chicken with a vibrant red color.",
    "Spice Level": 7,
    "Cooking Method": "Grilling in a Tandoor or Oven",
    "Preparation Time": 60,
    "Contains Allergens": false
  },
  "OutputCols": {
    "Cuisine Type": "Indian",
    "Meal Type": "Lunch, Dinner",
    "Dietary Preference": "Non-Veg",
    "Protein Rich": true,
    "Pregnancy Safe": false,
    "Diabetic Friendly": false
  }
}