{
  "InputCols": {
    "List of Main Ingredients": "Chicken wings, yogurt, spices",
    "Nutritional Value per Serving": {
      "Calories": 250,
      "Saturated Fat in daily %": 15,
      "Sugar in g": 2,
      "Protein in g": 20,
      "Glycemic Index": 0
    },
    "Region where Dish is Popular": "India",
    "Description": "Tandoori Chicken Wings are a popular Indian appetizer marinated in yogurt and a blend of aromatic spices, then grilled to perfection. The dish is known for its smoky flavor and juicy, tender chicken meat with a slight tanginess from the yogurt marinade.",
    "Spice Level": 7,
    "Cooking Method": "Grilling",
    "Preparation Time": 60,
    "Contains Allergens": true
  },
  "OutputCols": {
    "Cuisine Type": "Indian",
    "Meal Type": "Appetizer, Snack",
    "Dietary Preference": "Non-Veg",
    "Protein Rich": true,
    "Pregnancy Safe": false,
    "Diabetic Friendly": false
  }
}