{
  "InputCols": {
    "List of Main Ingredients": "Whole wheat flour, water, salt",
    "Nutritional Value per Serving": {
      "Calories": 104,
      "Saturated Fat in daily %": 0,
      "Sugar in g": 0,
      "Protein in g": 3,
      "Glycemic Index": 30
    },
    "Region where Dish is Popular": "India",
    "Description": "Tandoori Roti is a traditional Indian flatbread cooked in a tandoor (clay oven). It is known for its smoky flavor and is a staple accompaniment to various Indian dishes.",
    "Spice Level": 2,
    "Cooking Method": "Baking in a Tandoor",
    "Preparation Time": 60,
    "Contains Allergens": false
  },
  "OutputCols": {
    "Cuisine Type": "Indian",
    "Meal Type": "Main Course",
    "Dietary Preference": "Veg",
    "Protein Rich": false,
    "Pregnancy Safe": true,
    "Diabetic Friendly": true
  }
}