{
  "InputCols": {
    "List of Main Ingredients": "Basmati rice, mixed vegetables (bell peppers, peas, carrots), tomatoes, onions, pav bhaji masala, cumin seeds, green chilies, garlic, ginger, cilantro",
    "Nutritional Value per Serving": {
      "Calories": 350,
      "Saturated Fat in daily %": 8,
      "Sugar in g": 5,
      "Protein in g": 6,
      "Glycemic Index": 50
    },
    "Region where Dish is Popular": "Mumbai, India",
    "Description": "Tawa Pulao is a popular and flavorful Indian street food dish originating from Mumbai. It is made by stir-frying cooked rice with a spicy mixture of vegetables, pav bhaji masala, and aromatic spices. The dish offers a burst of flavors with a mix of crunchy vegetables and tangy spices, making it a satisfying and wholesome meal.",
    "Spice Level": 7,
    "Cooking Method": "Stir-frying",
    "Preparation Time": 30,
    "Contains Allergens": false
  },
  "OutputCols": {
    "Cuisine Type": "Indian",
    "Meal Type": "Lunch, Dinner",
    "Dietary Preference": "Veg",
    "Protein Rich": false,
    "Pregnancy Safe": true,
    "Diabetic Friendly": false
  }
}