{
  "InputCols": {
    "List of Main Ingredients": "Beef Brisket, Salt, Black Pepper, Paprika, Brown Sugar",
    "Nutritional Value per Serving": {
      "Calories": 350,
      "Saturated Fat in daily %": 35,
      "Sugar in g": 5,
      "Protein in g": 25,
      "Glycemic Index": 0
    },
    "Region where Dish is Popular": "Texas, USA",
    "Description": "Texas brisket is a classic dish known for its bold flavors and tender, smoky meat. The beef brisket is seasoned with a savory dry rub, slow-cooked to perfection, and often served with traditional BBQ sides like coleslaw and cornbread.",
    "Spice Level": 5,
    "Cooking Method": "Smoking",
    "Preparation Time": 480,
    "Contains Allergens": false
  },
  "OutputCols": {
    "Cuisine Type": "American",
    "Meal Type": "Lunch, Dinner",
    "Dietary Preference": "Non-Veg",
    "Protein Rich": true,
    "Pregnancy Safe": false,
    "Diabetic Friendly": false
  }
}