{
  "InputCols": {
    "List of Main Ingredients": "Urad dal, Curd, Green Chilies, Curry Leaves, Mustard Seeds, Ginger",
    "Nutritional Value per Serving": {
      "Calories": 150,
      "Saturated Fat in daily %": 3,
      "Sugar in g": 2,
      "Protein in g": 7,
      "Glycemic Index": 30
    },
    "Region where Dish is Popular": "South India",
    "Description": "Thayir Vadai is a popular South Indian dish where deep-fried lentil fritters are soaked in seasoned yogurt. It offers a delightful blend of crispy vadas with creamy and tangy yogurt, garnished with mustard seeds, curry leaves, and green chillies.",
    "Spice Level": 4,
    "Cooking Method": "Deep-Fried and Soaked in Yogurt",
    "Preparation Time": 40,
    "Contains Allergens": true
  },
  "OutputCols": {
    "Cuisine Type": "South Indian",
    "Meal Type": "Snack",
    "Dietary Preference": "Vegetarian",
    "Protein Rich": true,
    "Pregnancy Safe": true,
    "Diabetic Friendly": false
  }
}