{
  "InputCols": {
    "List of Main Ingredients": "Til (Sesame Seeds), Red Chili, Garlic, Tamarind, Jaggery, Salt",
    "Nutritional Value per Serving": {
      "Calories": 60,
      "Saturated Fat in daily %": 2,
      "Sugar in g": 4,
      "Protein in g": 1,
      "Glycemic Index": 15
    },
    "Region where Dish is Popular": "India",
    "Description": "Til Ki Chutney is a tangy and spicy condiment made from sesame seeds, red chili, garlic, tamarind, and jaggery. It pairs well with Indian snacks like samosas or pakoras, adding a burst of flavors to the palate.",
    "Spice Level": 6,
    "Cooking Method": "Grinding and Tempering",
    "Preparation Time": 20,
    "Contains Allergens": false
  },
  "OutputCols": {
    "Cuisine Type": "Indian",
    "Meal Type": "Snack, Side Dish",
    "Dietary Preference": "Veg",
    "Protein Rich": false,
    "Pregnancy Safe": true,
    "Diabetic Friendly": true
  }
}