{
  "InputCols": {
    "List of Main Ingredients": "Ladyfingers, Mascarpone cheese, Eggs, Sugar, Coffee, Cocoa powder",
    "Nutritional Value per Serving": {
      "Calories": 452,
      "Saturated Fat in daily %": 53,
      "Sugar in g": 26,
      "Protein in g": 6,
      "Glycemic Index": 50
    },
    "Region where Dish is Popular": "Italy",
    "Description": "Tiramisu is a classic Italian dessert layered with coffee-soaked ladyfingers and a rich, creamy mixture of mascarpone, eggs, and sugar. It is dusted with cocoa powder for a finishing touch, creating a decadent and flavorful dessert that is beloved worldwide.",
    "Spice Level": 2,
    "Cooking Method": "No-Bake",
    "Preparation Time": 30,
    "Contains Allergens": true
  },
  "OutputCols": {
    "Cuisine Type": "Italian",
    "Meal Type": "Dessert",
    "Dietary Preference": "Non-Veg",
    "Protein Rich": false,
    "Pregnancy Safe": false,
    "Diabetic Friendly": false
  }
}