{
  "InputCols": {
    "List of Main Ingredients": "lemongrass, galangal, kaffir lime leaves, chili peppers, shrimp, mushrooms, lime juice",
    "Nutritional Value per Serving": {
      "Calories": 150,
      "Saturated Fat in daily %": 10,
      "Sugar in g": 3,
      "Protein in g": 15,
      "Glycemic Index": 45
    },
    "Region where Dish is Popular": "Thailand",
    "Description": "Tom Yum Soup is a bold and aromatic Thai soup with a spicy, sour, and tangy flavor profile. It is loaded with fragrant herbs, succulent shrimp, mushrooms, and a hint of citrus from lime juice. This soup is known for its refreshing and invigorating taste.",
    "Spice Level": 8,
    "Cooking Method": "Boiling",
    "Preparation Time": 30,
    "Contains Allergens": false
  },
  "OutputCols": {
    "Cuisine Type": "Thai",
    "Meal Type": "Lunch, Dinner",
    "Dietary Preference": "Non-Veg",
    "Protein Rich": true,
    "Pregnancy Safe": true,
    "Diabetic Friendly": false
  }
}