{
  "InputCols": {
    "List of Main Ingredients": "Tomatoes, Rice, Onions, Green Peas, Spices",
    "Nutritional Value per Serving": {
      "Calories": 200,
      "Saturated Fat in daily %": 8,
      "Sugar in g": 5,
      "Protein in g": 4,
      "Glycemic Index": 50
    },
    "Region where Dish is Popular": "South India",
    "Description": "Tomato rice is a flavorful South Indian rice dish made with tomatoes, spices, and rice. It is tangy, aromatic, and a popular lunchbox option. The dish is known for its vibrant color and rich taste derived from the blend of tomatoes and spices.",
    "Spice Level": 6,
    "Cooking Method": "Saut\u00e9ing and simmering",
    "Preparation Time": 30,
    "Contains Allergens": false
  },
  "OutputCols": {
    "Cuisine Type": "South Indian",
    "Meal Type": "Lunch, Dinner",
    "Dietary Preference": "Veg",
    "Protein Rich": false,
    "Pregnancy Safe": true,
    "Diabetic Friendly": true
  }
}