{
  "InputCols": {
    "List of Main Ingredients": "Tomatoes, Toor Dal, Tamarind, Rasam Powder, Garlic, Pepper, Cumin, Curry Leaves",
    "Nutritional Value per Serving": {
      "Calories": 100,
      "Saturated Fat in daily %": 5,
      "Sugar in g": 5,
      "Protein in g": 4,
      "Glycemic Index": 35
    },
    "Region where Dish is Popular": "South India",
    "Description": "Tomato Rasam is a tangy South Indian soup made with tomatoes, tamarind, and a special blend of spices. It is known for its comforting and digestive properties, often served with rice or enjoyed as a light soup. The flavors are a perfect balance of tangy and spicy, making it a popular dish in the South Indian cuisine.",
    "Spice Level": 6,
    "Cooking Method": "Boiling and Tempering",
    "Preparation Time": 30,
    "Contains Allergens": false
  },
  "OutputCols": {
    "Cuisine Type": "South Indian",
    "Meal Type": "Lunch, Dinner",
    "Dietary Preference": "Veg",
    "Protein Rich": true,
    "Pregnancy Safe": true,
    "Diabetic Friendly": true
  }
}