{
  "InputCols": {
    "List of Main Ingredients": "Tomatoes, Yogurt, Coconut, Green Chilies, Mustard Seeds, Curry Leaves",
    "Nutritional Value per Serving": {
      "Calories": 120,
      "Saturated Fat in daily %": 5,
      "Sugar in g": 10,
      "Protein in g": 4,
      "Glycemic Index": 35
    },
    "Region where Dish is Popular": "South India",
    "Description": "Tomato Pachadi is a traditional South Indian side dish made with ripe tomatoes, yogurt, and coconut. It has a tangy and spicy flavor with a hint of sweetness from the tomatoes. This dish is often served as a condiment with rice and adds a refreshing element to the meal. The tempering of mustard seeds and curry leaves enhances the overall taste of the dish.",
    "Spice Level": 7,
    "Cooking Method": "Sauteing and Mixing",
    "Preparation Time": 25,
    "Contains Allergens": false
  },
  "OutputCols": {
    "Cuisine Type": "South Indian",
    "Meal Type": "Side Dish",
    "Dietary Preference": "Veg",
    "Protein Rich": false,
    "Pregnancy Safe": true,
    "Diabetic Friendly": true
  }
}