{
  "InputCols": {
    "List of Main Ingredients": "Tomatoes, onions, garlic, ginger, green chilies, mustard seeds, curry leaves",
    "Nutritional Value per Serving": {
      "Calories": 50,
      "Saturated Fat in daily %": 2,
      "Sugar in g": 8,
      "Protein in g": 1,
      "Glycemic Index": 15
    },
    "Region where Dish is Popular": "India",
    "Description": "Tomato chutney is a tangy and spicy condiment made from tomatoes saut\u00e9ed with onions, garlic, and a blend of Indian spices. It is a versatile side dish or dip that complements various Indian meals.",
    "Spice Level": 7,
    "Cooking Method": "Saut\u00e9ing",
    "Preparation Time": 25,
    "Contains Allergens": false
  },
  "OutputCols": {
    "Cuisine Type": "Indian",
    "Meal Type": "Side Dish, Condiment",
    "Dietary Preference": "Veg",
    "Protein Rich": false,
    "Pregnancy Safe": true,
    "Diabetic Friendly": true
  }
}