{
  "InputCols": {
    "List of Main Ingredients": "Pasta, Meat, Broth, Parmesan Cheese",
    "Nutritional Value per Serving": {
      "Calories": 250,
      "Saturated Fat in daily %": 20,
      "Sugar in g": 2,
      "Protein in g": 15,
      "Glycemic Index": 45
    },
    "Region where Dish is Popular": "Italy",
    "Description": "Tortellini in Brodo is a classic Italian dish consisting of small, stuffed pasta parcels served in a clear, flavorful broth. The rich umami taste of the broth complements the savory meat-filled tortellini, creating a comforting and satisfying meal.",
    "Spice Level": 2,
    "Cooking Method": "Boiling",
    "Preparation Time": 30,
    "Contains Allergens": true
  },
  "OutputCols": {
    "Cuisine Type": "Italian",
    "Meal Type": "Lunch, Dinner",
    "Dietary Preference": "Non-Veg",
    "Protein Rich": true,
    "Pregnancy Safe": false,
    "Diabetic Friendly": false
  }
}