{
  "InputCols": {
    "List of Main Ingredients": "Flour, sugar, eggs, milk, vanilla extract",
    "Nutritional Value per Serving": {
      "Calories": 300,
      "Saturated Fat in daily %": 18,
      "Sugar in g": 30,
      "Protein in g": 5,
      "Glycemic Index": 45
    },
    "Region where Dish is Popular": "Latin America",
    "Description": "Tres Leches Cake is a decadent dessert soaked in three types of milk, providing a moist and rich flavor. The cake is light and airy, topped with whipped cream or meringue for a delightful finish.",
    "Spice Level": 2,
    "Cooking Method": "Baking",
    "Preparation Time": 60,
    "Contains Allergens": true
  },
  "OutputCols": {
    "Cuisine Type": "Latin American",
    "Meal Type": "Dessert",
    "Dietary Preference": "Non-Veg",
    "Protein Rich": false,
    "Pregnancy Safe": false,
    "Diabetic Friendly": false
  }
}