{
  "InputCols": {
    "List of Main Ingredients": "Turnip, Rice Flour, Chinese Sausage, Dried Shrimp, Scallions",
    "Nutritional Value per Serving": {
      "Calories": 220,
      "Saturated Fat in daily %": 12,
      "Sugar in g": 5,
      "Protein in g": 6,
      "Glycemic Index": 50
    },
    "Region where Dish is Popular": "China",
    "Description": "Turnip Cake is a traditional Chinese dish made from shredded turnips, rice flour, Chinese sausage, and dried shrimp. It is steamed until firm, then pan-fried for a crispy outer layer. The dish is savory with umami flavors from the sausage and shrimp, and a hint of sweetness from the turnip. It is commonly served during Chinese New Year celebrations and dim sum meals.",
    "Spice Level": 3,
    "Cooking Method": "Steaming and Pan-Frying",
    "Preparation Time": 60,
    "Contains Allergens": true
  },
  "OutputCols": {
    "Cuisine Type": "Chinese",
    "Meal Type": "Breakfast, Brunch, Snack",
    "Dietary Preference": "Non-Veg",
    "Protein Rich": true,
    "Pregnancy Safe": false,
    "Diabetic Friendly": true
  }
}