{
  "InputCols": {
    "List of Main Ingredients": "Udon noodles, broth, vegetables (such as mushrooms, bok choy, and green onions), protein (such as tofu, chicken, or shrimp)",
    "Nutritional Value per Serving": {
      "Calories": 250,
      "Saturated Fat in daily %": 8,
      "Sugar in g": 5,
      "Protein in g": 10,
      "Glycemic Index": 45
    },
    "Region where Dish is Popular": "Japan",
    "Description": "Udon is a popular Japanese noodle soup dish consisting of thick wheat noodles served in a savory broth, often with various vegetables and protein toppings. It is a comforting and hearty meal enjoyed across Japan.",
    "Spice Level": 2,
    "Cooking Method": "Boiling",
    "Preparation Time": 30,
    "Contains Allergens": false
  },
  "OutputCols": {
    "Cuisine Type": "Japanese",
    "Meal Type": "Lunch, Dinner",
    "Dietary Preference": "Non-Veg",
    "Protein Rich": true,
    "Pregnancy Safe": true,
    "Diabetic Friendly": false
  }
}