{
  "InputCols": {
    "List of Main Ingredients": "Toor dal, vegetables (like drumsticks, pumpkin, brinjal), tamarind, sambar powder, curry leaves",
    "Nutritional Value per Serving": {
      "Calories": 150,
      "Saturated Fat in daily %": 5,
      "Sugar in g": 5,
      "Protein in g": 7,
      "Glycemic Index": 45
    },
    "Region where Dish is Popular": "Udupi, Karnataka, India",
    "Description": "Udupi Sambar is a South Indian lentil-based vegetable stew made with a blend of spices, tamarind, and a variety of vegetables. It is known for its slightly sweet and tangy flavor, often served with rice or idli. The dish originates from the Udupi cuisine of Karnataka, India.",
    "Spice Level": 4,
    "Cooking Method": "Pressure cooking, tempering",
    "Preparation Time": 40,
    "Contains Allergens": false
  },
  "OutputCols": {
    "Cuisine Type": "South Indian",
    "Meal Type": "Lunch, Dinner",
    "Dietary Preference": "Veg",
    "Protein Rich": true,
    "Pregnancy Safe": true,
    "Diabetic Friendly": true
  }
}