{
  "InputCols": {
    "List of Main Ingredients": "Purple yam, green beans, raw banana, baby eggplants, potatoes, sweet potatoes, Surti papdi (Indian flat beans), small brinjals, methi muthia (fenugreek dumplings), spices, coconut, and sesame seeds",
    "Nutritional Value per Serving": {
      "Calories": 350,
      "Saturated Fat in daily %": 5,
      "Sugar in g": 12,
      "Protein in g": 8,
      "Glycemic Index": 50
    },
    "Region where Dish is Popular": "Gujarat, India",
    "Description": "Undhiyu is a traditional Gujarati mixed vegetable dish that is a specialty during the winter season. It is made with a variety of winter vegetables, spices, and dumplings like methi muthia, simmered in a rich coconut and sesame-based gravy. Undhiyu is a flavorful and hearty dish that is usually enjoyed during festive occasions like Makar Sankranti.",
    "Spice Level": 7,
    "Cooking Method": "Simmering and Stir-frying",
    "Preparation Time": 60,
    "Contains Allergens": false
  },
  "OutputCols": {
    "Cuisine Type": "Indian",
    "Meal Type": "Lunch, Dinner",
    "Dietary Preference": "Veg",
    "Protein Rich": true,
    "Pregnancy Safe": true,
    "Diabetic Friendly": false
  }
}