{
  "InputCols": {
    "List of Main Ingredients": "Semolina, vegetables, spices",
    "Nutritional Value per Serving": {
      "Calories": 250,
      "Saturated Fat in daily %": 5,
      "Sugar in g": 3,
      "Protein in g": 6,
      "Glycemic Index": 50
    },
    "Region where Dish is Popular": "India",
    "Description": "Upma is a traditional South Indian dish made from roasted semolina and mixed with saut\u00e9ed vegetables and spices. It is a savory and satisfying breakfast or snack option.",
    "Spice Level": 4,
    "Cooking Method": "Stir-frying and steaming",
    "Preparation Time": 30,
    "Contains Allergens": false
  },
  "OutputCols": {
    "Cuisine Type": "Indian",
    "Meal Type": "Breakfast, Snack",
    "Dietary Preference": "Veg",
    "Protein Rich": false,
    "Pregnancy Safe": true,
    "Diabetic Friendly": true
  }
}