{
  "InputCols": {
    "List of Main Ingredients": "Semolina, vegetables, spices",
    "Nutritional Value per Serving": {
      "Calories": 220,
      "Saturated Fat in daily %": 8,
      "Sugar in g": 4,
      "Protein in g": 6,
      "Glycemic Index": 50
    },
    "Region where Dish is Popular": "South India",
    "Description": "Uppittu, also known as Upma, is a savory South Indian breakfast dish made from dry roasted semolina and mixed with saut\u00e9ed vegetables and spices. It is typically enjoyed with a side of coconut chutney or pickles.",
    "Spice Level": 5,
    "Cooking Method": "Sauteing and steaming",
    "Preparation Time": 25,
    "Contains Allergens": false
  },
  "OutputCols": {
    "Cuisine Type": "South Indian",
    "Meal Type": "Breakfast",
    "Dietary Preference": "Veg",
    "Protein Rich": false,
    "Pregnancy Safe": true,
    "Diabetic Friendly": true
  }
}