{
  "InputCols": {
    "List of Main Ingredients": "Flour, sugar, butter, eggs, pineapple slices, maraschino cherries",
    "Nutritional Value per Serving": {
      "Calories": 350,
      "Saturated Fat in daily %": 20,
      "Sugar in g": 25,
      "Protein in g": 4,
      "Glycemic Index": 55
    },
    "Region where Dish is Popular": "United States",
    "Description": "Upside-Down Cake is a classic American dessert where fruit, typically pineapple rings or slices, are placed on the bottom of the cake pan with a topping of butter and brown sugar. The cake batter is poured over the fruit and baked until golden brown. When flipped upside down after baking, the fruit becomes a caramelized topping. This sweet and fruity cake is perfect for all occasions, from casual gatherings to celebrations.",
    "Spice Level": 2,
    "Cooking Method": "Baking",
    "Preparation Time": 60,
    "Contains Allergens": true
  },
  "OutputCols": {
    "Cuisine Type": "American",
    "Meal Type": "Dessert",
    "Dietary Preference": "Non-Veg",
    "Protein Rich": false,
    "Pregnancy Safe": true,
    "Diabetic Friendly": false
  }
}