{
  "InputCols": {
    "List of Main Ingredients": "Urad Dal, spices, water, oil",
    "Nutritional Value per Serving": {
      "Calories": 235,
      "Saturated Fat in daily %": 4,
      "Sugar in g": 1,
      "Protein in g": 12,
      "Glycemic Index": 43
    },
    "Region where Dish is Popular": "India",
    "Description": "Urad Dal is a popular Indian dish made with black lentils, spices, and seasonings. It is rich in protein and fiber, making it a nutritious and hearty meal. The dal is simmered to a creamy consistency and can be enjoyed with rice or flatbreads.",
    "Spice Level": 5,
    "Cooking Method": "Boiling and simmering",
    "Preparation Time": 45,
    "Contains Allergens": false
  },
  "OutputCols": {
    "Cuisine Type": "Indian",
    "Meal Type": "Lunch, Dinner",
    "Dietary Preference": "Veg",
    "Protein Rich": true,
    "Pregnancy Safe": true,
    "Diabetic Friendly": true
  }
}