{
  "InputCols": {
    "List of Main Ingredients": "Rice, Lentils, Onions, Tomatoes, Green Chilies, Cilantro",
    "Nutritional Value per Serving": {
      "Calories": 250,
      "Saturated Fat in daily %": 8,
      "Sugar in g": 2,
      "Protein in g": 6,
      "Glycemic Index": 50
    },
    "Region where Dish is Popular": "South India",
    "Description": "Uttapam is a popular South Indian dish made from a fermented batter of rice and lentils. It is topped with onions, tomatoes, green chilies, and cilantro, and is cooked on a griddle to a golden brown perfection. Uttapam is known for its soft and spongy texture with a slightly tangy flavor.",
    "Spice Level": 4,
    "Cooking Method": "Griddling",
    "Preparation Time": 30,
    "Contains Allergens": false
  },
  "OutputCols": {
    "Cuisine Type": "South Indian",
    "Meal Type": "Breakfast, Snack",
    "Dietary Preference": "Veg",
    "Protein Rich": false,
    "Pregnancy Safe": true,
    "Diabetic Friendly": true
  }
}