{
  "InputCols": {
    "List of Main Ingredients": "Potatoes, Gram Flour, Pav (bread rolls), Green Chilies, Garlic, Mustard Seeds",
    "Nutritional Value per Serving": {
      "Calories": 300,
      "Saturated Fat in daily %": 10,
      "Sugar in g": 5,
      "Protein in g": 6,
      "Glycemic Index": 30
    },
    "Region where Dish is Popular": "Maharashtra, India",
    "Description": "Vada Pav is a popular street food in Maharashtra, consisting of a spicy potato fritter (vada) sandwiched between pav bread, accompanied by chutneys and fried green chili. It is flavorful, satisfying, and a staple snack for many in the region.",
    "Spice Level": 7,
    "Cooking Method": "Frying",
    "Preparation Time": 45,
    "Contains Allergens": true
  },
  "OutputCols": {
    "Cuisine Type": "Indian",
    "Meal Type": "Snack",
    "Dietary Preference": "Vegetarian",
    "Protein Rich": false,
    "Pregnancy Safe": true,
    "Diabetic Friendly": false
  }
}