{
  "InputCols": {
    "List of Main Ingredients": "Urad Dal, Black Pepper, Curry Leaves",
    "Nutritional Value per Serving": {
      "Calories": 120,
      "Saturated Fat in daily %": 8,
      "Sugar in g": 1,
      "Protein in g": 4,
      "Glycemic Index": 30
    },
    "Region where Dish is Popular": "South India",
    "Description": "Vada is a popular South Indian snack made from a batter of urad dal and spices, deep-fried to a crispy texture. It is typically served with chutneys or sambar.",
    "Spice Level": 4,
    "Cooking Method": "Deep-frying",
    "Preparation Time": 90,
    "Contains Allergens": true
  },
  "OutputCols": {
    "Cuisine Type": "South Indian",
    "Meal Type": "Snack",
    "Dietary Preference": "Veg",
    "Protein Rich": true,
    "Pregnancy Safe": true,
    "Diabetic Friendly": false
  }
}