{
  "InputCols": {
    "List of Main Ingredients": "Milk, Cream, Eggs, Sugar, Vanilla",
    "Nutritional Value per Serving": {
      "Calories": 250,
      "Saturated Fat in daily %": 35,
      "Sugar in g": 20,
      "Protein in g": 6,
      "Glycemic Index": 30
    },
    "Region where Dish is Popular": "Global",
    "Description": "Vanilla Custard is a classic dessert made with a smooth, creamy mixture of milk, eggs, sugar, and vanilla. It is often served chilled and is popular worldwide for its light and indulgent flavor.",
    "Spice Level": 1,
    "Cooking Method": "Baking",
    "Preparation Time": 60,
    "Contains Allergens": true
  },
  "OutputCols": {
    "Cuisine Type": "Dessert",
    "Meal Type": "Dessert",
    "Dietary Preference": "Non-Veg",
    "Protein Rich": false,
    "Pregnancy Safe": true,
    "Diabetic Friendly": false
  }
}