{
  "InputCols": {
    "List of Main Ingredients": "Toor dal, rice, ghee, cumin seeds, turmeric, green chilies, curry leaves",
    "Nutritional Value per Serving": {
      "Calories": 300,
      "Saturated Fat in daily %": 8,
      "Sugar in g": 2,
      "Protein in g": 10,
      "Glycemic Index": 45
    },
    "Region where Dish is Popular": "Maharashtra, India",
    "Description": "Varan Bhaat is a traditional Maharashtrian dish consisting of plain, aromatic lentil curry made from toor dal served with steamed rice. It is a comforting and nutritious meal with a delicate balance of flavors.",
    "Spice Level": 4,
    "Cooking Method": "Pressure cooking",
    "Preparation Time": 40,
    "Contains Allergens": false
  },
  "OutputCols": {
    "Cuisine Type": "Indian",
    "Meal Type": "Lunch, Dinner",
    "Dietary Preference": "Veg",
    "Protein Rich": true,
    "Pregnancy Safe": true,
    "Diabetic Friendly": true
  }
}