{
  "InputCols": {
    "List of Main Ingredients": "Veal, Marsala wine, Mushrooms, Butter, Olive oil, Garlic, Shallots",
    "Nutritional Value per Serving": {
      "Calories": 380,
      "Saturated Fat in daily %": 32,
      "Sugar in g": 4,
      "Protein in g": 34,
      "Glycemic Index": 20
    },
    "Region where Dish is Popular": "Italy",
    "Description": "Veal Marsala is a classic Italian dish featuring tender veal cooked with Marsala wine, earthy mushrooms, and flavorful garlic and shallots. It is rich, savory, and a true delight for the taste buds.",
    "Spice Level": 3,
    "Cooking Method": "Saut\u00e9ed",
    "Preparation Time": 40,
    "Contains Allergens": true
  },
  "OutputCols": {
    "Cuisine Type": "Italian",
    "Meal Type": "Dinner",
    "Dietary Preference": "Non-Veg",
    "Protein Rich": true,
    "Pregnancy Safe": false,
    "Diabetic Friendly": false
  }
}