{
  "InputCols": {
    "List of Main Ingredients": "Mixed vegetables (e.g. potatoes, carrots, bell peppers, peas)",
    "Nutritional Value per Serving": {
      "Calories": 250,
      "Saturated Fat in daily %": 8,
      "Sugar in g": 6,
      "Protein in g": 8,
      "Glycemic Index": 45
    },
    "Region where Dish is Popular": "Maharashtra, India",
    "Description": "Veg Kolhapuri is a spicy and flavorful vegetable curry made with a mix of vegetables in a rich and aromatic gravy. It is a popular dish from the Kolhapur region of Maharashtra, known for its bold flavors and vibrant color.",
    "Spice Level": 8,
    "Cooking Method": "Stovetop cooking",
    "Preparation Time": 40,
    "Contains Allergens": false
  },
  "OutputCols": {
    "Cuisine Type": "Indian",
    "Meal Type": "Lunch, Dinner",
    "Dietary Preference": "Veg",
    "Protein Rich": true,
    "Pregnancy Safe": true,
    "Diabetic Friendly": false
  }
}