{
  "InputCols": {
    "List of Main Ingredients": "Rice, mixed vegetables, spices, yogurt",
    "Nutritional Value per Serving": {
      "Calories": 350,
      "Saturated Fat in daily %": 8,
      "Sugar in g": 5,
      "Protein in g": 6,
      "Glycemic Index": 50
    },
    "Region where Dish is Popular": "Indian subcontinent",
    "Description": "Vegetable Biryani is a flavorful and aromatic rice dish loaded with mixed vegetables and an array of spices. It is a popular vegetarian option in the Indian subcontinent known for its rich taste and colorful presentation.",
    "Spice Level": 7,
    "Cooking Method": "Layering and slow cooking",
    "Preparation Time": 60,
    "Contains Allergens": false
  },
  "OutputCols": {
    "Cuisine Type": "Indian",
    "Meal Type": "Lunch, Dinner",
    "Dietary Preference": "Veg",
    "Protein Rich": false,
    "Pregnancy Safe": true,
    "Diabetic Friendly": false
  }
}