{
  "InputCols": {
    "List of Main Ingredients": "Mixed vegetables (e.g., onions, potatoes, spinach)",
    "Nutritional Value per Serving": {
      "Calories": 150,
      "Saturated Fat in daily %": 10,
      "Sugar in g": 3,
      "Protein in g": 5,
      "Glycemic Index": 35
    },
    "Region where Dish is Popular": "South Asia",
    "Description": "Vegetable Pakora is a popular Indian snack made by deep-frying mixed vegetable fritters in a spiced gram flour batter. It is crispy on the outside and soft on the inside, often served with chutney or ketchup.",
    "Spice Level": 7,
    "Cooking Method": "Deep-frying",
    "Preparation Time": 30,
    "Contains Allergens": true
  },
  "OutputCols": {
    "Cuisine Type": "Indian",
    "Meal Type": "Snack",
    "Dietary Preference": "Veg",
    "Protein Rich": false,
    "Pregnancy Safe": true,
    "Diabetic Friendly": false
  }
}