{
  "InputCols": {
    "List of Main Ingredients": "Mixed vegetables, bell peppers, onions, tomatoes, spices",
    "Nutritional Value per Serving": {
      "Calories": 180,
      "Saturated Fat in daily %": 5,
      "Sugar in g": 8,
      "Protein in g": 5,
      "Glycemic Index": 50
    },
    "Region where Dish is Popular": "Indian subcontinent",
    "Description": "Vegetable Jalfrezi is a flavorful Indian curry dish made with an assortment of fresh vegetables and spices, cooked to perfection in a tangy tomato-based sauce.",
    "Spice Level": 7,
    "Cooking Method": "Stir-frying",
    "Preparation Time": 30,
    "Contains Allergens": false
  },
  "OutputCols": {
    "Cuisine Type": "Indian",
    "Meal Type": "Lunch, Dinner",
    "Dietary Preference": "Veg",
    "Protein Rich": true,
    "Pregnancy Safe": true,
    "Diabetic Friendly": true
  }
}