{
  "InputCols": {
    "List of Main Ingredients": "Vegetable patty, whole wheat bun, lettuce, tomato, onion, pickles, condiments",
    "Nutritional Value per Serving": {
      "Calories": 250,
      "Saturated Fat in daily %": 6,
      "Sugar in g": 5,
      "Protein in g": 12,
      "Glycemic Index": 50
    },
    "Region where Dish is Popular": "Global",
    "Description": "The Veggie Burger is a plant-based burger featuring a flavorful vegetable patty made from a blend of vegetables and legumes, paired with fresh toppings like lettuce, tomato, onion, and pickles, all sandwiched between a whole wheat bun. It is a nutritious and delicious meatless alternative popular among vegetarians and health-conscious individuals.",
    "Spice Level": 2,
    "Cooking Method": "Grilling or pan-searing",
    "Preparation Time": 30,
    "Contains Allergens": true
  },
  "OutputCols": {
    "Cuisine Type": "Plant-based",
    "Meal Type": "Lunch, Dinner",
    "Dietary Preference": "Veg",
    "Protein Rich": true,
    "Pregnancy Safe": true,
    "Diabetic Friendly": true
  }
}