{
  "InputCols": {
    "List of Main Ingredients": "Rice, Lentils, Ghee, Cumin seeds, Black pepper, Ginger",
    "Nutritional Value per Serving": {
      "Calories": 250,
      "Saturated Fat in daily %": 15,
      "Sugar in g": 2,
      "Protein in g": 8,
      "Glycemic Index": 42
    },
    "Region where Dish is Popular": "South India",
    "Description": "Ven Pongal is a traditional South Indian breakfast dish made with rice and lentils, subtly spiced with cumin seeds, black pepper, and ginger, and cooked to a creamy consistency with ghee. It is a comforting and wholesome meal often served with coconut chutney and sambar.",
    "Spice Level": 3,
    "Cooking Method": "Boiling and tempering",
    "Preparation Time": 40,
    "Contains Allergens": false
  },
  "OutputCols": {
    "Cuisine Type": "South Indian",
    "Meal Type": "Breakfast",
    "Dietary Preference": "Veg",
    "Protein Rich": true,
    "Pregnancy Safe": true,
    "Diabetic Friendly": true
  }
}