{
  "InputCols": {
    "List of Main Ingredients": "Okra, Tamarind, Sambar Powder, Coconut Oil, Mustard Seeds, Fenugreek Seeds, Curry Leaves, Onions, Tomatoes",
    "Nutritional Value per Serving": {
      "Calories": 150,
      "Saturated Fat in daily %": 5,
      "Sugar in g": 8,
      "Protein in g": 3,
      "Glycemic Index": 25
    },
    "Region where Dish is Popular": "Tamil Nadu, India",
    "Description": "Vendakkai Puli Kuzhambu is a tangy South Indian curry made with okra cooked in a tamarind gravy seasoned with traditional spices. It is a flavorful dish that is a staple in Tamil Nadu homes and is typically enjoyed with steamed rice.",
    "Spice Level": 7,
    "Cooking Method": "Stovetop",
    "Preparation Time": 40,
    "Contains Allergens": false
  },
  "OutputCols": {
    "Cuisine Type": "South Indian",
    "Meal Type": "Lunch, Dinner",
    "Dietary Preference": "Veg",
    "Protein Rich": false,
    "Pregnancy Safe": true,
    "Diabetic Friendly": true
  }
}