{
  "InputCols": {
    "List of Main Ingredients": "Flour, Eggs, Milk, Butter, Baking Powder, Sugar, Salt, Vanilla Extract",
    "Nutritional Value per Serving": {
      "Calories": 300,
      "Saturated Fat in daily %": 25,
      "Sugar in g": 12,
      "Protein in g": 8,
      "Glycemic Index": 76
    },
    "Region where Dish is Popular": "North America",
    "Description": "Waffles are a classic breakfast or brunch dish made from a batter cooked between two patterned plates in a waffle iron. They are light, fluffy, and crispy on the outside with a soft interior. Waffles are often served with toppings like maple syrup, fruits, whipped cream, or chocolate sauce.",
    "Spice Level": 2,
    "Cooking Method": "Baking",
    "Preparation Time": 30,
    "Contains Allergens": true
  },
  "OutputCols": {
    "Cuisine Type": "American",
    "Meal Type": "Breakfast, Brunch",
    "Dietary Preference": "Non-Veg",
    "Protein Rich": false,
    "Pregnancy Safe": true,
    "Diabetic Friendly": false
  }
}