{
  "InputCols": {
    "List of Main Ingredients": "Apples, celery, grapes, walnuts, mayonnaise",
    "Nutritional Value per Serving": {
      "Calories": 250,
      "Saturated Fat in daily %": 8,
      "Sugar in g": 20,
      "Protein in g": 4,
      "Glycemic Index": 35
    },
    "Region where Dish is Popular": "United States",
    "Description": "Waldorf Salad is a classic American salad featuring a refreshing blend of crisp apples, crunchy celery, sweet grapes, and toasted walnuts, all dressed in a creamy mayonnaise-based dressing. It strikes the perfect balance between sweet and savory flavors, making it a popular choice for light and healthy meals.",
    "Spice Level": 2,
    "Cooking Method": "Mixing",
    "Preparation Time": 15,
    "Contains Allergens": false
  },
  "OutputCols": {
    "Cuisine Type": "American",
    "Meal Type": "Lunch, Dinner, Side Dish",
    "Dietary Preference": "Veg",
    "Protein Rich": false,
    "Pregnancy Safe": true,
    "Diabetic Friendly": false
  }
}