{
  "InputCols": {
    "List of Main Ingredients": "Walnuts, Chocolate, Butter, Eggs, Flour, Sugar, Vanilla extract",
    "Nutritional Value per Serving": {
      "Calories": 350,
      "Saturated Fat in daily %": 30,
      "Sugar in g": 20,
      "Protein in g": 5,
      "Glycemic Index": 45
    },
    "Region where Dish is Popular": "Global",
    "Description": "Walnut Brownie is a classic dessert that combines the richness of chocolate with the crunch of walnuts. It is decadent, fudgy, and perfect for chocolate lovers. The brownie is baked to perfection, creating a soft interior with a slightly crispy top.",
    "Spice Level": 1,
    "Cooking Method": "Baking",
    "Preparation Time": 50,
    "Contains Allergens": true
  },
  "OutputCols": {
    "Cuisine Type": "Dessert",
    "Meal Type": "Snack",
    "Dietary Preference": "Non-Veg",
    "Protein Rich": false,
    "Pregnancy Safe": false,
    "Diabetic Friendly": false
  }
}