{
  "InputCols": {
    "List of Main Ingredients": "Walnuts, Chocolate, Butter, Sugar, Flour, Eggs, Vanilla extract",
    "Nutritional Value per Serving": {
      "Calories": 250,
      "Saturated Fat in daily %": 30,
      "Sugar in g": 20,
      "Protein in g": 4,
      "Glycemic Index": 55
    },
    "Region where Dish is Popular": "United States",
    "Description": "Walnut Brownie is a classic American dessert that features a rich, fudgy brownie base with a generous amount of crunchy walnuts. It is a decadent treat perfect for chocolate lovers, offering a perfect balance between the sweetness of chocolate and the nuttiness of walnuts. This dessert is often served warm with a scoop of vanilla ice cream.",
    "Spice Level": 1,
    "Cooking Method": "Baking",
    "Preparation Time": 45,
    "Contains Allergens": true
  },
  "OutputCols": {
    "Cuisine Type": "American",
    "Meal Type": "Dessert",
    "Dietary Preference": "Non-Veg",
    "Protein Rich": false,
    "Pregnancy Safe": false,
    "Diabetic Friendly": false
  }
}