{
  "InputCols": {
    "List of Main Ingredients": "Watermelon, Coconut Milk, Curry Paste, Vegetables, Spices",
    "Nutritional Value per Serving": {
      "Calories": 250,
      "Saturated Fat in daily %": 8,
      "Sugar in g": 15,
      "Protein in g": 5,
      "Glycemic Index": 40
    },
    "Region where Dish is Popular": "South Asia",
    "Description": "Watermelon curry is a unique and refreshing dish that combines the sweetness of watermelon with the creaminess of coconut milk and the bold flavors of curry paste and spices. It offers a perfect balance of sweet and savory notes, ideal for hot summer days.",
    "Spice Level": 4,
    "Cooking Method": "Simmering",
    "Preparation Time": 30,
    "Contains Allergens": false
  },
  "OutputCols": {
    "Cuisine Type": "South Asian",
    "Meal Type": "Lunch, Dinner",
    "Dietary Preference": "Vegan",
    "Protein Rich": false,
    "Pregnancy Safe": true,
    "Diabetic Friendly": false
  }
}