{
  "InputCols": {
    "List of Main Ingredients": "Whole wheat flour, water, salt",
    "Nutritional Value per Serving": {
      "Calories": 180,
      "Saturated Fat in daily %": 5,
      "Sugar in g": 2,
      "Protein in g": 5,
      "Glycemic Index": 45
    },
    "Region where Dish is Popular": "South India",
    "Description": "Wheat parotta is a layered flatbread made with whole wheat flour. It is a popular dish in South India, especially in Tamil Nadu and Kerala. The dough is stretched and folded multiple times to create flaky layers when cooked on a griddle. It is typically served with spicy curries or chutneys.",
    "Spice Level": 6,
    "Cooking Method": "Griddling",
    "Preparation Time": 30,
    "Contains Allergens": false
  },
  "OutputCols": {
    "Cuisine Type": "Indian",
    "Meal Type": "Breakfast, Lunch, Dinner",
    "Dietary Preference": "Veg",
    "Protein Rich": false,
    "Pregnancy Safe": true,
    "Diabetic Friendly": true
  }
}