{
  "InputCols": {
    "List of Main Ingredients": "Pasta, White Sauce, Butter, Milk, Cheese",
    "Nutritional Value per Serving": {
      "Calories": 450,
      "Saturated Fat in daily %": 40,
      "Sugar in g": 8,
      "Protein in g": 12,
      "Glycemic Index": 50
    },
    "Region where Dish is Popular": "Italy",
    "Description": "White sauce pasta is a creamy and indulgent dish with cooked pasta smothered in a rich, velvety white sauce made from butter, milk, and cheese. It is a popular Italian dish loved for its comforting flavors and silky texture.",
    "Spice Level": 2,
    "Cooking Method": "Boiling, Simmering",
    "Preparation Time": 30,
    "Contains Allergens": true
  },
  "OutputCols": {
    "Cuisine Type": "Italian",
    "Meal Type": "Lunch, Dinner",
    "Dietary Preference": "Non-Veg",
    "Protein Rich": true,
    "Pregnancy Safe": false,
    "Diabetic Friendly": false
  }
}