{
  "InputCols": {
    "List of Main Ingredients": "Thin dough, ground pork, shrimp, mushrooms, green onions, ginger, soy sauce",
    "Nutritional Value per Serving": {
      "Calories": 180,
      "Saturated Fat in daily %": 8,
      "Sugar in g": 2,
      "Protein in g": 12,
      "Glycemic Index": 30
    },
    "Region where Dish is Popular": "China",
    "Description": "Wonton soup is a traditional Chinese soup consisting of wontons (dumplings) filled with a mixture of ground pork and shrimp, served in a clear broth with mushrooms, green onions, and a hint of ginger. It is a light and flavorful dish often enjoyed as an appetizer.",
    "Spice Level": 3,
    "Cooking Method": "Boiling",
    "Preparation Time": 45,
    "Contains Allergens": true
  },
  "OutputCols": {
    "Cuisine Type": "Chinese",
    "Meal Type": "Appetizer, Main Course",
    "Dietary Preference": "Non-Veg",
    "Protein Rich": true,
    "Pregnancy Safe": true,
    "Diabetic Friendly": false
  }
}