{
  "InputCols": {
    "List of Main Ingredients": "Chicken, Coconut, Coriander Seeds, Cumin Seeds, Poppy Seeds, Fennel Seeds, Turmeric, Chilies",
    "Nutritional Value per Serving": {
      "Calories": 350,
      "Saturated Fat in daily %": 20,
      "Sugar in g": 4,
      "Protein in g": 25,
      "Glycemic Index": 45
    },
    "Region where Dish is Popular": "Goa, India",
    "Description": "Xacuti is a traditional Goan dish with a rich coconut-based curry sauce infused with aromatic spices like coriander, cumin, and fennel. It is typically made with chicken and has a unique blend of flavors that is both spicy and savory.",
    "Spice Level": 8,
    "Cooking Method": "Slow cooking in a pan",
    "Preparation Time": 60,
    "Contains Allergens": true
  },
  "OutputCols": {
    "Cuisine Type": "Indian",
    "Meal Type": "Lunch, Dinner",
    "Dietary Preference": "Non-Veg",
    "Protein Rich": true,
    "Pregnancy Safe": false,
    "Diabetic Friendly": false
  }
}