{
  "InputCols": {
    "List of Main Ingredients": "Chicken, Potatoes, Coconut, Cashew Nuts, Poppy Seeds, Cloves",
    "Nutritional Value per Serving": {
      "Calories": 350,
      "Saturated Fat in daily %": 15,
      "Sugar in g": 5,
      "Protein in g": 25,
      "Glycemic Index": 45
    },
    "Region where Dish is Popular": "Goa, India",
    "Description": "Xacuti Masala is a flavorful Goan dish made with a blend of roasted spices, coconut, and chicken or lamb. It has a rich and aromatic curry with a hint of sweetness from coconut and a creamy texture from cashew nuts. The dish is mildly spiced and pairs well with rice or bread.",
    "Spice Level": 4,
    "Cooking Method": "Slow cooking with roasting and grinding of spices",
    "Preparation Time": 60,
    "Contains Allergens": true
  },
  "OutputCols": {
    "Cuisine Type": "Indian",
    "Meal Type": "Lunch, Dinner",
    "Dietary Preference": "Non-Veg",
    "Protein Rich": true,
    "Pregnancy Safe": false,
    "Diabetic Friendly": false
  }
}