{
  "InputCols": {
    "List of Main Ingredients": "Pork, Gelatinized Pork Broth, Ginger, Green Onions, Soy Sauce",
    "Nutritional Value per Serving": {
      "Calories": 80,
      "Saturated Fat in daily %": 10,
      "Sugar in g": 1,
      "Protein in g": 6,
      "Glycemic Index": 50
    },
    "Region where Dish is Popular": "Shanghai, China",
    "Description": "Xiao Long Bao is a traditional Chinese steamed dumpling filled with savory pork and a flavorful broth. These delicate dumplings are known for their juicy fillings and thin, delicate skin. They are typically served with a dipping sauce made of soy sauce and vinegar.",
    "Spice Level": 2,
    "Cooking Method": "Steamed",
    "Preparation Time": 60,
    "Contains Allergens": false
  },
  "OutputCols": {
    "Cuisine Type": "Chinese",
    "Meal Type": "Lunch, Dinner",
    "Dietary Preference": "Non-Veg",
    "Protein Rich": true,
    "Pregnancy Safe": true,
    "Diabetic Friendly": false
  }
}