{
  "InputCols": {
    "List of Main Ingredients": "Flour, Butter, Sugar, Eggs, Vanilla extract, Baking powder",
    "Nutritional Value per Serving": {
      "Calories": 120,
      "Saturated Fat in daily %": 15,
      "Sugar in g": 8,
      "Protein in g": 2,
      "Glycemic Index": 50
    },
    "Region where Dish is Popular": "Global",
    "Description": "Xmas Cookies are festive treats enjoyed worldwide during the holiday season. These sweet and buttery cookies often come in various shapes and decorated with colorful sprinkles or icing, adding a touch of joy to festive gatherings and celebrations.",
    "Spice Level": 2,
    "Cooking Method": "Baking",
    "Preparation Time": 45,
    "Contains Allergens": true
  },
  "OutputCols": {
    "Cuisine Type": "Dessert",
    "Meal Type": "Snack, Dessert",
    "Dietary Preference": "Vegetarian",
    "Protein Rich": false,
    "Pregnancy Safe": true,
    "Diabetic Friendly": false
  }
}