{
  "InputCols": {
    "List of Main Ingredients": "Rice, Chicken, Yogurt, Onion, Ghee, Spices",
    "Nutritional Value per Serving": {
      "Calories": 450,
      "Saturated Fat in daily %": 15,
      "Sugar in g": 5,
      "Protein in g": 20,
      "Glycemic Index": 50
    },
    "Region where Dish is Popular": "South Asia",
    "Description": "Yakhni Pulao is a fragrant and flavorful rice dish cooked in a yogurt-based broth with tender pieces of chicken, caramelized onions, and aromatic spices. It is a popular comfort food in South Asia known for its rich taste and tender meat.",
    "Spice Level": 6,
    "Cooking Method": "Boiling and Dum Cooking",
    "Preparation Time": 60,
    "Contains Allergens": true
  },
  "OutputCols": {
    "Cuisine Type": "South Asian",
    "Meal Type": "Lunch, Dinner",
    "Dietary Preference": "Non-Veg",
    "Protein Rich": true,
    "Pregnancy Safe": false,
    "Diabetic Friendly": false
  }
}