{
  "InputCols": {
    "List of Main Ingredients": "Skewered chicken (thigh or breast), green onions",
    "Nutritional Value per Serving": {
      "Calories": 215,
      "Saturated Fat in daily %": 8,
      "Sugar in g": 4,
      "Protein in g": 25,
      "Glycemic Index": 0
    },
    "Region where Dish is Popular": "Japan",
    "Description": "Yakitori is a popular Japanese grilled chicken dish made with skewered bite-sized pieces of chicken, typically seasoned with soy sauce or salt. It is cooked over a charcoal fire, imparting a delicious smoky flavor to the tender meat. Yakitori is often enjoyed as a tasty street food or served in izakayas (Japanese pubs) as a snack to accompany drinks.",
    "Spice Level": 3,
    "Cooking Method": "Grilling",
    "Preparation Time": 25,
    "Contains Allergens": false
  },
  "OutputCols": {
    "Cuisine Type": "Japanese",
    "Meal Type": "Appetizer, Main Course",
    "Dietary Preference": "Non-Veg",
    "Protein Rich": true,
    "Pregnancy Safe": true,
    "Diabetic Friendly": false
  }
}