{
  "InputCols": {
    "List of Main Ingredients": "Yellow lentils, tomatoes, onions, garlic, cumin seeds, turmeric, green chili, ghee",
    "Nutritional Value per Serving": {
      "Calories": 180,
      "Saturated Fat in daily %": 3,
      "Sugar in g": 3,
      "Protein in g": 9,
      "Glycemic Index": 20
    },
    "Region where Dish is Popular": "India",
    "Description": "Yellow Dal Tadka is a popular Indian dish made with yellow lentils tempered with aromatic spices like cumin and turmeric, finished with a sizzling tadka of ghee and garlic. It is a comforting and flavorful lentil dish commonly served with rice or roti.",
    "Spice Level": 5,
    "Cooking Method": "Pressure cooking and tempering",
    "Preparation Time": 40,
    "Contains Allergens": false
  },
  "OutputCols": {
    "Cuisine Type": "Indian",
    "Meal Type": "Lunch, Dinner",
    "Dietary Preference": "Veg",
    "Protein Rich": true,
    "Pregnancy Safe": true,
    "Diabetic Friendly": true
  }
}