{
  "InputCols": {
    "List of Main Ingredients": "Yogurt, Granola, Mixed Berries, Honey",
    "Nutritional Value per Serving": {
      "Calories": 250,
      "Saturated Fat in daily %": 8,
      "Sugar in g": 20,
      "Protein in g": 8,
      "Glycemic Index": 45
    },
    "Region where Dish is Popular": "United States",
    "Description": "Yogurt Parfait is a healthy and delicious breakfast or snack option consisting of layers of creamy yogurt, crunchy granola, fresh mixed berries, and a drizzle of honey. It provides a balance of sweetness, tartness, and crunch, making it a popular choice for health-conscious individuals.",
    "Spice Level": 1,
    "Cooking Method": "Assembly",
    "Preparation Time": 10,
    "Contains Allergens": false
  },
  "OutputCols": {
    "Cuisine Type": "American",
    "Meal Type": "Breakfast, Snack",
    "Dietary Preference": "Vegetarian",
    "Protein Rich": true,
    "Pregnancy Safe": true,
    "Diabetic Friendly": true
  }
}