{
  "InputCols": {
    "List of Main Ingredients": "Yogurt, Rice, Curry Leaves, Mustard Seeds, Green Chilies, Ginger",
    "Nutritional Value per Serving": {
      "Calories": 250,
      "Saturated Fat in daily %": 8,
      "Sugar in g": 5,
      "Protein in g": 8,
      "Glycemic Index": 50
    },
    "Region where Dish is Popular": "South India",
    "Description": "Yogurt rice, also known as 'Curd Rice' in South India, is a traditional dish made by mixing cooked rice with spiced yogurt. It is a comforting and cooling dish often served as a side or main course.",
    "Spice Level": 3,
    "Cooking Method": "Mixing and Tadka (tempering)",
    "Preparation Time": 20,
    "Contains Allergens": false
  },
  "OutputCols": {
    "Cuisine Type": "South Indian",
    "Meal Type": "Main Course, Side Dish",
    "Dietary Preference": "Vegetarian",
    "Protein Rich": true,
    "Pregnancy Safe": true,
    "Diabetic Friendly": true
  }
}