{
  "InputCols": {
    "List of Main Ingredients": "Lamb, yogurt, tomato, onion, garlic, spices",
    "Nutritional Value per Serving": {
      "Calories": 380,
      "Saturated Fat in daily %": 35,
      "Sugar in g": 9,
      "Protein in g": 28,
      "Glycemic Index": 20
    },
    "Region where Dish is Popular": "Turkey",
    "Description": "Yo\u011furtlu Kebab is a traditional Turkish dish featuring tender lamb cooked with aromatic spices, served over a bed of creamy yogurt mixed with garlic. It is garnished with tomatoes and onions, creating a harmonious blend of flavors that is both savory and slightly tangy.",
    "Spice Level": 5,
    "Cooking Method": "Grilling",
    "Preparation Time": 60,
    "Contains Allergens": false
  },
  "OutputCols": {
    "Cuisine Type": "Turkish",
    "Meal Type": "Lunch, Dinner",
    "Dietary Preference": "Non-Veg",
    "Protein Rich": true,
    "Pregnancy Safe": false,
    "Diabetic Friendly": false
  }
}