{
  "InputCols": {
    "List of Main Ingredients": "Egg yolks, sugar, Marsala wine",
    "Nutritional Value per Serving": {
      "Calories": 250,
      "Saturated Fat in daily %": 40,
      "Sugar in g": 20,
      "Protein in g": 5,
      "Glycemic Index": 45
    },
    "Region where Dish is Popular": "Italy",
    "Description": "Zabaglione is a traditional Italian dessert made by whisking together egg yolks, sugar, and Marsala wine over gentle heat. The result is a velvety, smooth custard-like dessert with a hint of sweet wine flavor.",
    "Spice Level": 1,
    "Cooking Method": "Whisking over gentle heat",
    "Preparation Time": 20,
    "Contains Allergens": true
  },
  "OutputCols": {
    "Cuisine Type": "Italian",
    "Meal Type": "Dessert",
    "Dietary Preference": "Non-Veg",
    "Protein Rich": false,
    "Pregnancy Safe": false,
    "Diabetic Friendly": false
  }
}