{
  "InputCols": {
    "List of Main Ingredients": "Basmati rice, Saffron, Cashews, Raisins, Ghee, Onions, Cardamom, Cinnamon, Cloves",
    "Nutritional Value per Serving": {
      "Calories": 350,
      "Saturated Fat in daily %": 12,
      "Sugar in g": 8,
      "Protein in g": 6,
      "Glycemic Index": 50
    },
    "Region where Dish is Popular": "South Asia",
    "Description": "Zafrani Pulao is a fragrant and elegant rice dish originating from South Asia. It is made using premium quality Basmati rice cooked with saffron, nuts, and aromatic spices. The dish is known for its rich golden color, subtle sweetness from raisins, and nutty crunch from cashews. It is a popular choice for special occasions and celebrations.",
    "Spice Level": 3,
    "Cooking Method": "Stovetop cooking",
    "Preparation Time": 45,
    "Contains Allergens": true
  },
  "OutputCols": {
    "Cuisine Type": "South Asian",
    "Meal Type": "Main Course, Festive Dish",
    "Dietary Preference": "Vegetarian",
    "Protein Rich": false,
    "Pregnancy Safe": true,
    "Diabetic Friendly": false
  }
}