{
  "InputCols": {
    "List of Main Ingredients": "Basmati rice, sugar, ghee, saffron, cardamom, almonds, raisins",
    "Nutritional Value per Serving": {
      "Calories": 350,
      "Saturated Fat in daily %": 20,
      "Sugar in g": 25,
      "Protein in g": 5,
      "Glycemic Index": 45
    },
    "Region where Dish is Popular": "South Asia",
    "Description": "Zarda Pulao is a sweet and aromatic rice dish popular in South Asian cuisine. It is made with basmati rice cooked with sugar, ghee, saffron, and flavored with cardamom. The dish is garnished with almonds and raisins, giving it a rich and fragrant taste.",
    "Spice Level": 2,
    "Cooking Method": "Boiling, Steaming",
    "Preparation Time": 45,
    "Contains Allergens": true
  },
  "OutputCols": {
    "Cuisine Type": "South Asian",
    "Meal Type": "Dessert",
    "Dietary Preference": "Non-Veg",
    "Protein Rich": false,
    "Pregnancy Safe": true,
    "Diabetic Friendly": false
  }
}