{
  "InputCols": {
    "List of Main Ingredients": "Basmati rice, sugar, ghee, nuts, raisins, saffron, cardamom, food color",
    "Nutritional Value per Serving": {
      "Calories": 350,
      "Saturated Fat in daily %": 12,
      "Sugar in g": 20,
      "Protein in g": 5,
      "Glycemic Index": 45
    },
    "Region where Dish is Popular": "South Asia",
    "Description": "Zarda Rice is a traditional South Asian sweet rice dish made with basmati rice, sugar, ghee, and flavored with nuts, raisins, saffron, and cardamom. It is usually served on special occasions and festivals.",
    "Spice Level": 2,
    "Cooking Method": "Boiling, frying",
    "Preparation Time": 60,
    "Contains Allergens": true
  },
  "OutputCols": {
    "Cuisine Type": "South Asian",
    "Meal Type": "Dessert",
    "Dietary Preference": "Non-Veg",
    "Protein Rich": false,
    "Pregnancy Safe": true,
    "Diabetic Friendly": false
  }
}