{
  "InputCols": {
    "List of Main Ingredients": "Ground pork, fermented soybean paste, noodles, cucumber, soy sauce, sugar, garlic, ginger",
    "Nutritional Value per Serving": {
      "Calories": 450,
      "Saturated Fat in daily %": 20,
      "Sugar in g": 8,
      "Protein in g": 18,
      "Glycemic Index": 45
    },
    "Region where Dish is Popular": "China",
    "Description": "Zha Jiang Mian is a popular Chinese dish consisting of thick wheat noodles topped with a savory sauce made from ground pork, fermented soybean paste, and various seasonings. It is often garnished with fresh cucumber for added crunch and freshness. The sauce has a rich umami flavor with hints of garlic and ginger, creating a comforting and satisfying meal.",
    "Spice Level": 3,
    "Cooking Method": "Stir-frying",
    "Preparation Time": 30,
    "Contains Allergens": true
  },
  "OutputCols": {
    "Cuisine Type": "Chinese",
    "Meal Type": "Lunch, Dinner",
    "Dietary Preference": "Non-Veg",
    "Protein Rich": true,
    "Pregnancy Safe": false,
    "Diabetic Friendly": false
  }
}