{
  "InputCols": {
    "List of Main Ingredients": "Zucchini, Olive Oil, Garlic, Cherry Tomatoes, Parmesan Cheese, Salt, Pepper",
    "Nutritional Value per Serving": {
      "Calories": 150,
      "Saturated Fat in daily %": 5,
      "Sugar in g": 5,
      "Protein in g": 4,
      "Glycemic Index": 15
    },
    "Region where Dish is Popular": "International",
    "Description": "Zucchini Noodles, also known as zoodles, are a healthy and low-carb alternative to traditional pasta. This refreshing dish is made by spiralizing zucchini into noodle-like strands, saut\u00e9ing them with garlic and cherry tomatoes in olive oil, and topping with Parmesan cheese. Seasoned with salt and pepper, this dish is light, flavorful, and perfect for those looking to enjoy a nutrient-rich meal.",
    "Spice Level": 2,
    "Cooking Method": "Saut\u00e9ing",
    "Preparation Time": 20,
    "Contains Allergens": false
  },
  "OutputCols": {
    "Cuisine Type": "Modern",
    "Meal Type": "Lunch, Dinner",
    "Dietary Preference": "Veg",
    "Protein Rich": false,
    "Pregnancy Safe": true,
    "Diabetic Friendly": true
  }
}