{
  "InputCols": {
    "List of Main Ingredients": "Besan (Gram flour), Oil, Mustard Seeds, Cumin Seeds, Curry Leaves, Green Chilies, Turmeric Powder, Asafoetida, Salt, Coriander Leaves",
    "Nutritional Value per Serving": {
      "Calories": 250,
      "Saturated Fat in daily %": 8,
      "Sugar in g": 2,
      "Protein in g": 9,
      "Glycemic Index": 30
    },
    "Region where Dish is Popular": "Maharashtra, India",
    "Description": "Zunka Bhakri is a traditional Maharashtrian dish made from gram flour and spices, usually served with Bhakri (flatbread). It has a flavorful and spicy taste with a soft texture. This dish is popular in rural Maharashtra and is often enjoyed as a simple and hearty meal.",
    "Spice Level": 7,
    "Cooking Method": "Stir-frying",
    "Preparation Time": 30,
    "Contains Allergens": false
  },
  "OutputCols": {
    "Cuisine Type": "Maharashtrian",
    "Meal Type": "Lunch, Dinner",
    "Dietary Preference": "Veg",
    "Protein Rich": true,
    "Pregnancy Safe": true,
    "Diabetic Friendly": true
  }
}